"indicateur","branche","sexe","Unit","Date","Value"
"Répartition des travailleurs par branches d'activités selon le sexe","Agriculture, chasse, sylviculture","Homme","%","2003","82.6"
"Répartition des travailleurs par branches d'activités selon le sexe","Agriculture, chasse, sylviculture","Homme","%","2005","82.199333190918"
"Répartition des travailleurs par branches d'activités selon le sexe","Agriculture, chasse, sylviculture","Homme","%","2007","68"
"Répartition des travailleurs par branches d'activités selon le sexe","Agriculture, chasse, sylviculture","Homme","%","2010","78.1872096613156"
"Répartition des travailleurs par branches d'activités selon le sexe","Agriculture, chasse, sylviculture","Femme","%","2003","87.3"
"Répartition des travailleurs par branches d'activités selon le sexe","Agriculture, chasse, sylviculture","Femme","%","2005","87.147102355957"
"Répartition des travailleurs par branches d'activités selon le sexe","Agriculture, chasse, sylviculture","Femme","%","2007","67.3"
"Répartition des travailleurs par branches d'activités selon le sexe","Agriculture, chasse, sylviculture","Femme","%","2010","83.4186472090702"
"Répartition des travailleurs par branches d'activités selon le sexe","Agriculture, chasse, sylviculture","Ensemble","%","2003","84.9"
"Répartition des travailleurs par branches d'activités selon le sexe","Agriculture, chasse, sylviculture","Ensemble","%","2005","84.6927261352539"
"Répartition des travailleurs par branches d'activités selon le sexe","Agriculture, chasse, sylviculture","Ensemble","%","2007","67.4"
"Répartition des travailleurs par branches d'activités selon le sexe","Agriculture, chasse, sylviculture","Ensemble","%","2010","80.9306828868412"
"Répartition des travailleurs par branches d'activités selon le sexe","Pêche, pisciculture, aquaculture","Homme","%","2003","0.1"
"Répartition des travailleurs par branches d'activités selon le sexe","Pêche, pisciculture, aquaculture","Homme","%","2005","0.142914190888405"
"Répartition des travailleurs par branches d'activités selon le sexe","Pêche, pisciculture, aquaculture","Homme","%","2007","0.2"
"Répartition des travailleurs par branches d'activités selon le sexe","Pêche, pisciculture, aquaculture","Homme","%","2010","0.18446622955558"
"Répartition des travailleurs par branches d'activités selon le sexe","Pêche, pisciculture, aquaculture","Femme","%","2003","0"
"Répartition des travailleurs par branches d'activités selon le sexe","Pêche, pisciculture, aquaculture","Femme","%","2005","0.101368680596352"
"Répartition des travailleurs par branches d'activités selon le sexe","Pêche, pisciculture, aquaculture","Femme","%","2007","0"
"Répartition des travailleurs par branches d'activités selon le sexe","Pêche, pisciculture, aquaculture","Femme","%","2010","0.0718158148440989"
"Répartition des travailleurs par branches d'activités selon le sexe","Pêche, pisciculture, aquaculture","Ensemble","%","2003","0"
"Répartition des travailleurs par branches d'activités selon le sexe","Pêche, pisciculture, aquaculture","Ensemble","%","2005","0.121977902948856"
"Répartition des travailleurs par branches d'activités selon le sexe","Pêche, pisciculture, aquaculture","Ensemble","%","2007","0"
"Répartition des travailleurs par branches d'activités selon le sexe","Pêche, pisciculture, aquaculture","Ensemble","%","2010","0.125390039926221"
"Répartition des travailleurs par branches d'activités selon le sexe","Activités extractives","Homme","%","2003","0.6"
"Répartition des travailleurs par branches d'activités selon le sexe","Activités extractives","Homme","%","2005","0.329576343297958"
"Répartition des travailleurs par branches d'activités selon le sexe","Activités extractives","Homme","%","2007","3.1"
"Répartition des travailleurs par branches d'activités selon le sexe","Activités extractives","Homme","%","2010","0.604098788229943"
"Répartition des travailleurs par branches d'activités selon le sexe","Activités extractives","Femme","%","2003","0.4"
"Répartition des travailleurs par branches d'activités selon le sexe","Activités extractives","Femme","%","2005","0.175730273127556"
"Répartition des travailleurs par branches d'activités selon le sexe","Activités extractives","Femme","%","2007","2.4"
"Répartition des travailleurs par branches d'activités selon le sexe","Activités extractives","Femme","%","2010","0.20481052925097"
"Répartition des travailleurs par branches d'activités selon le sexe","Activités extractives","Ensemble","%","2003","0.5"
"Répartition des travailleurs par branches d'activités selon le sexe","Activités extractives","Ensemble","%","2005","0.252048045396805"
"Répartition des travailleurs par branches d'activités selon le sexe","Activités extractives","Ensemble","%","2007","4.8"
"Répartition des travailleurs par branches d'activités selon le sexe","Activités extractives","Ensemble","%","2010","0.394703829812499"
"Répartition des travailleurs par branches d'activités selon le sexe","Activités de fabrication","Homme","%","2003","2.3"
"Répartition des travailleurs par branches d'activités selon le sexe","Activités de fabrication","Homme","%","2005","2.10891509056091"
"Répartition des travailleurs par branches d'activités selon le sexe","Activités de fabrication","Homme","%","2007","3.3"
"Répartition des travailleurs par branches d'activités selon le sexe","Activités de fabrication","Homme","%","2010","3.45046946049985"
"Répartition des travailleurs par branches d'activités selon le sexe","Activités de fabrication","Femme","%","2003","1.6"
"Répartition des travailleurs par branches d'activités selon le sexe","Activités de fabrication","Femme","%","2005","1.80119013786316"
"Répartition des travailleurs par branches d'activités selon le sexe","Activités de fabrication","Femme","%","2007","3.5"
"Répartition des travailleurs par branches d'activités selon le sexe","Activités de fabrication","Femme","%","2010","3.54469446821159"
"Répartition des travailleurs par branches d'activités selon le sexe","Activités de fabrication","Ensemble","%","2003","2"
"Répartition des travailleurs par branches d'activités selon le sexe","Activités de fabrication","Ensemble","%","2005","1.95383858680725"
"Répartition des travailleurs par branches d'activités selon le sexe","Activités de fabrication","Ensemble","%","2007","3.2"
"Répartition des travailleurs par branches d'activités selon le sexe","Activités de fabrication","Ensemble","%","2010","3.49988298851627"
"Répartition des travailleurs par branches d'activités selon le sexe","Production, distribution électricité, eau, gaz","Homme","%","2003","0.5"
"Répartition des travailleurs par branches d'activités selon le sexe","Production, distribution électricité, eau, gaz","Homme","%","2007","0.4"
"Répartition des travailleurs par branches d'activités selon le sexe","Production, distribution électricité, eau, gaz","Homme","%","2010","0.21329182031629"
"Répartition des travailleurs par branches d'activités selon le sexe","Production, distribution électricité, eau, gaz","Femme","%","2003","0.1"
"Répartition des travailleurs par branches d'activités selon le sexe","Production, distribution électricité, eau, gaz","Femme","%","2005","0.0477054230868816"
"Répartition des travailleurs par branches d'activités selon le sexe","Production, distribution électricité, eau, gaz","Femme","%","2007","0.1"
"Répartition des travailleurs par branches d'activités selon le sexe","Production, distribution électricité, eau, gaz","Femme","%","2010","0.0663057201082581"
"Répartition des travailleurs par branches d'activités selon le sexe","Production, distribution électricité, eau, gaz","Ensemble","%","2003","0.3"
"Répartition des travailleurs par branches d'activités selon le sexe","Production, distribution électricité, eau, gaz","Ensemble","%","2005","0.166697144508362"
"Répartition des travailleurs par branches d'activités selon le sexe","Production, distribution électricité, eau, gaz","Ensemble","%","2007","0.2"
"Répartition des travailleurs par branches d'activités selon le sexe","Production, distribution électricité, eau, gaz","Ensemble","%","2010","0.136209292471103"
"Répartition des travailleurs par branches d'activités selon le sexe","Construction","Homme","%","2003","1.3"
"Répartition des travailleurs par branches d'activités selon le sexe","Construction","Homme","%","2005","1.2169086933136"
"Répartition des travailleurs par branches d'activités selon le sexe","Construction","Homme","%","2007","2.9"
"Répartition des travailleurs par branches d'activités selon le sexe","Construction","Homme","%","2010","1.75725789493326"
"Répartition des travailleurs par branches d'activités selon le sexe","Construction","Femme","%","2003","0.1"
"Répartition des travailleurs par branches d'activités selon le sexe","Construction","Femme","%","2005","0.087367556989193"
"Répartition des travailleurs par branches d'activités selon le sexe","Construction","Femme","%","2007","0.2"
"Répartition des travailleurs par branches d'activités selon le sexe","Construction","Femme","%","2010","0.0767962124009196"
"Répartition des travailleurs par branches d'activités selon le sexe","Construction","Ensemble","%","2003","0.7"
"Répartition des travailleurs par branches d'activités selon le sexe","Construction","Ensemble","%","2005","0.647696852684021"
"Répartition des travailleurs par branches d'activités selon le sexe","Construction","Ensemble","%","2007","1.9"
"Répartition des travailleurs par branches d'activités selon le sexe","Construction","Ensemble","%","2010","0.875989297064226"
"Répartition des travailleurs par branches d'activités selon le sexe","Commerce, réparations, activités domestiques","Homme","%","2003","6.3"
"Répartition des travailleurs par branches d'activités selon le sexe","Commerce, réparations, activités domestiques","Homme","%","2005","6.77292442321777"
"Répartition des travailleurs par branches d'activités selon le sexe","Commerce, réparations, activités domestiques","Homme","%","2007","11"
"Répartition des travailleurs par branches d'activités selon le sexe","Commerce, réparations, activités domestiques","Homme","%","2010","7.59989158762701"
"Répartition des travailleurs par branches d'activités selon le sexe","Commerce, réparations, activités domestiques","Femme","%","2003","6.8"
"Répartition des travailleurs par branches d'activités selon le sexe","Commerce, réparations, activités domestiques","Femme","%","2005","6.62816715240479"
"Répartition des travailleurs par branches d'activités selon le sexe","Commerce, réparations, activités domestiques","Femme","%","2007","18.9"
"Répartition des travailleurs par branches d'activités selon le sexe","Commerce, réparations, activités domestiques","Femme","%","2010","7.33393181612936"
"Répartition des travailleurs par branches d'activités selon le sexe","Commerce, réparations, activités domestiques","Ensemble","%","2003","6.5"
"Répartition des travailleurs par branches d'activités selon le sexe","Commerce, réparations, activités domestiques","Ensemble","%","2005","6.69994258880615"
"Répartition des travailleurs par branches d'activités selon le sexe","Commerce, réparations, activités domestiques","Ensemble","%","2007","16.2"
"Répartition des travailleurs par branches d'activités selon le sexe","Commerce, réparations, activités domestiques","Ensemble","%","2010","7.46041682461777"
"Répartition des travailleurs par branches d'activités selon le sexe","Hôtels, restaurants","Homme","%","2003","0.3"
"Répartition des travailleurs par branches d'activités selon le sexe","Hôtels, restaurants","Homme","%","2005","0.186613440513611"
"Répartition des travailleurs par branches d'activités selon le sexe","Hôtels, restaurants","Homme","%","2007","0.4"
"Répartition des travailleurs par branches d'activités selon le sexe","Hôtels, restaurants","Homme","%","2010","0.572697618130116"
"Répartition des travailleurs par branches d'activités selon le sexe","Hôtels, restaurants","Femme","%","2003","0.4"
"Répartition des travailleurs par branches d'activités selon le sexe","Hôtels, restaurants","Femme","%","2005","0.369494289159775"
"Répartition des travailleurs par branches d'activités selon le sexe","Hôtels, restaurants","Femme","%","2007","0.8"
"Répartition des travailleurs par branches d'activités selon le sexe","Hôtels, restaurants","Femme","%","2010","1.15152836694954"
"Répartition des travailleurs par branches d'activités selon le sexe","Hôtels, restaurants","Ensemble","%","2003","0.4"
"Répartition des travailleurs par branches d'activités selon le sexe","Hôtels, restaurants","Ensemble","%","2005","0.278772175312042"
"Répartition des travailleurs par branches d'activités selon le sexe","Hôtels, restaurants","Ensemble","%","2007","0.6"
"Répartition des travailleurs par branches d'activités selon le sexe","Hôtels, restaurants","Ensemble","%","2010","0.8762483433373"
"Répartition des travailleurs par branches d'activités selon le sexe","Transports, activités auxiliaires","Homme","%","2003","1.1"
"Répartition des travailleurs par branches d'activités selon le sexe","Transports, activités auxiliaires","Homme","%","2005","1.07236814498901"
"Répartition des travailleurs par branches d'activités selon le sexe","Transports, activités auxiliaires","Homme","%","2007","1.4"
"Répartition des travailleurs par branches d'activités selon le sexe","Transports, activités auxiliaires","Homme","%","2010","1.30137655768367"
"Répartition des travailleurs par branches d'activités selon le sexe","Transports, activités auxiliaires","Femme","%","2003","0.1"
"Répartition des travailleurs par branches d'activités selon le sexe","Transports, activités auxiliaires","Femme","%","2005","0.135802179574966"
"Répartition des travailleurs par branches d'activités selon le sexe","Transports, activités auxiliaires","Femme","%","2007","0.1"
"Répartition des travailleurs par branches d'activités selon le sexe","Transports, activités auxiliaires","Femme","%","2010","0.137504409924958"
"Répartition des travailleurs par branches d'activités selon le sexe","Transports, activités auxiliaires","Ensemble","%","2003","0.6"
"Répartition des travailleurs par branches d'activités selon le sexe","Transports, activités auxiliaires","Ensemble","%","2005","0.600402414798737"
"Répartition des travailleurs par branches d'activités selon le sexe","Transports, activités auxiliaires","Ensemble","%","2007","0.7"
"Répartition des travailleurs par branches d'activités selon le sexe","Transports, activités auxiliaires","Ensemble","%","2010","0.691018114872579"
"Répartition des travailleurs par branches d'activités selon le sexe","Activités financières","Homme","%","2003","0.3"
"Répartition des travailleurs par branches d'activités selon le sexe","Activités financières","Homme","%","2005","0.418215036392212"
"Répartition des travailleurs par branches d'activités selon le sexe","Activités financières","Homme","%","2007","0.8"
"Répartition des travailleurs par branches d'activités selon le sexe","Activités financières","Homme","%","2010","0.191037804595634"
"Répartition des travailleurs par branches d'activités selon le sexe","Activités financières","Femme","%","2003","0.2"
"Répartition des travailleurs par branches d'activités selon le sexe","Activités financières","Femme","%","2005","0.341857969760895"
"Répartition des travailleurs par branches d'activités selon le sexe","Activités financières","Femme","%","2007","0.5"
"Répartition des travailleurs par branches d'activités selon le sexe","Activités financières","Femme","%","2010","0.168141542791863"
"Répartition des travailleurs par branches d'activités selon le sexe","Activités financières","Ensemble","%","2003","0.2"
"Répartition des travailleurs par branches d'activités selon le sexe","Activités financières","Ensemble","%","2005","0.379735618829727"
"Répartition des travailleurs par branches d'activités selon le sexe","Activités financières","Ensemble","%","2007","0.6"
"Répartition des travailleurs par branches d'activités selon le sexe","Activités financières","Ensemble","%","2010","0.179030534958968"
"Répartition des travailleurs par branches d'activités selon le sexe","Immobilier, location, services aux entreprises","Homme","%","2003","0.2"
"Répartition des travailleurs par branches d'activités selon le sexe","Immobilier, location, services aux entreprises","Homme","%","2005","0.35148286819458"
"Répartition des travailleurs par branches d'activités selon le sexe","Immobilier, location, services aux entreprises","Homme","%","2007","0.9"
"Répartition des travailleurs par branches d'activités selon le sexe","Immobilier, location, services aux entreprises","Homme","%","2010","0.540359158483483"
"Répartition des travailleurs par branches d'activités selon le sexe","Immobilier, location, services aux entreprises","Femme","%","2003","0.1"
"Répartition des travailleurs par branches d'activités selon le sexe","Immobilier, location, services aux entreprises","Femme","%","2005","0.328317433595657"
"Répartition des travailleurs par branches d'activités selon le sexe","Immobilier, location, services aux entreprises","Femme","%","2007","0.4"
"Répartition des travailleurs par branches d'activités selon le sexe","Immobilier, location, services aux entreprises","Femme","%","2010","0.095826868192182"
"Répartition des travailleurs par branches d'activités selon le sexe","Immobilier, location, services aux entreprises","Ensemble","%","2003","0.2"
"Répartition des travailleurs par branches d'activités selon le sexe","Immobilier, location, services aux entreprises","Ensemble","%","2005","0.339808404445648"
"Répartition des travailleurs par branches d'activités selon le sexe","Immobilier, location, services aux entreprises","Ensemble","%","2007","0.7"
"Répartition des travailleurs par branches d'activités selon le sexe","Immobilier, location, services aux entreprises","Ensemble","%","2010","0.307237301410145"
"Répartition des travailleurs par branches d'activités selon le sexe","Administration publique","Homme","%","2003","1.5"
"Répartition des travailleurs par branches d'activités selon le sexe","Administration publique","Homme","%","2005","2.13644957542419"
"Répartition des travailleurs par branches d'activités selon le sexe","Administration publique","Homme","%","2007","2.9"
"Répartition des travailleurs par branches d'activités selon le sexe","Administration publique","Homme","%","2010","0.964827560123395"
"Répartition des travailleurs par branches d'activités selon le sexe","Administration publique","Femme","%","2003","0.5"
"Répartition des travailleurs par branches d'activités selon le sexe","Administration publique","Femme","%","2005","0.909149706363678"
"Répartition des travailleurs par branches d'activités selon le sexe","Administration publique","Femme","%","2007","1"
"Répartition des travailleurs par branches d'activités selon le sexe","Administration publique","Femme","%","2010","0.312276187805602"
"Répartition des travailleurs par branches d'activités selon le sexe","Administration publique","Ensemble","%","2003","1"
"Répartition des travailleurs par branches d'activités selon le sexe","Administration publique","Ensemble","%","2005","1.51797163486481"
"Répartition des travailleurs par branches d'activités selon le sexe","Administration publique","Ensemble","%","2007","0.9"
"Répartition des travailleurs par branches d'activités selon le sexe","Administration publique","Ensemble","%","2010","0.622616226834664"
"Répartition des travailleurs par branches d'activités selon le sexe","Education","Homme","%","2003","1.3"
"Répartition des travailleurs par branches d'activités selon le sexe","Education","Homme","%","2005","1.13419723510742"
"Répartition des travailleurs par branches d'activités selon le sexe","Education","Homme","%","2007","2.1"
"Répartition des travailleurs par branches d'activités selon le sexe","Education","Homme","%","2010","1.15883529673892"
"Répartition des travailleurs par branches d'activités selon le sexe","Education","Femme","%","2003","0.5"
"Répartition des travailleurs par branches d'activités selon le sexe","Education","Femme","%","2005","0.421811908483505"
"Répartition des travailleurs par branches d'activités selon le sexe","Education","Femme","%","2007","1"
"Répartition des travailleurs par branches d'activités selon le sexe","Education","Femme","%","2010","0.553407096048599"
"Répartition des travailleurs par branches d'activités selon le sexe","Education","Ensemble","%","2003","0.9"
"Répartition des travailleurs par branches d'activités selon le sexe","Education","Ensemble","%","2005","0.775201857089996"
"Répartition des travailleurs par branches d'activités selon le sexe","Education","Ensemble","%","2007","0.7"
"Répartition des travailleurs par branches d'activités selon le sexe","Education","Ensemble","%","2010","0.841336321856782"
"Répartition des travailleurs par branches d'activités selon le sexe","Santé, action sociale","Homme","%","2003","0.5"
"Répartition des travailleurs par branches d'activités selon le sexe","Santé, action sociale","Homme","%","2005","0.642154455184937"
"Répartition des travailleurs par branches d'activités selon le sexe","Santé, action sociale","Homme","%","2007","0.9"
"Répartition des travailleurs par branches d'activités selon le sexe","Santé, action sociale","Homme","%","2010","0.811427337801053"
"Répartition des travailleurs par branches d'activités selon le sexe","Santé, action sociale","Femme","%","2003","0.3"
"Répartition des travailleurs par branches d'activités selon le sexe","Santé, action sociale","Femme","%","2005","0.48600971698761"
"Répartition des travailleurs par branches d'activités selon le sexe","Santé, action sociale","Femme","%","2007","0.6"
"Répartition des travailleurs par branches d'activités selon le sexe","Santé, action sociale","Femme","%","2010","0.519875847162761"
"Répartition des travailleurs par branches d'activités selon le sexe","Santé, action sociale","Ensemble","%","2003","0.4"
"Répartition des travailleurs par branches d'activités selon le sexe","Santé, action sociale","Ensemble","%","2005","0.563467264175415"
"Répartition des travailleurs par branches d'activités selon le sexe","Santé, action sociale","Ensemble","%","2007","0.3"
"Répartition des travailleurs par branches d'activités selon le sexe","Santé, action sociale","Ensemble","%","2010","0.658531752003315"
"Répartition des travailleurs par branches d'activités selon le sexe","Activités à caractère collectif","Homme","%","2003","0.5"
"Répartition des travailleurs par branches d'activités selon le sexe","Activités à caractère collectif","Homme","%","2005","0.577732861042023"
"Répartition des travailleurs par branches d'activités selon le sexe","Activités à caractère collectif","Homme","%","2007","1"
"Répartition des travailleurs par branches d'activités selon le sexe","Activités à caractère collectif","Homme","%","2010","1.9566497198262"
"Répartition des travailleurs par branches d'activités selon le sexe","Activités à caractère collectif","Femme","%","2003","0.2"
"Répartition des travailleurs par branches d'activités selon le sexe","Activités à caractère collectif","Femme","%","2005","0.333759069442749"
"Répartition des travailleurs par branches d'activités selon le sexe","Activités à caractère collectif","Femme","%","2007","0.5"
"Répartition des travailleurs par branches d'activités selon le sexe","Activités à caractère collectif","Femme","%","2010","1.45985256211195"
"Répartition des travailleurs par branches d'activités selon le sexe","Activités à caractère collectif","Ensemble","%","2003","0.4"
"Répartition des travailleurs par branches d'activités selon le sexe","Activités à caractère collectif","Ensemble","%","2005","0.454786032438278"
"Répartition des travailleurs par branches d'activités selon le sexe","Activités à caractère collectif","Ensemble","%","2007","0.6"
"Répartition des travailleurs par branches d'activités selon le sexe","Activités à caractère collectif","Ensemble","%","2010","1.6961190935376"
"Répartition des travailleurs par branches d'activités selon le sexe","Activités des ménages, personnel domestique","Homme","%","2003","0.4"
"Répartition des travailleurs par branches d'activités selon le sexe","Activités des ménages, personnel domestique","Homme","%","2005","0.283065438270569"
"Répartition des travailleurs par branches d'activités selon le sexe","Activités des ménages, personnel domestique","Homme","%","2007","0.7"
"Répartition des travailleurs par branches d'activités selon le sexe","Activités des ménages, personnel domestique","Homme","%","2010","0.47998338376761"
"Répartition des travailleurs par branches d'activités selon le sexe","Activités des ménages, personnel domestique","Femme","%","2003","1.2"
"Répartition des travailleurs par branches d'activités selon le sexe","Activités des ménages, personnel domestique","Femme","%","2005","0.639423429965973"
"Répartition des travailleurs par branches d'activités selon le sexe","Activités des ménages, personnel domestique","Femme","%","2007","2.6"
"Répartition des travailleurs par branches d'activités selon le sexe","Activités des ménages, personnel domestique","Femme","%","2010","0.869462856657443"
"Répartition des travailleurs par branches d'activités selon le sexe","Activités des ménages, personnel domestique","Ensemble","%","2003","0.8"
"Répartition des travailleurs par branches d'activités selon le sexe","Activités des ménages, personnel domestique","Ensemble","%","2005","0.462644189596176"
"Répartition des travailleurs par branches d'activités selon le sexe","Activités des ménages, personnel domestique","Ensemble","%","2007","0.9"
"Répartition des travailleurs par branches d'activités selon le sexe","Activités des ménages, personnel domestique","Ensemble","%","2010","0.684234413434148"
"Répartition des travailleurs par branches d'activités selon le sexe","Activités des organismes extraterritoriaux","Homme","%","2003","0.2"
"Répartition des travailleurs par branches d'activités selon le sexe","Activités des organismes extraterritoriaux","Homme","%","2005","0.139555066823959"
"Répartition des travailleurs par branches d'activités selon le sexe","Activités des organismes extraterritoriaux","Homme","%","2007","0.12"
"Répartition des travailleurs par branches d'activités selon le sexe","Activités des organismes extraterritoriaux","Homme","%","2010","0.0261201203723648"
"Répartition des travailleurs par branches d'activités selon le sexe","Activités des organismes extraterritoriaux","Femme","%","2003","0.2"
"Répartition des travailleurs par branches d'activités selon le sexe","Activités des organismes extraterritoriaux","Femme","%","2005","0.0457524098455906"
"Répartition des travailleurs par branches d'activités selon le sexe","Activités des organismes extraterritoriaux","Femme","%","2007","0.02"
"Répartition des travailleurs par branches d'activités selon le sexe","Activités des organismes extraterritoriaux","Femme","%","2010","0.0151224923397016"
"Répartition des travailleurs par branches d'activités selon le sexe","Activités des organismes extraterritoriaux","Ensemble","%","2003","0.2"
"Répartition des travailleurs par branches d'activités selon le sexe","Activités des organismes extraterritoriaux","Ensemble","%","2005","0.0922848433256149"
"Répartition des travailleurs par branches d'activités selon le sexe","Activités des organismes extraterritoriaux","Ensemble","%","2007","0.1"
"Répartition des travailleurs par branches d'activités selon le sexe","Activités des organismes extraterritoriaux","Ensemble","%","2010","0.0203527385052428"
"Répartition des travailleurs par branches d'activités selon le sexe","Ensemble","Homme","%","2003","100"
"Répartition des travailleurs par branches d'activités selon le sexe","Ensemble","Homme","%","2005","100"
"Répartition des travailleurs par branches d'activités selon le sexe","Ensemble","Homme","%","2007","100"
"Répartition des travailleurs par branches d'activités selon le sexe","Ensemble","Homme","%","2010","100"
"Répartition des travailleurs par branches d'activités selon le sexe","Ensemble","Femme","%","2003","100"
"Répartition des travailleurs par branches d'activités selon le sexe","Ensemble","Femme","%","2005","100"
"Répartition des travailleurs par branches d'activités selon le sexe","Ensemble","Femme","%","2007","100"
"Répartition des travailleurs par branches d'activités selon le sexe","Ensemble","Femme","%","2010","100"
"Répartition des travailleurs par branches d'activités selon le sexe","Ensemble","Ensemble","%","2003","100"
"Répartition des travailleurs par branches d'activités selon le sexe","Ensemble","Ensemble","%","2005","100"
"Répartition des travailleurs par branches d'activités selon le sexe","Ensemble","Ensemble","%","2007","100"
"Répartition des travailleurs par branches d'activités selon le sexe","Ensemble","Ensemble","%","2010","100"
