indicateur,tranche_d_age,sexe,unite,date,valeur,date_source,periode_normalisee,granularite_temporelle,annee,source_fichier,domaine
Evolution de la population par groupes d'âge et par sexe,0 - 4,Homme,Nombre,1960,390372.0,1960,1960,annuelle,1960,Evolution de la population par groupes d'âge et par sexe.csv,demographie
Evolution de la population par groupes d'âge et par sexe,0 - 4,Homme,Nombre,1975,498652.0,1975,1975,annuelle,1975,Evolution de la population par groupes d'âge et par sexe.csv,demographie
Evolution de la population par groupes d'âge et par sexe,0 - 4,Homme,Nombre,1985,733218.0,1985,1985,annuelle,1985,Evolution de la population par groupes d'âge et par sexe.csv,demographie
Evolution de la population par groupes d'âge et par sexe,0 - 4,Homme,Nombre,1991,804626.0,1991,1991,annuelle,1991,Evolution de la population par groupes d'âge et par sexe.csv,demographie
Evolution de la population par groupes d'âge et par sexe,0 - 4,Homme,Nombre,1996,893256.556535848,1996,1996,annuelle,1996,Evolution de la population par groupes d'âge et par sexe.csv,demographie
Evolution de la population par groupes d'âge et par sexe,0 - 4,Homme,Nombre,2006,1230610.0,2006,2006,annuelle,2006,Evolution de la population par groupes d'âge et par sexe.csv,demographie
Evolution de la population par groupes d'âge et par sexe,0 - 4,Homme,Nombre,2019,1666005.0,2019,2019,annuelle,2019,Evolution de la population par groupes d'âge et par sexe.csv,demographie
Evolution de la population par groupes d'âge et par sexe,0 - 4,Femme,Nombre,1960,371845.0,1960,1960,annuelle,1960,Evolution de la population par groupes d'âge et par sexe.csv,demographie
Evolution de la population par groupes d'âge et par sexe,0 - 4,Femme,Nombre,1975,479450.0,1975,1975,annuelle,1975,Evolution de la population par groupes d'âge et par sexe.csv,demographie
Evolution de la population par groupes d'âge et par sexe,0 - 4,Femme,Nombre,1985,730656.0,1985,1985,annuelle,1985,Evolution de la population par groupes d'âge et par sexe.csv,demographie
Evolution de la population par groupes d'âge et par sexe,0 - 4,Femme,Nombre,1991,811848.0,1991,1991,annuelle,1991,Evolution de la population par groupes d'âge et par sexe.csv,demographie
Evolution de la population par groupes d'âge et par sexe,0 - 4,Femme,Nombre,1996,882299.871295401,1996,1996,annuelle,1996,Evolution de la population par groupes d'âge et par sexe.csv,demographie
Evolution de la population par groupes d'âge et par sexe,0 - 4,Femme,Nombre,2006,1206303.0,2006,2006,annuelle,2006,Evolution de la population par groupes d'âge et par sexe.csv,demographie
Evolution de la population par groupes d'âge et par sexe,0 - 4,Femme,Nombre,2019,1653059.0,2019,2019,annuelle,2019,Evolution de la population par groupes d'âge et par sexe.csv,demographie
Evolution de la population par groupes d'âge et par sexe,0 - 4,Ensemble,Nombre,1960,762217.0,1960,1960,annuelle,1960,Evolution de la population par groupes d'âge et par sexe.csv,demographie
Evolution de la population par groupes d'âge et par sexe,0 - 4,Ensemble,Nombre,1975,978102.0,1975,1975,annuelle,1975,Evolution de la population par groupes d'âge et par sexe.csv,demographie
Evolution de la population par groupes d'âge et par sexe,0 - 4,Ensemble,Nombre,1985,1463874.0,1985,1985,annuelle,1985,Evolution de la population par groupes d'âge et par sexe.csv,demographie
Evolution de la population par groupes d'âge et par sexe,0 - 4,Ensemble,Nombre,1991,1616474.0,1991,1991,annuelle,1991,Evolution de la population par groupes d'âge et par sexe.csv,demographie
Evolution de la population par groupes d'âge et par sexe,0 - 4,Ensemble,Nombre,1996,1775556.42783125,1996,1996,annuelle,1996,Evolution de la population par groupes d'âge et par sexe.csv,demographie
Evolution de la population par groupes d'âge et par sexe,0 - 4,Ensemble,Nombre,2006,2436913.0,2006,2006,annuelle,2006,Evolution de la population par groupes d'âge et par sexe.csv,demographie
Evolution de la population par groupes d'âge et par sexe,0 - 4,Ensemble,Nombre,2019,3319064.0,2019,2019,annuelle,2019,Evolution de la population par groupes d'âge et par sexe.csv,demographie
Evolution de la population par groupes d'âge et par sexe,5 - 9,Homme,Nombre,1960,356083.0,1960,1960,annuelle,1960,Evolution de la population par groupes d'âge et par sexe.csv,demographie
Evolution de la population par groupes d'âge et par sexe,5 - 9,Homme,Nombre,1975,486228.0,1975,1975,annuelle,1975,Evolution de la population par groupes d'âge et par sexe.csv,demographie
Evolution de la population par groupes d'âge et par sexe,5 - 9,Homme,Nombre,1985,728896.0,1985,1985,annuelle,1985,Evolution de la population par groupes d'âge et par sexe.csv,demographie
Evolution de la population par groupes d'âge et par sexe,5 - 9,Homme,Nombre,1991,858744.0,1991,1991,annuelle,1991,Evolution de la population par groupes d'âge et par sexe.csv,demographie
Evolution de la population par groupes d'âge et par sexe,5 - 9,Homme,Nombre,1996,916816.476370555,1996,1996,annuelle,1996,Evolution de la population par groupes d'âge et par sexe.csv,demographie
Evolution de la population par groupes d'âge et par sexe,5 - 9,Homme,Nombre,2006,1176473.0,2006,2006,annuelle,2006,Evolution de la population par groupes d'âge et par sexe.csv,demographie
Evolution de la population par groupes d'âge et par sexe,5 - 9,Homme,Nombre,2019,1650177.0,2019,2019,annuelle,2019,Evolution de la population par groupes d'âge et par sexe.csv,demographie
Evolution de la population par groupes d'âge et par sexe,5 - 9,Femme,Nombre,1960,309485.0,1960,1960,annuelle,1960,Evolution de la population par groupes d'âge et par sexe.csv,demographie
Evolution de la population par groupes d'âge et par sexe,5 - 9,Femme,Nombre,1975,445566.0,1975,1975,annuelle,1975,Evolution de la population par groupes d'âge et par sexe.csv,demographie
Evolution de la population par groupes d'âge et par sexe,5 - 9,Femme,Nombre,1985,717881.0,1985,1985,annuelle,1985,Evolution de la population par groupes d'âge et par sexe.csv,demographie
Evolution de la population par groupes d'âge et par sexe,5 - 9,Femme,Nombre,1991,853900.0,1991,1991,annuelle,1991,Evolution de la population par groupes d'âge et par sexe.csv,demographie
Evolution de la population par groupes d'âge et par sexe,5 - 9,Femme,Nombre,1996,888680.603570517,1996,1996,annuelle,1996,Evolution de la population par groupes d'âge et par sexe.csv,demographie
Evolution de la population par groupes d'âge et par sexe,5 - 9,Femme,Nombre,2006,1139237.0,2006,2006,annuelle,2006,Evolution de la population par groupes d'âge et par sexe.csv,demographie
Evolution de la population par groupes d'âge et par sexe,5 - 9,Femme,Nombre,2019,1629617.0,2019,2019,annuelle,2019,Evolution de la population par groupes d'âge et par sexe.csv,demographie
Evolution de la population par groupes d'âge et par sexe,5 - 9,Ensemble,Nombre,1960,665568.0,1960,1960,annuelle,1960,Evolution de la population par groupes d'âge et par sexe.csv,demographie
Evolution de la population par groupes d'âge et par sexe,5 - 9,Ensemble,Nombre,1975,931794.0,1975,1975,annuelle,1975,Evolution de la population par groupes d'âge et par sexe.csv,demographie
Evolution de la population par groupes d'âge et par sexe,5 - 9,Ensemble,Nombre,1985,1446777.0,1985,1985,annuelle,1985,Evolution de la population par groupes d'âge et par sexe.csv,demographie
Evolution de la population par groupes d'âge et par sexe,5 - 9,Ensemble,Nombre,1991,1712644.0,1991,1991,annuelle,1991,Evolution de la population par groupes d'âge et par sexe.csv,demographie
Evolution de la population par groupes d'âge et par sexe,5 - 9,Ensemble,Nombre,1996,1805497.07994107,1996,1996,annuelle,1996,Evolution de la population par groupes d'âge et par sexe.csv,demographie
Evolution de la population par groupes d'âge et par sexe,5 - 9,Ensemble,Nombre,2006,2315710.0,2006,2006,annuelle,2006,Evolution de la population par groupes d'âge et par sexe.csv,demographie
Evolution de la population par groupes d'âge et par sexe,5 - 9,Ensemble,Nombre,2019,3279794.0,2019,2019,annuelle,2019,Evolution de la population par groupes d'âge et par sexe.csv,demographie
Evolution de la population par groupes d'âge et par sexe,10-14,Homme,Nombre,1960,214728.0,1960,1960,annuelle,1960,Evolution de la population par groupes d'âge et par sexe.csv,demographie
Evolution de la population par groupes d'âge et par sexe,10-14,Homme,Nombre,1975,350695.0,1975,1975,annuelle,1975,Evolution de la population par groupes d'âge et par sexe.csv,demographie
Evolution de la population par groupes d'âge et par sexe,10-14,Homme,Nombre,1985,485220.0,1985,1985,annuelle,1985,Evolution de la population par groupes d'âge et par sexe.csv,demographie
Evolution de la population par groupes d'âge et par sexe,10-14,Homme,Nombre,1991,637300.0,1991,1991,annuelle,1991,Evolution de la population par groupes d'âge et par sexe.csv,demographie
Evolution de la population par groupes d'âge et par sexe,10-14,Homme,Nombre,1996,709590.201684288,1996,1996,annuelle,1996,Evolution de la population par groupes d'âge et par sexe.csv,demographie
Evolution de la population par groupes d'âge et par sexe,10-14,Homme,Nombre,2006,900103.0,2006,2006,annuelle,2006,Evolution de la population par groupes d'âge et par sexe.csv,demographie
Evolution de la population par groupes d'âge et par sexe,10-14,Homme,Nombre,2019,1358657.0,2019,2019,annuelle,2019,Evolution de la population par groupes d'âge et par sexe.csv,demographie
Evolution de la population par groupes d'âge et par sexe,10-14,Femme,Nombre,1960,162373.0,1960,1960,annuelle,1960,Evolution de la population par groupes d'âge et par sexe.csv,demographie
Evolution de la population par groupes d'âge et par sexe,10-14,Femme,Nombre,1975,299868.0,1975,1975,annuelle,1975,Evolution de la population par groupes d'âge et par sexe.csv,demographie
Evolution de la population par groupes d'âge et par sexe,10-14,Femme,Nombre,1985,453847.0,1985,1985,annuelle,1985,Evolution de la population par groupes d'âge et par sexe.csv,demographie
Evolution de la population par groupes d'âge et par sexe,10-14,Femme,Nombre,1991,601675.0,1991,1991,annuelle,1991,Evolution de la population par groupes d'âge et par sexe.csv,demographie
Evolution de la population par groupes d'âge et par sexe,10-14,Femme,Nombre,1996,671354.227572072,1996,1996,annuelle,1996,Evolution de la population par groupes d'âge et par sexe.csv,demographie
Evolution de la population par groupes d'âge et par sexe,10-14,Femme,Nombre,2006,846485.0,2006,2006,annuelle,2006,Evolution de la population par groupes d'âge et par sexe.csv,demographie
Evolution de la population par groupes d'âge et par sexe,10-14,Femme,Nombre,2019,1328748.0,2019,2019,annuelle,2019,Evolution de la population par groupes d'âge et par sexe.csv,demographie
Evolution de la population par groupes d'âge et par sexe,10-14,Ensemble,Nombre,1960,377101.0,1960,1960,annuelle,1960,Evolution de la population par groupes d'âge et par sexe.csv,demographie
Evolution de la population par groupes d'âge et par sexe,10-14,Ensemble,Nombre,1975,650563.0,1975,1975,annuelle,1975,Evolution de la population par groupes d'âge et par sexe.csv,demographie
Evolution de la population par groupes d'âge et par sexe,10-14,Ensemble,Nombre,1985,939067.0,1985,1985,annuelle,1985,Evolution de la population par groupes d'âge et par sexe.csv,demographie
Evolution de la population par groupes d'âge et par sexe,10-14,Ensemble,Nombre,1991,1238975.0,1991,1991,annuelle,1991,Evolution de la population par groupes d'âge et par sexe.csv,demographie
Evolution de la population par groupes d'âge et par sexe,10-14,Ensemble,Nombre,1996,1380944.42925636,1996,1996,annuelle,1996,Evolution de la population par groupes d'âge et par sexe.csv,demographie
Evolution de la population par groupes d'âge et par sexe,10-14,Ensemble,Nombre,2006,1746588.0,2006,2006,annuelle,2006,Evolution de la population par groupes d'âge et par sexe.csv,demographie
Evolution de la population par groupes d'âge et par sexe,10-14,Ensemble,Nombre,2019,2687405.0,2019,2019,annuelle,2019,Evolution de la population par groupes d'âge et par sexe.csv,demographie
Evolution de la population par groupes d'âge et par sexe,15 - 19,Homme,Nombre,1960,179426.0,1960,1960,annuelle,1960,Evolution de la population par groupes d'âge et par sexe.csv,demographie
Evolution de la population par groupes d'âge et par sexe,15 - 19,Homme,Nombre,1975,281798.0,1975,1975,annuelle,1975,Evolution de la population par groupes d'âge et par sexe.csv,demographie
Evolution de la population par groupes d'âge et par sexe,15 - 19,Homme,Nombre,1985,392777.0,1985,1985,annuelle,1985,Evolution de la population par groupes d'âge et par sexe.csv,demographie
Evolution de la population par groupes d'âge et par sexe,15 - 19,Homme,Nombre,1991,488321.0,1991,1991,annuelle,1991,Evolution de la population par groupes d'âge et par sexe.csv,demographie
Evolution de la population par groupes d'âge et par sexe,15 - 19,Homme,Nombre,1996,536253.780143598,1996,1996,annuelle,1996,Evolution de la population par groupes d'âge et par sexe.csv,demographie
Evolution de la population par groupes d'âge et par sexe,15 - 19,Homme,Nombre,2006,710323.0,2006,2006,annuelle,2006,Evolution de la population par groupes d'âge et par sexe.csv,demographie
Evolution de la population par groupes d'âge et par sexe,15 - 19,Homme,Nombre,2019,1013507.0,2019,2019,annuelle,2019,Evolution de la population par groupes d'âge et par sexe.csv,demographie
Evolution de la population par groupes d'âge et par sexe,15 - 19,Femme,Nombre,1960,159026.0,1960,1960,annuelle,1960,Evolution de la population par groupes d'âge et par sexe.csv,demographie
Evolution de la population par groupes d'âge et par sexe,15 - 19,Femme,Nombre,1975,263161.0,1975,1975,annuelle,1975,Evolution de la population par groupes d'âge et par sexe.csv,demographie
Evolution de la population par groupes d'âge et par sexe,15 - 19,Femme,Nombre,1985,381370.0,1985,1985,annuelle,1985,Evolution de la population par groupes d'âge et par sexe.csv,demographie
Evolution de la population par groupes d'âge et par sexe,15 - 19,Femme,Nombre,1991,408660.0,1991,1991,annuelle,1991,Evolution de la population par groupes d'âge et par sexe.csv,demographie
Evolution de la population par groupes d'âge et par sexe,15 - 19,Femme,Nombre,1996,550596.158759351,1996,1996,annuelle,1996,Evolution de la population par groupes d'âge et par sexe.csv,demographie
Evolution de la population par groupes d'âge et par sexe,15 - 19,Femme,Nombre,2006,764962.0,2006,2006,annuelle,2006,Evolution de la population par groupes d'âge et par sexe.csv,demographie
Evolution de la population par groupes d'âge et par sexe,15 - 19,Femme,Nombre,2019,1135139.0,2019,2019,annuelle,2019,Evolution de la population par groupes d'âge et par sexe.csv,demographie
Evolution de la population par groupes d'âge et par sexe,15 - 19,Ensemble,Nombre,1960,338452.0,1960,1960,annuelle,1960,Evolution de la population par groupes d'âge et par sexe.csv,demographie
Evolution de la population par groupes d'âge et par sexe,15 - 19,Ensemble,Nombre,1975,544959.0,1975,1975,annuelle,1975,Evolution de la population par groupes d'âge et par sexe.csv,demographie
Evolution de la population par groupes d'âge et par sexe,15 - 19,Ensemble,Nombre,1985,774147.0,1985,1985,annuelle,1985,Evolution de la population par groupes d'âge et par sexe.csv,demographie
Evolution de la population par groupes d'âge et par sexe,15 - 19,Ensemble,Nombre,1991,896981.0,1991,1991,annuelle,1991,Evolution de la population par groupes d'âge et par sexe.csv,demographie
Evolution de la population par groupes d'âge et par sexe,15 - 19,Ensemble,Nombre,1996,1086849.93890295,1996,1996,annuelle,1996,Evolution de la population par groupes d'âge et par sexe.csv,demographie
Evolution de la population par groupes d'âge et par sexe,15 - 19,Ensemble,Nombre,2006,1475285.0,2006,2006,annuelle,2006,Evolution de la population par groupes d'âge et par sexe.csv,demographie
Evolution de la population par groupes d'âge et par sexe,15 - 19,Ensemble,Nombre,2019,2148646.0,2019,2019,annuelle,2019,Evolution de la population par groupes d'âge et par sexe.csv,demographie
Evolution de la population par groupes d'âge et par sexe,20 - 24,Homme,Nombre,1960,147568.0,1960,1960,annuelle,1960,Evolution de la population par groupes d'âge et par sexe.csv,demographie
Evolution de la population par groupes d'âge et par sexe,20 - 24,Homme,Nombre,1975,187488.0,1975,1975,annuelle,1975,Evolution de la population par groupes d'âge et par sexe.csv,demographie
Evolution de la population par groupes d'âge et par sexe,20 - 24,Homme,Nombre,1985,258655.0,1985,1985,annuelle,1985,Evolution de la population par groupes d'âge et par sexe.csv,demographie
Evolution de la population par groupes d'âge et par sexe,20 - 24,Homme,Nombre,1991,307892.0,1991,1991,annuelle,1991,Evolution de la population par groupes d'âge et par sexe.csv,demographie
Evolution de la population par groupes d'âge et par sexe,20 - 24,Homme,Nombre,1996,341581.683181886,1996,1996,annuelle,1996,Evolution de la population par groupes d'âge et par sexe.csv,demographie
Evolution de la population par groupes d'âge et par sexe,20 - 24,Homme,Nombre,2006,530425.0,2006,2006,annuelle,2006,Evolution de la population par groupes d'âge et par sexe.csv,demographie
Evolution de la population par groupes d'âge et par sexe,20 - 24,Homme,Nombre,2019,768875.0,2019,2019,annuelle,2019,Evolution de la population par groupes d'âge et par sexe.csv,demographie
Evolution de la population par groupes d'âge et par sexe,20 - 24,Femme,Nombre,1960,210562.0,1960,1960,annuelle,1960,Evolution de la population par groupes d'âge et par sexe.csv,demographie
Evolution de la population par groupes d'âge et par sexe,20 - 24,Femme,Nombre,1975,223630.0,1975,1975,annuelle,1975,Evolution de la population par groupes d'âge et par sexe.csv,demographie
Evolution de la population par groupes d'âge et par sexe,20 - 24,Femme,Nombre,1985,320404.0,1985,1985,annuelle,1985,Evolution de la population par groupes d'âge et par sexe.csv,demographie
Evolution de la population par groupes d'âge et par sexe,20 - 24,Femme,Nombre,1991,312027.0,1991,1991,annuelle,1991,Evolution de la population par groupes d'âge et par sexe.csv,demographie
Evolution de la population par groupes d'âge et par sexe,20 - 24,Femme,Nombre,1996,428962.696846583,1996,1996,annuelle,1996,Evolution de la population par groupes d'âge et par sexe.csv,demographie
Evolution de la population par groupes d'âge et par sexe,20 - 24,Femme,Nombre,2006,654953.0,2006,2006,annuelle,2006,Evolution de la population par groupes d'âge et par sexe.csv,demographie
Evolution de la population par groupes d'âge et par sexe,20 - 24,Femme,Nombre,2019,948549.0,2019,2019,annuelle,2019,Evolution de la population par groupes d'âge et par sexe.csv,demographie
Evolution de la population par groupes d'âge et par sexe,20 - 24,Ensemble,Nombre,1960,358130.0,1960,1960,annuelle,1960,Evolution de la population par groupes d'âge et par sexe.csv,demographie
Evolution de la population par groupes d'âge et par sexe,20 - 24,Ensemble,Nombre,1975,411118.0,1975,1975,annuelle,1975,Evolution de la population par groupes d'âge et par sexe.csv,demographie
Evolution de la population par groupes d'âge et par sexe,20 - 24,Ensemble,Nombre,1985,579059.0,1985,1985,annuelle,1985,Evolution de la population par groupes d'âge et par sexe.csv,demographie
Evolution de la population par groupes d'âge et par sexe,20 - 24,Ensemble,Nombre,1991,619919.0,1991,1991,annuelle,1991,Evolution de la population par groupes d'âge et par sexe.csv,demographie
Evolution de la population par groupes d'âge et par sexe,20 - 24,Ensemble,Nombre,1996,770544.380028469,1996,1996,annuelle,1996,Evolution de la population par groupes d'âge et par sexe.csv,demographie
Evolution de la population par groupes d'âge et par sexe,20 - 24,Ensemble,Nombre,2006,1185378.0,2006,2006,annuelle,2006,Evolution de la population par groupes d'âge et par sexe.csv,demographie
Evolution de la population par groupes d'âge et par sexe,20 - 24,Ensemble,Nombre,2019,1717424.0,2019,2019,annuelle,2019,Evolution de la population par groupes d'âge et par sexe.csv,demographie
Evolution de la population par groupes d'âge et par sexe,25 - 29,Homme,Nombre,1960,164441.0,1960,1960,annuelle,1960,Evolution de la population par groupes d'âge et par sexe.csv,demographie
Evolution de la population par groupes d'âge et par sexe,25 - 29,Homme,Nombre,1975,182406.0,1975,1975,annuelle,1975,Evolution de la population par groupes d'âge et par sexe.csv,demographie
Evolution de la population par groupes d'âge et par sexe,25 - 29,Homme,Nombre,1985,212374.0,1985,1985,annuelle,1985,Evolution de la population par groupes d'âge et par sexe.csv,demographie
Evolution de la population par groupes d'âge et par sexe,25 - 29,Homme,Nombre,1991,230667.0,1991,1991,annuelle,1991,Evolution de la population par groupes d'âge et par sexe.csv,demographie
Evolution de la population par groupes d'âge et par sexe,25 - 29,Homme,Nombre,1996,286482.680482613,1996,1996,annuelle,1996,Evolution de la population par groupes d'âge et par sexe.csv,demographie
Evolution de la population par groupes d'âge et par sexe,25 - 29,Homme,Nombre,2006,448431.0,2006,2006,annuelle,2006,Evolution de la population par groupes d'âge et par sexe.csv,demographie
Evolution de la population par groupes d'âge et par sexe,25 - 29,Homme,Nombre,2019,667220.0,2019,2019,annuelle,2019,Evolution de la population par groupes d'âge et par sexe.csv,demographie
Evolution de la population par groupes d'âge et par sexe,25 - 29,Femme,Nombre,1960,209119.0,1960,1960,annuelle,1960,Evolution de la population par groupes d'âge et par sexe.csv,demographie
Evolution de la population par groupes d'âge et par sexe,25 - 29,Femme,Nombre,1975,238313.0,1975,1975,annuelle,1975,Evolution de la population par groupes d'âge et par sexe.csv,demographie
Evolution de la population par groupes d'âge et par sexe,25 - 29,Femme,Nombre,1985,300565.0,1985,1985,annuelle,1985,Evolution de la population par groupes d'âge et par sexe.csv,demographie
Evolution de la population par groupes d'âge et par sexe,25 - 29,Femme,Nombre,1991,329054.0,1991,1991,annuelle,1991,Evolution de la population par groupes d'âge et par sexe.csv,demographie
Evolution de la population par groupes d'âge et par sexe,25 - 29,Femme,Nombre,1996,382836.909268746,1996,1996,annuelle,1996,Evolution de la population par groupes d'âge et par sexe.csv,demographie
Evolution de la population par groupes d'âge et par sexe,25 - 29,Femme,Nombre,2006,560854.0,2006,2006,annuelle,2006,Evolution de la population par groupes d'âge et par sexe.csv,demographie
Evolution de la population par groupes d'âge et par sexe,25 - 29,Femme,Nombre,2019,832648.0,2019,2019,annuelle,2019,Evolution de la population par groupes d'âge et par sexe.csv,demographie
Evolution de la population par groupes d'âge et par sexe,25 - 29,Ensemble,Nombre,1960,373560.0,1960,1960,annuelle,1960,Evolution de la population par groupes d'âge et par sexe.csv,demographie
Evolution de la population par groupes d'âge et par sexe,25 - 29,Ensemble,Nombre,1975,420719.0,1975,1975,annuelle,1975,Evolution de la population par groupes d'âge et par sexe.csv,demographie
Evolution de la population par groupes d'âge et par sexe,25 - 29,Ensemble,Nombre,1985,512939.0,1985,1985,annuelle,1985,Evolution de la population par groupes d'âge et par sexe.csv,demographie
Evolution de la population par groupes d'âge et par sexe,25 - 29,Ensemble,Nombre,1991,559721.0,1991,1991,annuelle,1991,Evolution de la population par groupes d'âge et par sexe.csv,demographie
Evolution de la population par groupes d'âge et par sexe,25 - 29,Ensemble,Nombre,1996,669319.589751358,1996,1996,annuelle,1996,Evolution de la population par groupes d'âge et par sexe.csv,demographie
Evolution de la population par groupes d'âge et par sexe,25 - 29,Ensemble,Nombre,2006,1009285.0,2006,2006,annuelle,2006,Evolution de la population par groupes d'âge et par sexe.csv,demographie
Evolution de la population par groupes d'âge et par sexe,25 - 29,Ensemble,Nombre,2019,1499868.0,2019,2019,annuelle,2019,Evolution de la population par groupes d'âge et par sexe.csv,demographie
Evolution de la population par groupes d'âge et par sexe,30 - 34,Homme,Nombre,1960,121712.0,1960,1960,annuelle,1960,Evolution de la population par groupes d'âge et par sexe.csv,demographie
Evolution de la population par groupes d'âge et par sexe,30 - 34,Homme,Nombre,1975,150782.0,1975,1975,annuelle,1975,Evolution de la population par groupes d'âge et par sexe.csv,demographie
Evolution de la population par groupes d'âge et par sexe,30 - 34,Homme,Nombre,1985,170789.0,1985,1985,annuelle,1985,Evolution de la population par groupes d'âge et par sexe.csv,demographie
Evolution de la population par groupes d'âge et par sexe,30 - 34,Homme,Nombre,1991,182224.0,1991,1991,annuelle,1991,Evolution de la population par groupes d'âge et par sexe.csv,demographie
Evolution de la population par groupes d'âge et par sexe,30 - 34,Homme,Nombre,1996,251092.592053043,1996,1996,annuelle,1996,Evolution de la population par groupes d'âge et par sexe.csv,demographie
Evolution de la population par groupes d'âge et par sexe,30 - 34,Homme,Nombre,2006,363408.0,2006,2006,annuelle,2006,Evolution de la population par groupes d'âge et par sexe.csv,demographie
Evolution de la population par groupes d'âge et par sexe,30 - 34,Homme,Nombre,2019,613894.0,2019,2019,annuelle,2019,Evolution de la population par groupes d'âge et par sexe.csv,demographie
Evolution de la population par groupes d'âge et par sexe,30 - 34,Femme,Nombre,1960,160241.0,1960,1960,annuelle,1960,Evolution de la population par groupes d'âge et par sexe.csv,demographie
Evolution de la population par groupes d'âge et par sexe,30 - 34,Femme,Nombre,1975,185794.0,1975,1975,annuelle,1975,Evolution de la population par groupes d'âge et par sexe.csv,demographie
Evolution de la population par groupes d'âge et par sexe,30 - 34,Femme,Nombre,1985,227811.0,1985,1985,annuelle,1985,Evolution de la population par groupes d'âge et par sexe.csv,demographie
Evolution de la population par groupes d'âge et par sexe,30 - 34,Femme,Nombre,1991,275927.0,1991,1991,annuelle,1991,Evolution de la population par groupes d'âge et par sexe.csv,demographie
Evolution de la population par groupes d'âge et par sexe,30 - 34,Femme,Nombre,1996,323951.664923017,1996,1996,annuelle,1996,Evolution de la population par groupes d'âge et par sexe.csv,demographie
Evolution de la population par groupes d'âge et par sexe,30 - 34,Femme,Nombre,2006,431412.0,2006,2006,annuelle,2006,Evolution de la population par groupes d'âge et par sexe.csv,demographie
Evolution de la population par groupes d'âge et par sexe,30 - 34,Femme,Nombre,2019,708364.0,2019,2019,annuelle,2019,Evolution de la population par groupes d'âge et par sexe.csv,demographie
Evolution de la population par groupes d'âge et par sexe,30 - 34,Ensemble,Nombre,1960,281953.0,1960,1960,annuelle,1960,Evolution de la population par groupes d'âge et par sexe.csv,demographie
Evolution de la population par groupes d'âge et par sexe,30 - 34,Ensemble,Nombre,1975,336576.0,1975,1975,annuelle,1975,Evolution de la population par groupes d'âge et par sexe.csv,demographie
Evolution de la population par groupes d'âge et par sexe,30 - 34,Ensemble,Nombre,1985,398600.0,1985,1985,annuelle,1985,Evolution de la population par groupes d'âge et par sexe.csv,demographie
Evolution de la population par groupes d'âge et par sexe,30 - 34,Ensemble,Nombre,1991,458151.0,1991,1991,annuelle,1991,Evolution de la population par groupes d'âge et par sexe.csv,demographie
Evolution de la population par groupes d'âge et par sexe,30 - 34,Ensemble,Nombre,1996,575044.25697606,1996,1996,annuelle,1996,Evolution de la population par groupes d'âge et par sexe.csv,demographie
Evolution de la population par groupes d'âge et par sexe,30 - 34,Ensemble,Nombre,2006,794820.0,2006,2006,annuelle,2006,Evolution de la population par groupes d'âge et par sexe.csv,demographie
Evolution de la population par groupes d'âge et par sexe,30 - 34,Ensemble,Nombre,2019,1322258.0,2019,2019,annuelle,2019,Evolution de la population par groupes d'âge et par sexe.csv,demographie
Evolution de la population par groupes d'âge et par sexe,35 - 39,Homme,Nombre,1960,134963.0,1960,1960,annuelle,1960,Evolution de la population par groupes d'âge et par sexe.csv,demographie
Evolution de la population par groupes d'âge et par sexe,35 - 39,Homme,Nombre,1975,136664.0,1975,1975,annuelle,1975,Evolution de la population par groupes d'âge et par sexe.csv,demographie
Evolution de la population par groupes d'âge et par sexe,35 - 39,Homme,Nombre,1985,162809.0,1985,1985,annuelle,1985,Evolution de la population par groupes d'âge et par sexe.csv,demographie
Evolution de la population par groupes d'âge et par sexe,35 - 39,Homme,Nombre,1991,165398.0,1991,1991,annuelle,1991,Evolution de la population par groupes d'âge et par sexe.csv,demographie
Evolution de la population par groupes d'âge et par sexe,35 - 39,Homme,Nombre,1996,206415.906631258,1996,1996,annuelle,1996,Evolution de la population par groupes d'âge et par sexe.csv,demographie
Evolution de la population par groupes d'âge et par sexe,35 - 39,Homme,Nombre,2006,298236.0,2006,2006,annuelle,2006,Evolution de la population par groupes d'âge et par sexe.csv,demographie
Evolution de la population par groupes d'âge et par sexe,35 - 39,Homme,Nombre,2019,509169.0,2019,2019,annuelle,2019,Evolution de la population par groupes d'âge et par sexe.csv,demographie
Evolution de la population par groupes d'âge et par sexe,35 - 39,Femme,Nombre,1960,161223.0,1960,1960,annuelle,1960,Evolution de la population par groupes d'âge et par sexe.csv,demographie
Evolution de la population par groupes d'âge et par sexe,35 - 39,Femme,Nombre,1975,150216.0,1975,1975,annuelle,1975,Evolution de la population par groupes d'âge et par sexe.csv,demographie
Evolution de la population par groupes d'âge et par sexe,35 - 39,Femme,Nombre,1985,206337.0,1985,1985,annuelle,1985,Evolution de la population par groupes d'âge et par sexe.csv,demographie
Evolution de la population par groupes d'âge et par sexe,35 - 39,Femme,Nombre,1991,234852.0,1991,1991,annuelle,1991,Evolution de la population par groupes d'âge et par sexe.csv,demographie
Evolution de la population par groupes d'âge et par sexe,35 - 39,Femme,Nombre,1996,262931.144059168,1996,1996,annuelle,1996,Evolution de la population par groupes d'âge et par sexe.csv,demographie
Evolution de la population par groupes d'âge et par sexe,35 - 39,Femme,Nombre,2006,358588.0,2006,2006,annuelle,2006,Evolution de la population par groupes d'âge et par sexe.csv,demographie
Evolution de la population par groupes d'âge et par sexe,35 - 39,Femme,Nombre,2019,565008.0,2019,2019,annuelle,2019,Evolution de la population par groupes d'âge et par sexe.csv,demographie
Evolution de la population par groupes d'âge et par sexe,35 - 39,Ensemble,Nombre,1960,296186.0,1960,1960,annuelle,1960,Evolution de la population par groupes d'âge et par sexe.csv,demographie
Evolution de la population par groupes d'âge et par sexe,35 - 39,Ensemble,Nombre,1975,286880.0,1975,1975,annuelle,1975,Evolution de la population par groupes d'âge et par sexe.csv,demographie
Evolution de la population par groupes d'âge et par sexe,35 - 39,Ensemble,Nombre,1985,369146.0,1985,1985,annuelle,1985,Evolution de la population par groupes d'âge et par sexe.csv,demographie
Evolution de la population par groupes d'âge et par sexe,35 - 39,Ensemble,Nombre,1991,400250.0,1991,1991,annuelle,1991,Evolution de la population par groupes d'âge et par sexe.csv,demographie
Evolution de la population par groupes d'âge et par sexe,35 - 39,Ensemble,Nombre,1996,469347.050690426,1996,1996,annuelle,1996,Evolution de la population par groupes d'âge et par sexe.csv,demographie
Evolution de la population par groupes d'âge et par sexe,35 - 39,Ensemble,Nombre,2006,656824.0,2006,2006,annuelle,2006,Evolution de la population par groupes d'âge et par sexe.csv,demographie
Evolution de la population par groupes d'âge et par sexe,35 - 39,Ensemble,Nombre,2019,1074177.0,2019,2019,annuelle,2019,Evolution de la population par groupes d'âge et par sexe.csv,demographie
Evolution de la population par groupes d'âge et par sexe,40 - 44,Homme,Nombre,1960,94256.0,1960,1960,annuelle,1960,Evolution de la population par groupes d'âge et par sexe.csv,demographie
Evolution de la population par groupes d'âge et par sexe,40 - 44,Homme,Nombre,1975,115204.0,1975,1975,annuelle,1975,Evolution de la population par groupes d'âge et par sexe.csv,demographie
Evolution de la population par groupes d'âge et par sexe,40 - 44,Homme,Nombre,1985,130971.0,1985,1985,annuelle,1985,Evolution de la population par groupes d'âge et par sexe.csv,demographie
Evolution de la population par groupes d'âge et par sexe,40 - 44,Homme,Nombre,1991,145220.0,1991,1991,annuelle,1991,Evolution de la population par groupes d'âge et par sexe.csv,demographie
Evolution de la population par groupes d'âge et par sexe,40 - 44,Homme,Nombre,1996,174085.535009137,1996,1996,annuelle,1996,Evolution de la population par groupes d'âge et par sexe.csv,demographie
Evolution de la population par groupes d'âge et par sexe,40 - 44,Homme,Nombre,2006,250143.0,2006,2006,annuelle,2006,Evolution de la population par groupes d'âge et par sexe.csv,demographie
Evolution de la population par groupes d'âge et par sexe,40 - 44,Homme,Nombre,2019,407097.0,2019,2019,annuelle,2019,Evolution de la population par groupes d'âge et par sexe.csv,demographie
Evolution de la population par groupes d'âge et par sexe,40 - 44,Femme,Nombre,1960,104068.0,1960,1960,annuelle,1960,Evolution de la population par groupes d'âge et par sexe.csv,demographie
Evolution de la population par groupes d'âge et par sexe,40 - 44,Femme,Nombre,1975,129887.0,1975,1975,annuelle,1975,Evolution de la population par groupes d'âge et par sexe.csv,demographie
Evolution de la population par groupes d'âge et par sexe,40 - 44,Femme,Nombre,1985,168948.0,1985,1985,annuelle,1985,Evolution de la population par groupes d'âge et par sexe.csv,demographie
Evolution de la population par groupes d'âge et par sexe,40 - 44,Femme,Nombre,1991,203453.0,1991,1991,annuelle,1991,Evolution de la population par groupes d'âge et par sexe.csv,demographie
Evolution de la population par groupes d'âge et par sexe,40 - 44,Femme,Nombre,1996,218160.609560532,1996,1996,annuelle,1996,Evolution de la population par groupes d'âge et par sexe.csv,demographie
Evolution de la population par groupes d'âge et par sexe,40 - 44,Femme,Nombre,2006,299144.0,2006,2006,annuelle,2006,Evolution de la population par groupes d'âge et par sexe.csv,demographie
Evolution de la population par groupes d'âge et par sexe,40 - 44,Femme,Nombre,2019,434405.0,2019,2019,annuelle,2019,Evolution de la population par groupes d'âge et par sexe.csv,demographie
Evolution de la population par groupes d'âge et par sexe,40 - 44,Ensemble,Nombre,1960,198324.0,1960,1960,annuelle,1960,Evolution de la population par groupes d'âge et par sexe.csv,demographie
Evolution de la population par groupes d'âge et par sexe,40 - 44,Ensemble,Nombre,1975,245091.0,1975,1975,annuelle,1975,Evolution de la population par groupes d'âge et par sexe.csv,demographie
Evolution de la population par groupes d'âge et par sexe,40 - 44,Ensemble,Nombre,1985,299919.0,1985,1985,annuelle,1985,Evolution de la population par groupes d'âge et par sexe.csv,demographie
Evolution de la population par groupes d'âge et par sexe,40 - 44,Ensemble,Nombre,1991,348673.0,1991,1991,annuelle,1991,Evolution de la population par groupes d'âge et par sexe.csv,demographie
Evolution de la population par groupes d'âge et par sexe,40 - 44,Ensemble,Nombre,1996,392246.144569669,1996,1996,annuelle,1996,Evolution de la population par groupes d'âge et par sexe.csv,demographie
Evolution de la population par groupes d'âge et par sexe,40 - 44,Ensemble,Nombre,2006,549287.0,2006,2006,annuelle,2006,Evolution de la population par groupes d'âge et par sexe.csv,demographie
Evolution de la population par groupes d'âge et par sexe,40 - 44,Ensemble,Nombre,2019,841502.0,2019,2019,annuelle,2019,Evolution de la population par groupes d'âge et par sexe.csv,demographie
Evolution de la population par groupes d'âge et par sexe,45 - 49,Homme,Nombre,1960,98422.0,1960,1960,annuelle,1960,Evolution de la population par groupes d'âge et par sexe.csv,demographie
Evolution de la population par groupes d'âge et par sexe,45 - 49,Homme,Nombre,1975,99391.0,1975,1975,annuelle,1975,Evolution de la population par groupes d'âge et par sexe.csv,demographie
Evolution de la population par groupes d'âge et par sexe,45 - 49,Homme,Nombre,1985,127649.0,1985,1985,annuelle,1985,Evolution de la population par groupes d'âge et par sexe.csv,demographie
Evolution de la population par groupes d'âge et par sexe,45 - 49,Homme,Nombre,1991,127571.0,1991,1991,annuelle,1991,Evolution de la population par groupes d'âge et par sexe.csv,demographie
Evolution de la population par groupes d'âge et par sexe,45 - 49,Homme,Nombre,1996,145696.544571536,1996,1996,annuelle,1996,Evolution de la population par groupes d'âge et par sexe.csv,demographie
Evolution de la population par groupes d'âge et par sexe,45 - 49,Homme,Nombre,2006,195016.0,2006,2006,annuelle,2006,Evolution de la population par groupes d'âge et par sexe.csv,demographie
Evolution de la population par groupes d'âge et par sexe,45 - 49,Homme,Nombre,2019,306729.0,2019,2019,annuelle,2019,Evolution de la population par groupes d'âge et par sexe.csv,demographie
Evolution de la population par groupes d'âge et par sexe,45 - 49,Femme,Nombre,1960,104116.0,1960,1960,annuelle,1960,Evolution de la population par groupes d'âge et par sexe.csv,demographie
Evolution de la population par groupes d'âge et par sexe,45 - 49,Femme,Nombre,1975,96567.0,1975,1975,annuelle,1975,Evolution de la population par groupes d'âge et par sexe.csv,demographie
Evolution de la population par groupes d'âge et par sexe,45 - 49,Femme,Nombre,1985,145300.0,1985,1985,annuelle,1985,Evolution de la population par groupes d'âge et par sexe.csv,demographie
Evolution de la population par groupes d'âge et par sexe,45 - 49,Femme,Nombre,1991,154991.0,1991,1991,annuelle,1991,Evolution de la population par groupes d'âge et par sexe.csv,demographie
Evolution de la population par groupes d'âge et par sexe,45 - 49,Femme,Nombre,1996,167181.008176813,1996,1996,annuelle,1996,Evolution de la population par groupes d'âge et par sexe.csv,demographie
Evolution de la population par groupes d'âge et par sexe,45 - 49,Femme,Nombre,2006,232723.0,2006,2006,annuelle,2006,Evolution de la population par groupes d'âge et par sexe.csv,demographie
Evolution de la population par groupes d'âge et par sexe,45 - 49,Femme,Nombre,2019,325840.0,2019,2019,annuelle,2019,Evolution de la population par groupes d'âge et par sexe.csv,demographie
Evolution de la population par groupes d'âge et par sexe,45 - 49,Ensemble,Nombre,1960,202538.0,1960,1960,annuelle,1960,Evolution de la population par groupes d'âge et par sexe.csv,demographie
Evolution de la population par groupes d'âge et par sexe,45 - 49,Ensemble,Nombre,1975,195958.0,1975,1975,annuelle,1975,Evolution de la population par groupes d'âge et par sexe.csv,demographie
Evolution de la population par groupes d'âge et par sexe,45 - 49,Ensemble,Nombre,1985,272949.0,1985,1985,annuelle,1985,Evolution de la population par groupes d'âge et par sexe.csv,demographie
Evolution de la population par groupes d'âge et par sexe,45 - 49,Ensemble,Nombre,1991,282562.0,1991,1991,annuelle,1991,Evolution de la population par groupes d'âge et par sexe.csv,demographie
Evolution de la population par groupes d'âge et par sexe,45 - 49,Ensemble,Nombre,1996,312877.552748349,1996,1996,annuelle,1996,Evolution de la population par groupes d'âge et par sexe.csv,demographie
Evolution de la population par groupes d'âge et par sexe,45 - 49,Ensemble,Nombre,2006,427739.0,2006,2006,annuelle,2006,Evolution de la population par groupes d'âge et par sexe.csv,demographie
Evolution de la population par groupes d'âge et par sexe,45 - 49,Ensemble,Nombre,2019,632569.0,2019,2019,annuelle,2019,Evolution de la population par groupes d'âge et par sexe.csv,demographie
Evolution de la population par groupes d'âge et par sexe,50 - 54,Homme,Nombre,1960,65144.0,1960,1960,annuelle,1960,Evolution de la population par groupes d'âge et par sexe.csv,demographie
Evolution de la population par groupes d'âge et par sexe,50 - 54,Homme,Nombre,1975,93179.0,1975,1975,annuelle,1975,Evolution de la population par groupes d'âge et par sexe.csv,demographie
Evolution de la population par groupes d'âge et par sexe,50 - 54,Homme,Nombre,1985,107130.0,1985,1985,annuelle,1985,Evolution de la population par groupes d'âge et par sexe.csv,demographie
Evolution de la population par groupes d'âge et par sexe,50 - 54,Homme,Nombre,1991,128477.0,1991,1991,annuelle,1991,Evolution de la population par groupes d'âge et par sexe.csv,demographie
Evolution de la population par groupes d'âge et par sexe,50 - 54,Homme,Nombre,1996,127561.170254991,1996,1996,annuelle,1996,Evolution de la population par groupes d'âge et par sexe.csv,demographie
Evolution de la population par groupes d'âge et par sexe,50 - 54,Homme,Nombre,2006,166281.0,2006,2006,annuelle,2006,Evolution de la population par groupes d'âge et par sexe.csv,demographie
Evolution de la population par groupes d'âge et par sexe,50 - 54,Homme,Nombre,2019,258801.0,2019,2019,annuelle,2019,Evolution de la population par groupes d'âge et par sexe.csv,demographie
Evolution de la population par groupes d'âge et par sexe,50 - 54,Femme,Nombre,1960,58832.0,1960,1960,annuelle,1960,Evolution de la population par groupes d'âge et par sexe.csv,demographie
Evolution de la population par groupes d'âge et par sexe,50 - 54,Femme,Nombre,1975,90920.0,1975,1975,annuelle,1975,Evolution de la population par groupes d'âge et par sexe.csv,demographie
Evolution de la population par groupes d'âge et par sexe,50 - 54,Femme,Nombre,1985,122016.0,1985,1985,annuelle,1985,Evolution de la population par groupes d'âge et par sexe.csv,demographie
Evolution de la population par groupes d'âge et par sexe,50 - 54,Femme,Nombre,1991,115042.0,1991,1991,annuelle,1991,Evolution de la population par groupes d'âge et par sexe.csv,demographie
Evolution de la population par groupes d'âge et par sexe,50 - 54,Femme,Nombre,1996,152876.562898631,1996,1996,annuelle,1996,Evolution de la population par groupes d'âge et par sexe.csv,demographie
Evolution de la population par groupes d'âge et par sexe,50 - 54,Femme,Nombre,2006,192529.0,2006,2006,annuelle,2006,Evolution de la population par groupes d'âge et par sexe.csv,demographie
Evolution de la population par groupes d'âge et par sexe,50 - 54,Femme,Nombre,2019,283246.0,2019,2019,annuelle,2019,Evolution de la population par groupes d'âge et par sexe.csv,demographie
Evolution de la population par groupes d'âge et par sexe,50 - 54,Ensemble,Nombre,1960,123976.0,1960,1960,annuelle,1960,Evolution de la population par groupes d'âge et par sexe.csv,demographie
Evolution de la population par groupes d'âge et par sexe,50 - 54,Ensemble,Nombre,1975,184099.0,1975,1975,annuelle,1975,Evolution de la population par groupes d'âge et par sexe.csv,demographie
Evolution de la population par groupes d'âge et par sexe,50 - 54,Ensemble,Nombre,1985,229146.0,1985,1985,annuelle,1985,Evolution de la population par groupes d'âge et par sexe.csv,demographie
Evolution de la population par groupes d'âge et par sexe,50 - 54,Ensemble,Nombre,1991,243519.0,1991,1991,annuelle,1991,Evolution de la population par groupes d'âge et par sexe.csv,demographie
Evolution de la population par groupes d'âge et par sexe,50 - 54,Ensemble,Nombre,1996,280437.733153622,1996,1996,annuelle,1996,Evolution de la population par groupes d'âge et par sexe.csv,demographie
Evolution de la population par groupes d'âge et par sexe,50 - 54,Ensemble,Nombre,2006,358810.0,2006,2006,annuelle,2006,Evolution de la population par groupes d'âge et par sexe.csv,demographie
Evolution de la population par groupes d'âge et par sexe,50 - 54,Ensemble,Nombre,2019,542047.0,2019,2019,annuelle,2019,Evolution de la population par groupes d'âge et par sexe.csv,demographie
Evolution de la population par groupes d'âge et par sexe,55 - 59,Homme,Nombre,1960,56887.0,1960,1960,annuelle,1960,Evolution de la population par groupes d'âge et par sexe.csv,demographie
Evolution de la population par groupes d'âge et par sexe,55 - 59,Homme,Nombre,1975,67203.0,1975,1975,annuelle,1975,Evolution de la population par groupes d'âge et par sexe.csv,demographie
Evolution de la population par groupes d'âge et par sexe,55 - 59,Homme,Nombre,1985,93400.0,1985,1985,annuelle,1985,Evolution de la population par groupes d'âge et par sexe.csv,demographie
Evolution de la population par groupes d'âge et par sexe,55 - 59,Homme,Nombre,1991,115561.0,1991,1991,annuelle,1991,Evolution de la population par groupes d'âge et par sexe.csv,demographie
Evolution de la population par groupes d'âge et par sexe,55 - 59,Homme,Nombre,1996,103339.500050705,1996,1996,annuelle,1996,Evolution de la population par groupes d'âge et par sexe.csv,demographie
Evolution de la population par groupes d'âge et par sexe,55 - 59,Homme,Nombre,2006,132254.0,2006,2006,annuelle,2006,Evolution de la population par groupes d'âge et par sexe.csv,demographie
Evolution de la population par groupes d'âge et par sexe,55 - 59,Homme,Nombre,2019,195399.0,2019,2019,annuelle,2019,Evolution de la population par groupes d'âge et par sexe.csv,demographie
Evolution de la population par groupes d'âge et par sexe,55 - 59,Femme,Nombre,1960,54027.0,1960,1960,annuelle,1960,Evolution de la population par groupes d'âge et par sexe.csv,demographie
Evolution de la population par groupes d'âge et par sexe,55 - 59,Femme,Nombre,1975,54214.0,1975,1975,annuelle,1975,Evolution de la population par groupes d'âge et par sexe.csv,demographie
Evolution de la population par groupes d'âge et par sexe,55 - 59,Femme,Nombre,1985,94502.0,1985,1985,annuelle,1985,Evolution de la population par groupes d'âge et par sexe.csv,demographie
Evolution de la population par groupes d'âge et par sexe,55 - 59,Femme,Nombre,1991,157750.0,1991,1991,annuelle,1991,Evolution de la population par groupes d'âge et par sexe.csv,demographie
Evolution de la population par groupes d'âge et par sexe,55 - 59,Femme,Nombre,1996,106201.646850925,1996,1996,annuelle,1996,Evolution de la population par groupes d'âge et par sexe.csv,demographie
Evolution de la population par groupes d'âge et par sexe,55 - 59,Femme,Nombre,2006,141309.0,2006,2006,annuelle,2006,Evolution de la population par groupes d'âge et par sexe.csv,demographie
Evolution de la population par groupes d'âge et par sexe,55 - 59,Femme,Nombre,2019,213018.0,2019,2019,annuelle,2019,Evolution de la population par groupes d'âge et par sexe.csv,demographie
Evolution de la population par groupes d'âge et par sexe,55 - 59,Ensemble,Nombre,1960,110914.0,1960,1960,annuelle,1960,Evolution de la population par groupes d'âge et par sexe.csv,demographie
Evolution de la population par groupes d'âge et par sexe,55 - 59,Ensemble,Nombre,1975,121417.0,1975,1975,annuelle,1975,Evolution de la population par groupes d'âge et par sexe.csv,demographie
Evolution de la population par groupes d'âge et par sexe,55 - 59,Ensemble,Nombre,1985,187902.0,1985,1985,annuelle,1985,Evolution de la population par groupes d'âge et par sexe.csv,demographie
Evolution de la population par groupes d'âge et par sexe,55 - 59,Ensemble,Nombre,1991,273311.0,1991,1991,annuelle,1991,Evolution de la population par groupes d'âge et par sexe.csv,demographie
Evolution de la population par groupes d'âge et par sexe,55 - 59,Ensemble,Nombre,1996,209541.146901629,1996,1996,annuelle,1996,Evolution de la population par groupes d'âge et par sexe.csv,demographie
Evolution de la population par groupes d'âge et par sexe,55 - 59,Ensemble,Nombre,2006,273563.0,2006,2006,annuelle,2006,Evolution de la population par groupes d'âge et par sexe.csv,demographie
Evolution de la population par groupes d'âge et par sexe,55 - 59,Ensemble,Nombre,2019,408417.0,2019,2019,annuelle,2019,Evolution de la population par groupes d'âge et par sexe.csv,demographie
Evolution de la population par groupes d'âge et par sexe,60 - 64,Homme,Nombre,1960,41623.0,1960,1960,annuelle,1960,Evolution de la population par groupes d'âge et par sexe.csv,demographie
Evolution de la population par groupes d'âge et par sexe,60 - 64,Homme,Nombre,1975,63249.0,1975,1975,annuelle,1975,Evolution de la population par groupes d'âge et par sexe.csv,demographie
Evolution de la population par groupes d'âge et par sexe,60 - 64,Homme,Nombre,1985,80545.0,1985,1985,annuelle,1985,Evolution de la population par groupes d'âge et par sexe.csv,demographie
Evolution de la population par groupes d'âge et par sexe,60 - 64,Homme,Nombre,1991,101386.0,1991,1991,annuelle,1991,Evolution de la population par groupes d'âge et par sexe.csv,demographie
Evolution de la population par groupes d'âge et par sexe,60 - 64,Homme,Nombre,1996,93884.2019020561,1996,1996,annuelle,1996,Evolution de la population par groupes d'âge et par sexe.csv,demographie
Evolution de la population par groupes d'âge et par sexe,60 - 64,Homme,Nombre,2006,111176.0,2006,2006,annuelle,2006,Evolution de la population par groupes d'âge et par sexe.csv,demographie
Evolution de la population par groupes d'âge et par sexe,60 - 64,Homme,Nombre,2019,163678.0,2019,2019,annuelle,2019,Evolution de la population par groupes d'âge et par sexe.csv,demographie
Evolution de la population par groupes d'âge et par sexe,60 - 64,Femme,Nombre,1960,39872.0,1960,1960,annuelle,1960,Evolution de la population par groupes d'âge et par sexe.csv,demographie
Evolution de la population par groupes d'âge et par sexe,60 - 64,Femme,Nombre,1975,56472.0,1975,1975,annuelle,1975,Evolution de la population par groupes d'âge et par sexe.csv,demographie
Evolution de la population par groupes d'âge et par sexe,60 - 64,Femme,Nombre,1985,91142.0,1985,1985,annuelle,1985,Evolution de la population par groupes d'âge et par sexe.csv,demographie
Evolution de la population par groupes d'âge et par sexe,60 - 64,Femme,Nombre,1991,104459.0,1991,1991,annuelle,1991,Evolution de la population par groupes d'âge et par sexe.csv,demographie
Evolution de la population par groupes d'âge et par sexe,60 - 64,Femme,Nombre,1996,103153.833259475,1996,1996,annuelle,1996,Evolution de la population par groupes d'âge et par sexe.csv,demographie
Evolution de la population par groupes d'âge et par sexe,60 - 64,Femme,Nombre,2006,127786.0,2006,2006,annuelle,2006,Evolution de la population par groupes d'âge et par sexe.csv,demographie
Evolution de la population par groupes d'âge et par sexe,60 - 64,Femme,Nombre,2019,180631.0,2019,2019,annuelle,2019,Evolution de la population par groupes d'âge et par sexe.csv,demographie
Evolution de la population par groupes d'âge et par sexe,60 - 64,Ensemble,Nombre,1960,81495.0,1960,1960,annuelle,1960,Evolution de la population par groupes d'âge et par sexe.csv,demographie
Evolution de la population par groupes d'âge et par sexe,60 - 64,Ensemble,Nombre,1975,119721.0,1975,1975,annuelle,1975,Evolution de la population par groupes d'âge et par sexe.csv,demographie
Evolution de la population par groupes d'âge et par sexe,60 - 64,Ensemble,Nombre,1985,171687.0,1985,1985,annuelle,1985,Evolution de la population par groupes d'âge et par sexe.csv,demographie
Evolution de la population par groupes d'âge et par sexe,60 - 64,Ensemble,Nombre,1991,205845.0,1991,1991,annuelle,1991,Evolution de la population par groupes d'âge et par sexe.csv,demographie
Evolution de la population par groupes d'âge et par sexe,60 - 64,Ensemble,Nombre,1996,197038.035161531,1996,1996,annuelle,1996,Evolution de la population par groupes d'âge et par sexe.csv,demographie
Evolution de la population par groupes d'âge et par sexe,60 - 64,Ensemble,Nombre,2006,238962.0,2006,2006,annuelle,2006,Evolution de la population par groupes d'âge et par sexe.csv,demographie
Evolution de la population par groupes d'âge et par sexe,60 - 64,Ensemble,Nombre,2019,344309.0,2019,2019,annuelle,2019,Evolution de la population par groupes d'âge et par sexe.csv,demographie
Evolution de la population par groupes d'âge et par sexe,65 - 69,Homme,Nombre,1960,38663.0,1960,1960,annuelle,1960,Evolution de la population par groupes d'âge et par sexe.csv,demographie
Evolution de la population par groupes d'âge et par sexe,65 - 69,Homme,Nombre,1975,33883.0,1975,1975,annuelle,1975,Evolution de la population par groupes d'âge et par sexe.csv,demographie
Evolution de la population par groupes d'âge et par sexe,65 - 69,Homme,Nombre,1985,60607.0,1985,1985,annuelle,1985,Evolution de la population par groupes d'âge et par sexe.csv,demographie
Evolution de la population par groupes d'âge et par sexe,65 - 69,Homme,Nombre,1991,72215.0,1991,1991,annuelle,1991,Evolution de la population par groupes d'âge et par sexe.csv,demographie
Evolution de la population par groupes d'âge et par sexe,65 - 69,Homme,Nombre,1996,67174.1896403838,1996,1996,annuelle,1996,Evolution de la population par groupes d'âge et par sexe.csv,demographie
Evolution de la population par groupes d'âge et par sexe,65 - 69,Homme,Nombre,2006,80542.0,2006,2006,annuelle,2006,Evolution de la population par groupes d'âge et par sexe.csv,demographie
Evolution de la population par groupes d'âge et par sexe,65 - 69,Homme,Nombre,2019,113851.0,2019,2019,annuelle,2019,Evolution de la population par groupes d'âge et par sexe.csv,demographie
Evolution de la population par groupes d'âge et par sexe,65 - 69,Femme,Nombre,1960,31267.0,1960,1960,annuelle,1960,Evolution de la population par groupes d'âge et par sexe.csv,demographie
Evolution de la population par groupes d'âge et par sexe,65 - 69,Femme,Nombre,1975,27671.0,1975,1975,annuelle,1975,Evolution de la population par groupes d'âge et par sexe.csv,demographie
Evolution de la population par groupes d'âge et par sexe,65 - 69,Femme,Nombre,1985,58228.0,1985,1985,annuelle,1985,Evolution de la population par groupes d'âge et par sexe.csv,demographie
Evolution de la population par groupes d'âge et par sexe,65 - 69,Femme,Nombre,1991,53021.0,1991,1991,annuelle,1991,Evolution de la population par groupes d'âge et par sexe.csv,demographie
Evolution de la population par groupes d'âge et par sexe,65 - 69,Femme,Nombre,1996,66019.8988893487,1996,1996,annuelle,1996,Evolution de la population par groupes d'âge et par sexe.csv,demographie
Evolution de la population par groupes d'âge et par sexe,65 - 69,Femme,Nombre,2006,83067.0,2006,2006,annuelle,2006,Evolution de la population par groupes d'âge et par sexe.csv,demographie
Evolution de la population par groupes d'âge et par sexe,65 - 69,Femme,Nombre,2019,117424.0,2019,2019,annuelle,2019,Evolution de la population par groupes d'âge et par sexe.csv,demographie
Evolution de la population par groupes d'âge et par sexe,65 - 69,Ensemble,Nombre,1960,69930.0,1960,1960,annuelle,1960,Evolution de la population par groupes d'âge et par sexe.csv,demographie
Evolution de la population par groupes d'âge et par sexe,65 - 69,Ensemble,Nombre,1975,61554.0,1975,1975,annuelle,1975,Evolution de la population par groupes d'âge et par sexe.csv,demographie
Evolution de la population par groupes d'âge et par sexe,65 - 69,Ensemble,Nombre,1985,118835.0,1985,1985,annuelle,1985,Evolution de la population par groupes d'âge et par sexe.csv,demographie
Evolution de la population par groupes d'âge et par sexe,65 - 69,Ensemble,Nombre,1991,125236.0,1991,1991,annuelle,1991,Evolution de la population par groupes d'âge et par sexe.csv,demographie
Evolution de la population par groupes d'âge et par sexe,65 - 69,Ensemble,Nombre,1996,133194.088529732,1996,1996,annuelle,1996,Evolution de la population par groupes d'âge et par sexe.csv,demographie
Evolution de la population par groupes d'âge et par sexe,65 - 69,Ensemble,Nombre,2006,163609.0,2006,2006,annuelle,2006,Evolution de la population par groupes d'âge et par sexe.csv,demographie
Evolution de la population par groupes d'âge et par sexe,65 - 69,Ensemble,Nombre,2019,231275.0,2019,2019,annuelle,2019,Evolution de la population par groupes d'âge et par sexe.csv,demographie
Evolution de la population par groupes d'âge et par sexe,70 - 74,Homme,Nombre,1960,21535.0,1960,1960,annuelle,1960,Evolution de la population par groupes d'âge et par sexe.csv,demographie
Evolution de la population par groupes d'âge et par sexe,70 - 74,Homme,Nombre,1975,35578.0,1975,1975,annuelle,1975,Evolution de la population par groupes d'âge et par sexe.csv,demographie
Evolution de la population par groupes d'âge et par sexe,70 - 74,Homme,Nombre,1985,39231.0,1985,1985,annuelle,1985,Evolution de la population par groupes d'âge et par sexe.csv,demographie
Evolution de la population par groupes d'âge et par sexe,70 - 74,Homme,Nombre,1991,67908.0,1991,1991,annuelle,1991,Evolution de la population par groupes d'âge et par sexe.csv,demographie
Evolution de la population par groupes d'âge et par sexe,70 - 74,Homme,Nombre,1996,54526.623775661,1996,1996,annuelle,1996,Evolution de la population par groupes d'âge et par sexe.csv,demographie
Evolution de la population par groupes d'âge et par sexe,70 - 74,Homme,Nombre,2006,63727.0,2006,2006,annuelle,2006,Evolution de la population par groupes d'âge et par sexe.csv,demographie
Evolution de la population par groupes d'âge et par sexe,70 - 74,Homme,Nombre,2019,92357.0,2019,2019,annuelle,2019,Evolution de la population par groupes d'âge et par sexe.csv,demographie
Evolution de la population par groupes d'âge et par sexe,70 - 74,Femme,Nombre,1960,18112.0,1960,1960,annuelle,1960,Evolution de la population par groupes d'âge et par sexe.csv,demographie
Evolution de la population par groupes d'âge et par sexe,70 - 74,Femme,Nombre,1975,30495.0,1975,1975,annuelle,1975,Evolution de la population par groupes d'âge et par sexe.csv,demographie
Evolution de la population par groupes d'âge et par sexe,70 - 74,Femme,Nombre,1985,47414.0,1985,1985,annuelle,1985,Evolution de la population par groupes d'âge et par sexe.csv,demographie
Evolution de la population par groupes d'âge et par sexe,70 - 74,Femme,Nombre,1991,44048.0,1991,1991,annuelle,1991,Evolution de la population par groupes d'âge et par sexe.csv,demographie
Evolution de la population par groupes d'âge et par sexe,70 - 74,Femme,Nombre,1996,60866.9255148729,1996,1996,annuelle,1996,Evolution de la population par groupes d'âge et par sexe.csv,demographie
Evolution de la population par groupes d'âge et par sexe,70 - 74,Femme,Nombre,2006,72555.0,2006,2006,annuelle,2006,Evolution de la population par groupes d'âge et par sexe.csv,demographie
Evolution de la population par groupes d'âge et par sexe,70 - 74,Femme,Nombre,2019,103898.0,2019,2019,annuelle,2019,Evolution de la population par groupes d'âge et par sexe.csv,demographie
Evolution de la population par groupes d'âge et par sexe,70 - 74,Ensemble,Nombre,1960,39647.0,1960,1960,annuelle,1960,Evolution de la population par groupes d'âge et par sexe.csv,demographie
Evolution de la population par groupes d'âge et par sexe,70 - 74,Ensemble,Nombre,1975,66073.0,1975,1975,annuelle,1975,Evolution de la population par groupes d'âge et par sexe.csv,demographie
Evolution de la population par groupes d'âge et par sexe,70 - 74,Ensemble,Nombre,1985,86645.0,1985,1985,annuelle,1985,Evolution de la population par groupes d'âge et par sexe.csv,demographie
Evolution de la population par groupes d'âge et par sexe,70 - 74,Ensemble,Nombre,1991,111956.0,1991,1991,annuelle,1991,Evolution de la population par groupes d'âge et par sexe.csv,demographie
Evolution de la population par groupes d'âge et par sexe,70 - 74,Ensemble,Nombre,1996,115393.549290534,1996,1996,annuelle,1996,Evolution de la population par groupes d'âge et par sexe.csv,demographie
Evolution de la population par groupes d'âge et par sexe,70 - 74,Ensemble,Nombre,2006,136282.0,2006,2006,annuelle,2006,Evolution de la population par groupes d'âge et par sexe.csv,demographie
Evolution de la population par groupes d'âge et par sexe,70 - 74,Ensemble,Nombre,2019,196255.0,2019,2019,annuelle,2019,Evolution de la population par groupes d'âge et par sexe.csv,demographie
Evolution de la population par groupes d'âge et par sexe,75 - 79,Homme,Nombre,1960,11584.0,1960,1960,annuelle,1960,Evolution de la population par groupes d'âge et par sexe.csv,demographie
Evolution de la population par groupes d'âge et par sexe,75 - 79,Homme,Nombre,1975,17506.0,1975,1975,annuelle,1975,Evolution de la population par groupes d'âge et par sexe.csv,demographie
Evolution de la population par groupes d'âge et par sexe,75 - 79,Homme,Nombre,1985,21680.0,1985,1985,annuelle,1985,Evolution de la population par groupes d'âge et par sexe.csv,demographie
Evolution de la population par groupes d'âge et par sexe,75 - 79,Homme,Nombre,1991,30087.0,1991,1991,annuelle,1991,Evolution de la population par groupes d'âge et par sexe.csv,demographie
Evolution de la population par groupes d'âge et par sexe,75 - 79,Homme,Nombre,1996,31754.9801778587,1996,1996,annuelle,1996,Evolution de la population par groupes d'âge et par sexe.csv,demographie
Evolution de la population par groupes d'âge et par sexe,75 - 79,Homme,Nombre,2006,37186.0,2006,2006,annuelle,2006,Evolution de la population par groupes d'âge et par sexe.csv,demographie
Evolution de la population par groupes d'âge et par sexe,75 - 79,Homme,Nombre,2019,51523.0,2019,2019,annuelle,2019,Evolution de la population par groupes d'âge et par sexe.csv,demographie
Evolution de la population par groupes d'âge et par sexe,75 - 79,Femme,Nombre,1960,10337.0,1960,1960,annuelle,1960,Evolution de la population par groupes d'âge et par sexe.csv,demographie
Evolution de la population par groupes d'âge et par sexe,75 - 79,Femme,Nombre,1975,14683.0,1975,1975,annuelle,1975,Evolution de la population par groupes d'âge et par sexe.csv,demographie
Evolution de la population par groupes d'âge et par sexe,75 - 79,Femme,Nombre,1985,23964.0,1985,1985,annuelle,1985,Evolution de la population par groupes d'âge et par sexe.csv,demographie
Evolution de la population par groupes d'âge et par sexe,75 - 79,Femme,Nombre,1991,15842.0,1991,1991,annuelle,1991,Evolution de la population par groupes d'âge et par sexe.csv,demographie
Evolution de la population par groupes d'âge et par sexe,75 - 79,Femme,Nombre,1996,31151.7468894133,1996,1996,annuelle,1996,Evolution de la population par groupes d'âge et par sexe.csv,demographie
Evolution de la population par groupes d'âge et par sexe,75 - 79,Femme,Nombre,2006,39927.0,2006,2006,annuelle,2006,Evolution de la population par groupes d'âge et par sexe.csv,demographie
Evolution de la population par groupes d'âge et par sexe,75 - 79,Femme,Nombre,2019,56119.0,2019,2019,annuelle,2019,Evolution de la population par groupes d'âge et par sexe.csv,demographie
Evolution de la population par groupes d'âge et par sexe,75 - 79,Ensemble,Nombre,1960,21921.0,1960,1960,annuelle,1960,Evolution de la population par groupes d'âge et par sexe.csv,demographie
Evolution de la population par groupes d'âge et par sexe,75 - 79,Ensemble,Nombre,1975,32189.0,1975,1975,annuelle,1975,Evolution de la population par groupes d'âge et par sexe.csv,demographie
Evolution de la population par groupes d'âge et par sexe,75 - 79,Ensemble,Nombre,1985,45644.0,1985,1985,annuelle,1985,Evolution de la population par groupes d'âge et par sexe.csv,demographie
Evolution de la population par groupes d'âge et par sexe,75 - 79,Ensemble,Nombre,1991,45929.0,1991,1991,annuelle,1991,Evolution de la population par groupes d'âge et par sexe.csv,demographie
Evolution de la population par groupes d'âge et par sexe,75 - 79,Ensemble,Nombre,1996,62906.727067272,1996,1996,annuelle,1996,Evolution de la population par groupes d'âge et par sexe.csv,demographie
Evolution de la population par groupes d'âge et par sexe,75 - 79,Ensemble,Nombre,2006,77113.0,2006,2006,annuelle,2006,Evolution de la population par groupes d'âge et par sexe.csv,demographie
Evolution de la population par groupes d'âge et par sexe,75 - 79,Ensemble,Nombre,2019,107642.0,2019,2019,annuelle,2019,Evolution de la population par groupes d'âge et par sexe.csv,demographie
Evolution de la population par groupes d'âge et par sexe,80 ou +,Homme,Nombre,1960,8511.0,1960,1960,annuelle,1960,Evolution de la population par groupes d'âge et par sexe.csv,demographie
Evolution de la population par groupes d'âge et par sexe,80 ou +,Homme,Nombre,1975,27671.0,1975,1975,annuelle,1975,Evolution de la population par groupes d'âge et par sexe.csv,demographie
Evolution de la population par groupes d'âge et par sexe,80 ou +,Homme,Nombre,1985,27286.0,1985,1985,annuelle,1985,Evolution de la population par groupes d'âge et par sexe.csv,demographie
Evolution de la population par groupes d'âge et par sexe,80 ou +,Homme,Nombre,1991,28555.0,1991,1991,annuelle,1991,Evolution de la population par groupes d'âge et par sexe.csv,demographie
Evolution de la population par groupes d'âge et par sexe,80 ou +,Homme,Nombre,1996,31369.3775345833,1996,1996,annuelle,1996,Evolution de la population par groupes d'âge et par sexe.csv,demographie
Evolution de la population par groupes d'âge et par sexe,80 ou +,Homme,Nombre,2006,40643.0,2006,2006,annuelle,2006,Evolution de la population par groupes d'âge et par sexe.csv,demographie
Evolution de la population par groupes d'âge et par sexe,80 ou +,Homme,Nombre,2019,63908.0,2019,2019,annuelle,2019,Evolution de la population par groupes d'âge et par sexe.csv,demographie
Evolution de la population par groupes d'âge et par sexe,80 ou +,Femme,Nombre,1960,7344.0,1960,1960,annuelle,1960,Evolution de la population par groupes d'âge et par sexe.csv,demographie
Evolution de la population par groupes d'âge et par sexe,80 ou +,Femme,Nombre,1975,23719.0,1975,1975,annuelle,1975,Evolution de la population par groupes d'âge et par sexe.csv,demographie
Evolution de la population par groupes d'âge et par sexe,80 ou +,Femme,Nombre,1985,41086.0,1985,1985,annuelle,1985,Evolution de la population par groupes d'âge et par sexe.csv,demographie
Evolution de la population par groupes d'âge et par sexe,80 ou +,Femme,Nombre,1991,22090.0,1991,1991,annuelle,1991,Evolution de la population par groupes d'âge et par sexe.csv,demographie
Evolution de la population par groupes d'âge et par sexe,80 ou +,Femme,Nombre,1996,44501.491665135,1996,1996,annuelle,1996,Evolution de la population par groupes d'âge et par sexe.csv,demographie
Evolution de la population par groupes d'âge et par sexe,80 ou +,Femme,Nombre,2006,55964.0,2006,2006,annuelle,2006,Evolution de la population par groupes d'âge et par sexe.csv,demographie
Evolution de la population par groupes d'âge et par sexe,80 ou +,Femme,Nombre,2019,88595.0,2019,2019,annuelle,2019,Evolution de la population par groupes d'âge et par sexe.csv,demographie
Evolution de la population par groupes d'âge et par sexe,80 ou +,Ensemble,Nombre,1960,15855.0,1960,1960,annuelle,1960,Evolution de la population par groupes d'âge et par sexe.csv,demographie
Evolution de la population par groupes d'âge et par sexe,80 ou +,Ensemble,Nombre,1975,51390.0,1975,1975,annuelle,1975,Evolution de la population par groupes d'âge et par sexe.csv,demographie
Evolution de la population par groupes d'âge et par sexe,80 ou +,Ensemble,Nombre,1985,68372.0,1985,1985,annuelle,1985,Evolution de la population par groupes d'âge et par sexe.csv,demographie
Evolution de la population par groupes d'âge et par sexe,80 ou +,Ensemble,Nombre,1991,50645.0,1991,1991,annuelle,1991,Evolution de la population par groupes d'âge et par sexe.csv,demographie
Evolution de la population par groupes d'âge et par sexe,80 ou +,Ensemble,Nombre,1996,75870.8691997183,1996,1996,annuelle,1996,Evolution de la population par groupes d'âge et par sexe.csv,demographie
Evolution de la population par groupes d'âge et par sexe,80 ou +,Ensemble,Nombre,2006,96607.0,2006,2006,annuelle,2006,Evolution de la population par groupes d'âge et par sexe.csv,demographie
Evolution de la population par groupes d'âge et par sexe,80 ou +,Ensemble,Nombre,2019,152503.0,2019,2019,annuelle,2019,Evolution de la population par groupes d'âge et par sexe.csv,demographie
Evolution de la population par groupes d'âge et par sexe,nd,Homme,Nombre,2006,33762.0,2006,2006,annuelle,2006,Evolution de la population par groupes d'âge et par sexe.csv,demographie
Evolution de la population par groupes d'âge et par sexe,nd,Femme,Nombre,2006,40725.0,2006,2006,annuelle,2006,Evolution de la population par groupes d'âge et par sexe.csv,demographie
Evolution de la population par groupes d'âge et par sexe,nd,Ensemble,Nombre,2006,74487.0,2006,2006,annuelle,2006,Evolution de la population par groupes d'âge et par sexe.csv,demographie
Evolution de la population par groupes d'âge et par sexe,Total,Homme,Nombre,1960,2145918.0,1960,1960,annuelle,1960,Evolution de la population par groupes d'âge et par sexe.csv,demographie
Evolution de la population par groupes d'âge et par sexe,Total,Homme,Nombre,1975,2827578.0,1975,1975,annuelle,1975,Evolution de la population par groupes d'âge et par sexe.csv,demographie
Evolution de la population par groupes d'âge et par sexe,Total,Homme,Nombre,1985,3833237.0,1985,1985,annuelle,1985,Evolution de la population par groupes d'âge et par sexe.csv,demographie
Evolution de la population par groupes d'âge et par sexe,Total,Homme,Nombre,1991,4492152.0,1991,1991,annuelle,1991,Evolution de la population par groupes d'âge et par sexe.csv,demographie
Evolution de la population par groupes d'âge et par sexe,Total,Homme,Nombre,1996,4970882.0,1996,1996,annuelle,1996,Evolution de la population par groupes d'âge et par sexe.csv,demographie
Evolution de la population par groupes d'âge et par sexe,Total,Homme,Nombre,2006,6768739.0,2006,2006,annuelle,2006,Evolution de la population par groupes d'âge et par sexe.csv,demographie
Evolution de la population par groupes d'âge et par sexe,Total,Homme,Nombre,2019,9900847.0,2019,2019,annuelle,2019,Evolution de la population par groupes d'âge et par sexe.csv,demographie
Evolution de la population par groupes d'âge et par sexe,Total,Femme,Nombre,1960,2171852.0,1960,1960,annuelle,1960,Evolution de la population par groupes d'âge et par sexe.csv,demographie
Evolution de la population par groupes d'âge et par sexe,Total,Femme,Nombre,1975,2810625.0,1975,1975,annuelle,1975,Evolution de la population par groupes d'âge et par sexe.csv,demographie
Evolution de la population par groupes d'âge et par sexe,Total,Femme,Nombre,1985,4131468.0,1985,1985,annuelle,1985,Evolution de la population par groupes d'âge et par sexe.csv,demographie
Evolution de la population par groupes d'âge et par sexe,Total,Femme,Nombre,1991,4698639.0,1991,1991,annuelle,1991,Evolution de la population par groupes d'âge et par sexe.csv,demographie
Evolution de la population par groupes d'âge et par sexe,Total,Femme,Nombre,1996,5341727.0,1996,1996,annuelle,1996,Evolution de la population par groupes d'âge et par sexe.csv,demographie
Evolution de la population par groupes d'âge et par sexe,Total,Femme,Nombre,2006,7248523.0,2006,2006,annuelle,2006,Evolution de la population par groupes d'âge et par sexe.csv,demographie
Evolution de la population par groupes d'âge et par sexe,Total,Femme,Nombre,2019,10604308.0,2019,2019,annuelle,2019,Evolution de la population par groupes d'âge et par sexe.csv,demographie
Evolution de la population par groupes d'âge et par sexe,Total,Ensemble,Nombre,1960,4317770.0,1960,1960,annuelle,1960,Evolution de la population par groupes d'âge et par sexe.csv,demographie
Evolution de la population par groupes d'âge et par sexe,Total,Ensemble,Nombre,1975,5638203.0,1975,1975,annuelle,1975,Evolution de la population par groupes d'âge et par sexe.csv,demographie
Evolution de la population par groupes d'âge et par sexe,Total,Ensemble,Nombre,1985,7964705.0,1985,1985,annuelle,1985,Evolution de la population par groupes d'âge et par sexe.csv,demographie
Evolution de la population par groupes d'âge et par sexe,Total,Ensemble,Nombre,1991,9190791.0,1991,1991,annuelle,1991,Evolution de la population par groupes d'âge et par sexe.csv,demographie
Evolution de la population par groupes d'âge et par sexe,Total,Ensemble,Nombre,1996,10312609.0,1996,1996,annuelle,1996,Evolution de la population par groupes d'âge et par sexe.csv,demographie
Evolution de la population par groupes d'âge et par sexe,Total,Ensemble,Nombre,2006,14017262.0,2006,2006,annuelle,2006,Evolution de la population par groupes d'âge et par sexe.csv,demographie
Evolution de la population par groupes d'âge et par sexe,Total,Ensemble,Nombre,2019,20505155.0,2019,2019,annuelle,2019,Evolution de la population par groupes d'âge et par sexe.csv,demographie
