indicateur,r_gion,rubrique,unite,date,valeur,date_source,periode_normalisee,granularite_temporelle,annee,source_fichier,domaine
Répartition ménages par Rég selon le mode d'énergie pour la cuisine,Boucle du Mouhoun,Bois ramassé,%,2018,69.9,2018,2018,annuelle,2018,Répartition des ménages par région selon le mode d'énergie pour la cuisine en 2018.csv,vulnerabilite_menages
Répartition ménages par Rég selon le mode d'énergie pour la cuisine,Boucle du Mouhoun,Bois acheté,%,2018,14.2,2018,2018,annuelle,2018,Répartition des ménages par région selon le mode d'énergie pour la cuisine en 2018.csv,vulnerabilite_menages
Répartition ménages par Rég selon le mode d'énergie pour la cuisine,Boucle du Mouhoun,Charbon de bois,%,2018,9.2,2018,2018,annuelle,2018,Répartition des ménages par région selon le mode d'énergie pour la cuisine en 2018.csv,vulnerabilite_menages
Répartition ménages par Rég selon le mode d'énergie pour la cuisine,Boucle du Mouhoun,Gaz,%,2018,6.8,2018,2018,annuelle,2018,Répartition des ménages par région selon le mode d'énergie pour la cuisine en 2018.csv,vulnerabilite_menages
Répartition ménages par Rég selon le mode d'énergie pour la cuisine,Boucle du Mouhoun,Electricité,%,2018,0.0,2018,2018,annuelle,2018,Répartition des ménages par région selon le mode d'énergie pour la cuisine en 2018.csv,vulnerabilite_menages
Répartition ménages par Rég selon le mode d'énergie pour la cuisine,Boucle du Mouhoun,Déchets d'animaux,%,2018,0.0,2018,2018,annuelle,2018,Répartition des ménages par région selon le mode d'énergie pour la cuisine en 2018.csv,vulnerabilite_menages
Répartition ménages par Rég selon le mode d'énergie pour la cuisine,Boucle du Mouhoun,Autre combustible,%,2018,0.0,2018,2018,annuelle,2018,Répartition des ménages par région selon le mode d'énergie pour la cuisine en 2018.csv,vulnerabilite_menages
Répartition ménages par Rég selon le mode d'énergie pour la cuisine,Boucle du Mouhoun,Total,%,2018,100.0,2018,2018,annuelle,2018,Répartition des ménages par région selon le mode d'énergie pour la cuisine en 2018.csv,vulnerabilite_menages
Répartition ménages par Rég selon le mode d'énergie pour la cuisine,Cascades,Bois ramassé,%,2018,67.2,2018,2018,annuelle,2018,Répartition des ménages par région selon le mode d'énergie pour la cuisine en 2018.csv,vulnerabilite_menages
Répartition ménages par Rég selon le mode d'énergie pour la cuisine,Cascades,Bois acheté,%,2018,3.6,2018,2018,annuelle,2018,Répartition des ménages par région selon le mode d'énergie pour la cuisine en 2018.csv,vulnerabilite_menages
Répartition ménages par Rég selon le mode d'énergie pour la cuisine,Cascades,Charbon de bois,%,2018,16.1,2018,2018,annuelle,2018,Répartition des ménages par région selon le mode d'énergie pour la cuisine en 2018.csv,vulnerabilite_menages
Répartition ménages par Rég selon le mode d'énergie pour la cuisine,Cascades,Gaz,%,2018,12.8,2018,2018,annuelle,2018,Répartition des ménages par région selon le mode d'énergie pour la cuisine en 2018.csv,vulnerabilite_menages
Répartition ménages par Rég selon le mode d'énergie pour la cuisine,Cascades,Electricité,%,2018,0.0,2018,2018,annuelle,2018,Répartition des ménages par région selon le mode d'énergie pour la cuisine en 2018.csv,vulnerabilite_menages
Répartition ménages par Rég selon le mode d'énergie pour la cuisine,Cascades,Déchets d'animaux,%,2018,0.0,2018,2018,annuelle,2018,Répartition des ménages par région selon le mode d'énergie pour la cuisine en 2018.csv,vulnerabilite_menages
Répartition ménages par Rég selon le mode d'énergie pour la cuisine,Cascades,Autre combustible,%,2018,0.3,2018,2018,annuelle,2018,Répartition des ménages par région selon le mode d'énergie pour la cuisine en 2018.csv,vulnerabilite_menages
Répartition ménages par Rég selon le mode d'énergie pour la cuisine,Cascades,Total,%,2018,100.0,2018,2018,annuelle,2018,Répartition des ménages par région selon le mode d'énergie pour la cuisine en 2018.csv,vulnerabilite_menages
Répartition ménages par Rég selon le mode d'énergie pour la cuisine,Centre,Bois ramassé,%,2018,5.4,2018,2018,annuelle,2018,Répartition des ménages par région selon le mode d'énergie pour la cuisine en 2018.csv,vulnerabilite_menages
Répartition ménages par Rég selon le mode d'énergie pour la cuisine,Centre,Bois acheté,%,2018,3.6,2018,2018,annuelle,2018,Répartition des ménages par région selon le mode d'énergie pour la cuisine en 2018.csv,vulnerabilite_menages
Répartition ménages par Rég selon le mode d'énergie pour la cuisine,Centre,Charbon de bois,%,2018,12.6,2018,2018,annuelle,2018,Répartition des ménages par région selon le mode d'énergie pour la cuisine en 2018.csv,vulnerabilite_menages
Répartition ménages par Rég selon le mode d'énergie pour la cuisine,Centre,Gaz,%,2018,76.6,2018,2018,annuelle,2018,Répartition des ménages par région selon le mode d'énergie pour la cuisine en 2018.csv,vulnerabilite_menages
Répartition ménages par Rég selon le mode d'énergie pour la cuisine,Centre,Electricité,%,2018,1.1,2018,2018,annuelle,2018,Répartition des ménages par région selon le mode d'énergie pour la cuisine en 2018.csv,vulnerabilite_menages
Répartition ménages par Rég selon le mode d'énergie pour la cuisine,Centre,Déchets d'animaux,%,2018,0.0,2018,2018,annuelle,2018,Répartition des ménages par région selon le mode d'énergie pour la cuisine en 2018.csv,vulnerabilite_menages
Répartition ménages par Rég selon le mode d'énergie pour la cuisine,Centre,Autre combustible,%,2018,0.6,2018,2018,annuelle,2018,Répartition des ménages par région selon le mode d'énergie pour la cuisine en 2018.csv,vulnerabilite_menages
Répartition ménages par Rég selon le mode d'énergie pour la cuisine,Centre,Total,%,2018,100.0,2018,2018,annuelle,2018,Répartition des ménages par région selon le mode d'énergie pour la cuisine en 2018.csv,vulnerabilite_menages
Répartition ménages par Rég selon le mode d'énergie pour la cuisine,Centre-Est,Bois ramassé,%,2018,55.8,2018,2018,annuelle,2018,Répartition des ménages par région selon le mode d'énergie pour la cuisine en 2018.csv,vulnerabilite_menages
Répartition ménages par Rég selon le mode d'énergie pour la cuisine,Centre-Est,Bois acheté,%,2018,30.9,2018,2018,annuelle,2018,Répartition des ménages par région selon le mode d'énergie pour la cuisine en 2018.csv,vulnerabilite_menages
Répartition ménages par Rég selon le mode d'énergie pour la cuisine,Centre-Est,Charbon de bois,%,2018,3.0,2018,2018,annuelle,2018,Répartition des ménages par région selon le mode d'énergie pour la cuisine en 2018.csv,vulnerabilite_menages
Répartition ménages par Rég selon le mode d'énergie pour la cuisine,Centre-Est,Gaz,%,2018,9.7,2018,2018,annuelle,2018,Répartition des ménages par région selon le mode d'énergie pour la cuisine en 2018.csv,vulnerabilite_menages
Répartition ménages par Rég selon le mode d'énergie pour la cuisine,Centre-Est,Electricité,%,2018,0.2,2018,2018,annuelle,2018,Répartition des ménages par région selon le mode d'énergie pour la cuisine en 2018.csv,vulnerabilite_menages
Répartition ménages par Rég selon le mode d'énergie pour la cuisine,Centre-Est,Déchets d'animaux,%,2018,0.2,2018,2018,annuelle,2018,Répartition des ménages par région selon le mode d'énergie pour la cuisine en 2018.csv,vulnerabilite_menages
Répartition ménages par Rég selon le mode d'énergie pour la cuisine,Centre-Est,Autre combustible,%,2018,0.2,2018,2018,annuelle,2018,Répartition des ménages par région selon le mode d'énergie pour la cuisine en 2018.csv,vulnerabilite_menages
Répartition ménages par Rég selon le mode d'énergie pour la cuisine,Centre-Est,Total,%,2018,100.0,2018,2018,annuelle,2018,Répartition des ménages par région selon le mode d'énergie pour la cuisine en 2018.csv,vulnerabilite_menages
Répartition ménages par Rég selon le mode d'énergie pour la cuisine,Centre-Nord,Bois ramassé,%,2018,77.5,2018,2018,annuelle,2018,Répartition des ménages par région selon le mode d'énergie pour la cuisine en 2018.csv,vulnerabilite_menages
Répartition ménages par Rég selon le mode d'énergie pour la cuisine,Centre-Nord,Bois acheté,%,2018,12.3,2018,2018,annuelle,2018,Répartition des ménages par région selon le mode d'énergie pour la cuisine en 2018.csv,vulnerabilite_menages
Répartition ménages par Rég selon le mode d'énergie pour la cuisine,Centre-Nord,Charbon de bois,%,2018,0.8,2018,2018,annuelle,2018,Répartition des ménages par région selon le mode d'énergie pour la cuisine en 2018.csv,vulnerabilite_menages
Répartition ménages par Rég selon le mode d'énergie pour la cuisine,Centre-Nord,Gaz,%,2018,4.5,2018,2018,annuelle,2018,Répartition des ménages par région selon le mode d'énergie pour la cuisine en 2018.csv,vulnerabilite_menages
Répartition ménages par Rég selon le mode d'énergie pour la cuisine,Centre-Nord,Electricité,%,2018,0.0,2018,2018,annuelle,2018,Répartition des ménages par région selon le mode d'énergie pour la cuisine en 2018.csv,vulnerabilite_menages
Répartition ménages par Rég selon le mode d'énergie pour la cuisine,Centre-Nord,Déchets d'animaux,%,2018,1.5,2018,2018,annuelle,2018,Répartition des ménages par région selon le mode d'énergie pour la cuisine en 2018.csv,vulnerabilite_menages
Répartition ménages par Rég selon le mode d'énergie pour la cuisine,Centre-Nord,Autre combustible,%,2018,3.5,2018,2018,annuelle,2018,Répartition des ménages par région selon le mode d'énergie pour la cuisine en 2018.csv,vulnerabilite_menages
Répartition ménages par Rég selon le mode d'énergie pour la cuisine,Centre-Nord,Total,%,2018,100.0,2018,2018,annuelle,2018,Répartition des ménages par région selon le mode d'énergie pour la cuisine en 2018.csv,vulnerabilite_menages
Répartition ménages par Rég selon le mode d'énergie pour la cuisine,Centre-Ouest,Bois ramassé,%,2018,71.2,2018,2018,annuelle,2018,Répartition des ménages par région selon le mode d'énergie pour la cuisine en 2018.csv,vulnerabilite_menages
Répartition ménages par Rég selon le mode d'énergie pour la cuisine,Centre-Ouest,Bois acheté,%,2018,5.5,2018,2018,annuelle,2018,Répartition des ménages par région selon le mode d'énergie pour la cuisine en 2018.csv,vulnerabilite_menages
Répartition ménages par Rég selon le mode d'énergie pour la cuisine,Centre-Ouest,Charbon de bois,%,2018,10.4,2018,2018,annuelle,2018,Répartition des ménages par région selon le mode d'énergie pour la cuisine en 2018.csv,vulnerabilite_menages
Répartition ménages par Rég selon le mode d'énergie pour la cuisine,Centre-Ouest,Gaz,%,2018,11.5,2018,2018,annuelle,2018,Répartition des ménages par région selon le mode d'énergie pour la cuisine en 2018.csv,vulnerabilite_menages
Répartition ménages par Rég selon le mode d'énergie pour la cuisine,Centre-Ouest,Electricité,%,2018,0.0,2018,2018,annuelle,2018,Répartition des ménages par région selon le mode d'énergie pour la cuisine en 2018.csv,vulnerabilite_menages
Répartition ménages par Rég selon le mode d'énergie pour la cuisine,Centre-Ouest,Déchets d'animaux,%,2018,0.3,2018,2018,annuelle,2018,Répartition des ménages par région selon le mode d'énergie pour la cuisine en 2018.csv,vulnerabilite_menages
Répartition ménages par Rég selon le mode d'énergie pour la cuisine,Centre-Ouest,Autre combustible,%,2018,1.1,2018,2018,annuelle,2018,Répartition des ménages par région selon le mode d'énergie pour la cuisine en 2018.csv,vulnerabilite_menages
Répartition ménages par Rég selon le mode d'énergie pour la cuisine,Centre-Ouest,Total,%,2018,100.0,2018,2018,annuelle,2018,Répartition des ménages par région selon le mode d'énergie pour la cuisine en 2018.csv,vulnerabilite_menages
Répartition ménages par Rég selon le mode d'énergie pour la cuisine,Centre-Sud,Bois ramassé,%,2018,65.1,2018,2018,annuelle,2018,Répartition des ménages par région selon le mode d'énergie pour la cuisine en 2018.csv,vulnerabilite_menages
Répartition ménages par Rég selon le mode d'énergie pour la cuisine,Centre-Sud,Bois acheté,%,2018,17.6,2018,2018,annuelle,2018,Répartition des ménages par région selon le mode d'énergie pour la cuisine en 2018.csv,vulnerabilite_menages
Répartition ménages par Rég selon le mode d'énergie pour la cuisine,Centre-Sud,Charbon de bois,%,2018,11.2,2018,2018,annuelle,2018,Répartition des ménages par région selon le mode d'énergie pour la cuisine en 2018.csv,vulnerabilite_menages
Répartition ménages par Rég selon le mode d'énergie pour la cuisine,Centre-Sud,Gaz,%,2018,4.3,2018,2018,annuelle,2018,Répartition des ménages par région selon le mode d'énergie pour la cuisine en 2018.csv,vulnerabilite_menages
Répartition ménages par Rég selon le mode d'énergie pour la cuisine,Centre-Sud,Electricité,%,2018,0.0,2018,2018,annuelle,2018,Répartition des ménages par région selon le mode d'énergie pour la cuisine en 2018.csv,vulnerabilite_menages
Répartition ménages par Rég selon le mode d'énergie pour la cuisine,Centre-Sud,Déchets d'animaux,%,2018,0.0,2018,2018,annuelle,2018,Répartition des ménages par région selon le mode d'énergie pour la cuisine en 2018.csv,vulnerabilite_menages
Répartition ménages par Rég selon le mode d'énergie pour la cuisine,Centre-Sud,Autre combustible,%,2018,1.8,2018,2018,annuelle,2018,Répartition des ménages par région selon le mode d'énergie pour la cuisine en 2018.csv,vulnerabilite_menages
Répartition ménages par Rég selon le mode d'énergie pour la cuisine,Centre-Sud,Total,%,2018,100.0,2018,2018,annuelle,2018,Répartition des ménages par région selon le mode d'énergie pour la cuisine en 2018.csv,vulnerabilite_menages
Répartition ménages par Rég selon le mode d'énergie pour la cuisine,Est,Bois ramassé,%,2018,80.1,2018,2018,annuelle,2018,Répartition des ménages par région selon le mode d'énergie pour la cuisine en 2018.csv,vulnerabilite_menages
Répartition ménages par Rég selon le mode d'énergie pour la cuisine,Est,Bois acheté,%,2018,8.4,2018,2018,annuelle,2018,Répartition des ménages par région selon le mode d'énergie pour la cuisine en 2018.csv,vulnerabilite_menages
Répartition ménages par Rég selon le mode d'énergie pour la cuisine,Est,Charbon de bois,%,2018,6.8,2018,2018,annuelle,2018,Répartition des ménages par région selon le mode d'énergie pour la cuisine en 2018.csv,vulnerabilite_menages
Répartition ménages par Rég selon le mode d'énergie pour la cuisine,Est,Gaz,%,2018,3.4,2018,2018,annuelle,2018,Répartition des ménages par région selon le mode d'énergie pour la cuisine en 2018.csv,vulnerabilite_menages
Répartition ménages par Rég selon le mode d'énergie pour la cuisine,Est,Electricité,%,2018,0.0,2018,2018,annuelle,2018,Répartition des ménages par région selon le mode d'énergie pour la cuisine en 2018.csv,vulnerabilite_menages
Répartition ménages par Rég selon le mode d'énergie pour la cuisine,Est,Déchets d'animaux,%,2018,1.2,2018,2018,annuelle,2018,Répartition des ménages par région selon le mode d'énergie pour la cuisine en 2018.csv,vulnerabilite_menages
Répartition ménages par Rég selon le mode d'énergie pour la cuisine,Est,Autre combustible,%,2018,0.1,2018,2018,annuelle,2018,Répartition des ménages par région selon le mode d'énergie pour la cuisine en 2018.csv,vulnerabilite_menages
Répartition ménages par Rég selon le mode d'énergie pour la cuisine,Est,Total,%,2018,100.0,2018,2018,annuelle,2018,Répartition des ménages par région selon le mode d'énergie pour la cuisine en 2018.csv,vulnerabilite_menages
Répartition ménages par Rég selon le mode d'énergie pour la cuisine,Hauts Bassins,Bois ramassé,%,2018,29.3,2018,2018,annuelle,2018,Répartition des ménages par région selon le mode d'énergie pour la cuisine en 2018.csv,vulnerabilite_menages
Répartition ménages par Rég selon le mode d'énergie pour la cuisine,Hauts Bassins,Bois acheté,%,2018,5.0,2018,2018,annuelle,2018,Répartition des ménages par région selon le mode d'énergie pour la cuisine en 2018.csv,vulnerabilite_menages
Répartition ménages par Rég selon le mode d'énergie pour la cuisine,Hauts Bassins,Charbon de bois,%,2018,40.0,2018,2018,annuelle,2018,Répartition des ménages par région selon le mode d'énergie pour la cuisine en 2018.csv,vulnerabilite_menages
Répartition ménages par Rég selon le mode d'énergie pour la cuisine,Hauts Bassins,Gaz,%,2018,24.6,2018,2018,annuelle,2018,Répartition des ménages par région selon le mode d'énergie pour la cuisine en 2018.csv,vulnerabilite_menages
Répartition ménages par Rég selon le mode d'énergie pour la cuisine,Hauts Bassins,Electricité,%,2018,0.0,2018,2018,annuelle,2018,Répartition des ménages par région selon le mode d'énergie pour la cuisine en 2018.csv,vulnerabilite_menages
Répartition ménages par Rég selon le mode d'énergie pour la cuisine,Hauts Bassins,Déchets d'animaux,%,2018,0.0,2018,2018,annuelle,2018,Répartition des ménages par région selon le mode d'énergie pour la cuisine en 2018.csv,vulnerabilite_menages
Répartition ménages par Rég selon le mode d'énergie pour la cuisine,Hauts Bassins,Autre combustible,%,2018,1.1,2018,2018,annuelle,2018,Répartition des ménages par région selon le mode d'énergie pour la cuisine en 2018.csv,vulnerabilite_menages
Répartition ménages par Rég selon le mode d'énergie pour la cuisine,Hauts Bassins,Total,%,2018,100.0,2018,2018,annuelle,2018,Répartition des ménages par région selon le mode d'énergie pour la cuisine en 2018.csv,vulnerabilite_menages
Répartition ménages par Rég selon le mode d'énergie pour la cuisine,Nord,Bois ramassé,%,2018,74.7,2018,2018,annuelle,2018,Répartition des ménages par région selon le mode d'énergie pour la cuisine en 2018.csv,vulnerabilite_menages
Répartition ménages par Rég selon le mode d'énergie pour la cuisine,Nord,Bois acheté,%,2018,10.9,2018,2018,annuelle,2018,Répartition des ménages par région selon le mode d'énergie pour la cuisine en 2018.csv,vulnerabilite_menages
Répartition ménages par Rég selon le mode d'énergie pour la cuisine,Nord,Charbon de bois,%,2018,1.3,2018,2018,annuelle,2018,Répartition des ménages par région selon le mode d'énergie pour la cuisine en 2018.csv,vulnerabilite_menages
Répartition ménages par Rég selon le mode d'énergie pour la cuisine,Nord,Gaz,%,2018,7.6,2018,2018,annuelle,2018,Répartition des ménages par région selon le mode d'énergie pour la cuisine en 2018.csv,vulnerabilite_menages
Répartition ménages par Rég selon le mode d'énergie pour la cuisine,Nord,Electricité,%,2018,0.0,2018,2018,annuelle,2018,Répartition des ménages par région selon le mode d'énergie pour la cuisine en 2018.csv,vulnerabilite_menages
Répartition ménages par Rég selon le mode d'énergie pour la cuisine,Nord,Déchets d'animaux,%,2018,0.5,2018,2018,annuelle,2018,Répartition des ménages par région selon le mode d'énergie pour la cuisine en 2018.csv,vulnerabilite_menages
Répartition ménages par Rég selon le mode d'énergie pour la cuisine,Nord,Autre combustible,%,2018,4.9,2018,2018,annuelle,2018,Répartition des ménages par région selon le mode d'énergie pour la cuisine en 2018.csv,vulnerabilite_menages
Répartition ménages par Rég selon le mode d'énergie pour la cuisine,Nord,Total,%,2018,100.0,2018,2018,annuelle,2018,Répartition des ménages par région selon le mode d'énergie pour la cuisine en 2018.csv,vulnerabilite_menages
Répartition ménages par Rég selon le mode d'énergie pour la cuisine,Plateau-Central,Bois ramassé,%,2018,77.6,2018,2018,annuelle,2018,Répartition des ménages par région selon le mode d'énergie pour la cuisine en 2018.csv,vulnerabilite_menages
Répartition ménages par Rég selon le mode d'énergie pour la cuisine,Plateau-Central,Bois acheté,%,2018,10.6,2018,2018,annuelle,2018,Répartition des ménages par région selon le mode d'énergie pour la cuisine en 2018.csv,vulnerabilite_menages
Répartition ménages par Rég selon le mode d'énergie pour la cuisine,Plateau-Central,Charbon de bois,%,2018,1.0,2018,2018,annuelle,2018,Répartition des ménages par région selon le mode d'énergie pour la cuisine en 2018.csv,vulnerabilite_menages
Répartition ménages par Rég selon le mode d'énergie pour la cuisine,Plateau-Central,Gaz,%,2018,7.4,2018,2018,annuelle,2018,Répartition des ménages par région selon le mode d'énergie pour la cuisine en 2018.csv,vulnerabilite_menages
Répartition ménages par Rég selon le mode d'énergie pour la cuisine,Plateau-Central,Electricité,%,2018,0.0,2018,2018,annuelle,2018,Répartition des ménages par région selon le mode d'énergie pour la cuisine en 2018.csv,vulnerabilite_menages
Répartition ménages par Rég selon le mode d'énergie pour la cuisine,Plateau-Central,Déchets d'animaux,%,2018,0.0,2018,2018,annuelle,2018,Répartition des ménages par région selon le mode d'énergie pour la cuisine en 2018.csv,vulnerabilite_menages
Répartition ménages par Rég selon le mode d'énergie pour la cuisine,Plateau-Central,Autre combustible,%,2018,3.4,2018,2018,annuelle,2018,Répartition des ménages par région selon le mode d'énergie pour la cuisine en 2018.csv,vulnerabilite_menages
Répartition ménages par Rég selon le mode d'énergie pour la cuisine,Plateau-Central,Total,%,2018,100.0,2018,2018,annuelle,2018,Répartition des ménages par région selon le mode d'énergie pour la cuisine en 2018.csv,vulnerabilite_menages
Répartition ménages par Rég selon le mode d'énergie pour la cuisine,Sahel,Bois ramassé,%,2018,63.7,2018,2018,annuelle,2018,Répartition des ménages par région selon le mode d'énergie pour la cuisine en 2018.csv,vulnerabilite_menages
Répartition ménages par Rég selon le mode d'énergie pour la cuisine,Sahel,Bois acheté,%,2018,14.8,2018,2018,annuelle,2018,Répartition des ménages par région selon le mode d'énergie pour la cuisine en 2018.csv,vulnerabilite_menages
Répartition ménages par Rég selon le mode d'énergie pour la cuisine,Sahel,Charbon de bois,%,2018,3.4,2018,2018,annuelle,2018,Répartition des ménages par région selon le mode d'énergie pour la cuisine en 2018.csv,vulnerabilite_menages
Répartition ménages par Rég selon le mode d'énergie pour la cuisine,Sahel,Gaz,%,2018,1.5,2018,2018,annuelle,2018,Répartition des ménages par région selon le mode d'énergie pour la cuisine en 2018.csv,vulnerabilite_menages
Répartition ménages par Rég selon le mode d'énergie pour la cuisine,Sahel,Electricité,%,2018,0.0,2018,2018,annuelle,2018,Répartition des ménages par région selon le mode d'énergie pour la cuisine en 2018.csv,vulnerabilite_menages
Répartition ménages par Rég selon le mode d'énergie pour la cuisine,Sahel,Déchets d'animaux,%,2018,12.8,2018,2018,annuelle,2018,Répartition des ménages par région selon le mode d'énergie pour la cuisine en 2018.csv,vulnerabilite_menages
Répartition ménages par Rég selon le mode d'énergie pour la cuisine,Sahel,Autre combustible,%,2018,3.9,2018,2018,annuelle,2018,Répartition des ménages par région selon le mode d'énergie pour la cuisine en 2018.csv,vulnerabilite_menages
Répartition ménages par Rég selon le mode d'énergie pour la cuisine,Sahel,Total,%,2018,100.0,2018,2018,annuelle,2018,Répartition des ménages par région selon le mode d'énergie pour la cuisine en 2018.csv,vulnerabilite_menages
Répartition ménages par Rég selon le mode d'énergie pour la cuisine,Sud-Ouest,Bois ramassé,%,2018,77.3,2018,2018,annuelle,2018,Répartition des ménages par région selon le mode d'énergie pour la cuisine en 2018.csv,vulnerabilite_menages
Répartition ménages par Rég selon le mode d'énergie pour la cuisine,Sud-Ouest,Bois acheté,%,2018,4.1,2018,2018,annuelle,2018,Répartition des ménages par région selon le mode d'énergie pour la cuisine en 2018.csv,vulnerabilite_menages
Répartition ménages par Rég selon le mode d'énergie pour la cuisine,Sud-Ouest,Charbon de bois,%,2018,11.0,2018,2018,annuelle,2018,Répartition des ménages par région selon le mode d'énergie pour la cuisine en 2018.csv,vulnerabilite_menages
Répartition ménages par Rég selon le mode d'énergie pour la cuisine,Sud-Ouest,Gaz,%,2018,7.7,2018,2018,annuelle,2018,Répartition des ménages par région selon le mode d'énergie pour la cuisine en 2018.csv,vulnerabilite_menages
Répartition ménages par Rég selon le mode d'énergie pour la cuisine,Sud-Ouest,Electricité,%,2018,0.0,2018,2018,annuelle,2018,Répartition des ménages par région selon le mode d'énergie pour la cuisine en 2018.csv,vulnerabilite_menages
Répartition ménages par Rég selon le mode d'énergie pour la cuisine,Sud-Ouest,Déchets d'animaux,%,2018,0.0,2018,2018,annuelle,2018,Répartition des ménages par région selon le mode d'énergie pour la cuisine en 2018.csv,vulnerabilite_menages
Répartition ménages par Rég selon le mode d'énergie pour la cuisine,Sud-Ouest,Autre combustible,%,2018,0.0,2018,2018,annuelle,2018,Répartition des ménages par région selon le mode d'énergie pour la cuisine en 2018.csv,vulnerabilite_menages
Répartition ménages par Rég selon le mode d'énergie pour la cuisine,Sud-Ouest,Total,%,2018,100.0,2018,2018,annuelle,2018,Répartition des ménages par région selon le mode d'énergie pour la cuisine en 2018.csv,vulnerabilite_menages
Répartition ménages par Rég selon le mode d'énergie pour la cuisine,Burkina Faso,Bois ramassé,%,2018,54.7,2018,2018,annuelle,2018,Répartition des ménages par région selon le mode d'énergie pour la cuisine en 2018.csv,vulnerabilite_menages
Répartition ménages par Rég selon le mode d'énergie pour la cuisine,Burkina Faso,Bois acheté,%,2018,10.2,2018,2018,annuelle,2018,Répartition des ménages par région selon le mode d'énergie pour la cuisine en 2018.csv,vulnerabilite_menages
Répartition ménages par Rég selon le mode d'énergie pour la cuisine,Burkina Faso,Charbon de bois,%,2018,11.2,2018,2018,annuelle,2018,Répartition des ménages par région selon le mode d'énergie pour la cuisine en 2018.csv,vulnerabilite_menages
Répartition ménages par Rég selon le mode d'énergie pour la cuisine,Burkina Faso,Gaz,%,2018,21.0,2018,2018,annuelle,2018,Répartition des ménages par région selon le mode d'énergie pour la cuisine en 2018.csv,vulnerabilite_menages
Répartition ménages par Rég selon le mode d'énergie pour la cuisine,Burkina Faso,Electricité,%,2018,0.2,2018,2018,annuelle,2018,Répartition des ménages par région selon le mode d'énergie pour la cuisine en 2018.csv,vulnerabilite_menages
Répartition ménages par Rég selon le mode d'énergie pour la cuisine,Burkina Faso,Déchets d'animaux,%,2018,1.2,2018,2018,annuelle,2018,Répartition des ménages par région selon le mode d'énergie pour la cuisine en 2018.csv,vulnerabilite_menages
Répartition ménages par Rég selon le mode d'énergie pour la cuisine,Burkina Faso,Autre combustible,%,2018,1.4,2018,2018,annuelle,2018,Répartition des ménages par région selon le mode d'énergie pour la cuisine en 2018.csv,vulnerabilite_menages
Répartition ménages par Rég selon le mode d'énergie pour la cuisine,Burkina Faso,Total,%,2018,100.0,2018,2018,annuelle,2018,Répartition des ménages par région selon le mode d'énergie pour la cuisine en 2018.csv,vulnerabilite_menages
