domaine,chemin_relatif,format,nb_lignes,nb_colonnes,nb_valeurs_vides,ratio_valeurs_vides,colonnes,statut_analyse,message
education,data_raw/education/acces_numerique/ITU/itu_data_extract_1775481045210.csv,csv,293,13,597,0.156734,"﻿""seriesID"" | seriesCode | seriesName | seriesParent | seriesUnits | entityID | entityIso | entityName | dataValue | dataYear | dataNote | dataSource | seriesDescription",OK,"Delimiteur detecte: ,"
education,data_raw/education/acces_numerique/ITU/itu_data_extract_1775484548867.csv,csv,260,13,486,0.143787,"﻿""seriesID"" | seriesCode | seriesName | seriesParent | seriesUnits | entityID | entityIso | entityName | dataValue | dataYear | dataNote | dataSource | seriesDescription",OK,"Delimiteur detecte: ,"
education,data_raw/education/acces_numerique/ITU/itu_data_extract_1775484721989.csv,csv,177,16,1148,0.405367,"﻿""seriesID"" | seriesCode | seriesName | seriesParent | seriesUnits | entityID | entityIso | entityName | dataValue | dataYear | dataNote | dataSource | seriesDescription | dataValue 1 | dataValue 2 | dataValue 3",OK,"Delimiteur detecte: ,"
education,data_raw/education/acces_numerique/ITU/itu_data_extract_1775484841053.csv,csv,167,21,1820,0.518962,"﻿""seriesID"" | seriesCode | seriesName | seriesParent | seriesUnits | entityID | entityIso | entityName | dataValue | dataYear | dataNote | dataSource | seriesDescription | dataValue 1 | dataValue 2 | dataValue 3 | dataValue 4 | dataValue 5 | dataValue 6 | dataValue 7 | dataValue 8",OK,"Delimiteur detecte: ,"
education,data_raw/education/acces_numerique/ITU/itu_data_extract_1775486509768.csv,csv,250,16,1622,0.4055,"﻿""seriesID"" | seriesCode | seriesName | seriesParent | seriesUnits | entityID | entityIso | entityName | dataValue | dataYear | dataNote | dataSource | seriesDescription | dataValue 1 | dataValue 2 | dataValue 3",OK,"Delimiteur detecte: ,"
education,data_raw/education/acces_numerique/ITU/itu_data_extract_1775486806072.csv,csv,283,17,2291,0.4762,"﻿""seriesID"" | seriesCode | seriesName | seriesParent | seriesUnits | entityID | entityIso | entityName | dataValue | dataYear | dataNote | dataSource | seriesDescription | dataValue 1 | dataValue 2 | dataValue 3 | dataValue 4",OK,"Delimiteur detecte: ,"
education,data_raw/education/acces_numerique/ITU/itu_data_extract_1775486892753.csv,csv,283,17,2291,0.4762,"﻿""seriesID"" | seriesCode | seriesName | seriesParent | seriesUnits | entityID | entityIso | entityName | dataValue | dataYear | dataNote | dataSource | seriesDescription | dataValue 1 | dataValue 2 | dataValue 3 | dataValue 4",OK,"Delimiteur detecte: ,"
education,data_raw/education/acces_numerique/Indicateurs de télécommunications de téléphonie fixe.csv,csv,118,5,118,0.2,indicateurs | rubriques | Unit | Date | Value,OK,"Delimiteur detecte: ,"
education,data_raw/education/acces_numerique/Indicateurs de télécommunications de téléphonie mobile.csv,csv,72,5,0,0.0,indicateurs | rubriques | Unit | Date | Value,OK,"Delimiteur detecte: ,"
education,data_raw/education/acces_numerique/Nombre d’abonnements actifs par opérateur de téléphonie mobile.csv,csv,15,5,0,0.0,indicateurs | rubriques | Unit | Date | Value,OK,"Delimiteur detecte: ,"
education,data_raw/education/ecoles_fermes-ouvertes/2017-2025-bfa-education-in-danger-incident-data.xlsx,xlsx,187,35,909,0.138885,Date | Event Description | Country | Country ISO | Admin 1 | Latitude | Longitude | Geo Precision | Location of event | Reported Perpetrator | Reported Perpetrator Name | Weapon Carried/Used | Type of education facility | Attacks on Schools | Attacks on Universities | Military Occupation of Education facility | Arson attack on education facility | Forced Entry into education facility | Damage/Destruction To Ed facility Event | Attacks on Students and Teachers | Educators Killed | Educators Injured | Educators Kidnapped | Educators Arrested | Known Educators Kidnap Or Arrest Outcome | Students Attacked in School | Students Killed | Students Injured | Students Kidnapped | Known Student Kidnap Or Arrest Outcome | Students Arrested | Sexual Violence Affecting School Age Children | SiND Event ID | Date Event Entered | Date Event Modified,OK,Feuille analysee: Sheet1
education,data_raw/education/ecoles_fermes-ouvertes/2017-2026-education-in-danger-incident-data.xlsx,xlsx,7000,35,33860,0.138204,Date | Event Description | Country | Country ISO | Admin 1 | Latitude | Longitude | Geo Precision | Location of event | Reported Perpetrator | Reported Perpetrator Name | Weapon Carried/Used | Type of education facility | Attacks on Schools | Attacks on Universities | Military Occupation of Education facility | Arson attack on education facility | Forced Entry into education facility | Damage/Destruction To Ed facility Event | Attacks on Students and Teachers | Educators Killed | Educators Injured | Educators Kidnapped | Educators Arrested | Known Educators Kidnap Or Arrest Outcome | Students Attacked in School | Students Killed | Students Injured | Students Kidnapped | Known Student Kidnap Or Arrest Outcome | Students Arrested | Sexual Violence Affecting School Age Children | SiND Event ID | Date Event Entered | Date Event Modified,OK,Feuille analysee: Sheet1
education,data_raw/education/ecoles_fermes-ouvertes/2017-2026-education-in-danger-overview-data.xlsx,xlsx,335,19,0,0.0,Country | Year | Country ISO | Number Of Events | Educators Killed | Educators Injured | Educators Kidnapped | Educators Arrested | Attacks on Schools | Attacks On Universities | Military Occupation of Schools | Forced Entry into Schools | Damage/Destruction To School Event | Attacks on Students and Teachers | Students Attacked in School | Students Killed | Students Injured | Students Kidnapped | Number Of Incidents Affecting Children's Services,OK,Feuille analysee: Sheet1
education,data_raw/education/ecoles_fermes-ouvertes/2020-2026-bfa-overview-data.xlsx,xlsx,7,23,40,0.248447,"Country | Year | Children Events | Education Events | Healthcare Events | Protection Events | Explosive Weapons Events | Health Workers Killed | Health Workers Kidnapped | Health Workers Arrested | Health Facilities Damaged/Destroyed | Incidents Affecting Access to Medicines, Vaccines And Other Health Products | Educational Facilities Damaged/Destroyed | Number Of Incidents Affecting Children's Services | country_iso | KIKA Events | SV Events | Vaccinations Events | Aid Workers Killed | Aid Workers Kidnapped | Aid Workers Arrested | FIVC Events | Water Events",OK,Feuille analysee: Sheet1
education,data_raw/education/ecoles_fermes-ouvertes/2026-education-in-danger-incident-data.xlsx,xlsx,316,35,1515,0.13698,Date | Event Description | Country | Country ISO | Admin 1 | Latitude | Longitude | Geo Precision | Location of event | Reported Perpetrator | Reported Perpetrator Name | Weapon Carried/Used | Type of education facility | Attacks on Schools | Attacks on Universities | Military Occupation of Education facility | Arson attack on education facility | Forced Entry into education facility | Damage/Destruction To Ed facility Event | Attacks on Students and Teachers | Educators Killed | Educators Injured | Educators Kidnapped | Educators Arrested | Known Educators Kidnap Or Arrest Outcome | Students Attacked in School | Students Killed | Students Injured | Students Kidnapped | Known Student Kidnap Or Arrest Outcome | Students Arrested | Sexual Violence Affecting School Age Children | SiND Event ID | Date Event Entered | Date Event Modified,OK,Feuille analysee: Sheet1
education,"data_raw/education/ecoles_fermes-ouvertes/Nombre d'établissements d'enseignement général, technique et professionnel fermés pour insécurité.csv",csv,810,6,0,0.0,indicateur | commune | rubrique | Unit | Date | Value,OK,"Delimiteur detecte: ,"
education,data_raw/education/ecoles_fermes-ouvertes/Évolution des nombres d'écoles et de salles de classe du primaire des secteurs privé et public par région.csv,csv,733,6,0,0.0,indicateur | region | rubrique | Unit | Date | Value,OK,"Delimiteur detecte: ,"
education,data_raw/education/ecoles_fermes-ouvertes/Évolution des nombres d'établissements et de classes de l'enseignement secondaire technique et professionnel des secteurs public et privé par région.csv,csv,756,6,0,0.0,indicateur | region | rubrique | Unit | Date | Value,OK,"Delimiteur detecte: ,"
education,data_raw/education/ecoles_fermes-ouvertes/Évolution des nombres d'établissements et de classes du post-primaire et du secondaire général des secteurs public et privé par région.csv,csv,728,6,0,0.0,indicateur | region | rubrique | Unit | Date | Value,OK,"Delimiteur detecte: ,"
education,data_raw/education/education_afristat.csv,csv,2517,8,0,0.0,indicateurs | pays | niveaux-d-enseignement | sexe | type-d-établissement | Unit | Date | Value,OK,"Delimiteur detecte: ,"
education,data_raw/education/resultats_scolaires/Évolution des résultats du BEPC.csv,csv,82,5,0,0.0,indicateur | rubriques | Unit | Date | Value,OK,"Delimiteur detecte: ,"
education,data_raw/education/resultats_scolaires/Évolution des résultats du Certificat d’Études Primaires (CEP).csv,csv,92,5,0,0.0,indicateur | rubrique | Unit | Date | Value,OK,"Delimiteur detecte: ,"
education,data_raw/education/resultats_scolaires/Évolution des résultats du baccalauréat.csv,csv,76,5,0,0.0,indicateur | rubriques | Unit | Date | Value,OK,"Delimiteur detecte: ,"
