"seriesID","seriesCode","seriesName","seriesParent","seriesUnits","entityID","entityIso","entityName","dataValue","dataYear","dataNote","dataSource","seriesDescription"
20619,"tpInfrastructureSharing_Mobile","Infrastructure sharing for mobile practiced",,,33,"BFA","Burkina Faso","Yes",2015,"","","Infrastructure sharing for mobile practiced"
20618,"tpInfrastructureSharing_Fixed","Infrastructure sharing for fixed services practiced",,,33,"BFA","Burkina Faso","No",2015,"","","Infrastructure sharing for fixed services practiced"
20619,"tpInfrastructureSharing_Mobile","Infrastructure sharing for mobile practiced",,,33,"BFA","Burkina Faso","Yes",2016,"","","Infrastructure sharing for mobile practiced"
20618,"tpInfrastructureSharing_Fixed","Infrastructure sharing for fixed services practiced",,,33,"BFA","Burkina Faso","No",2016,"","","Infrastructure sharing for fixed services practiced"
20619,"tpInfrastructureSharing_Mobile","Infrastructure sharing for mobile practiced",,,33,"BFA","Burkina Faso","Yes",2017,"","","Infrastructure sharing for mobile practiced"
20618,"tpInfrastructureSharing_Fixed","Infrastructure sharing for fixed services practiced",,,33,"BFA","Burkina Faso","No",2018,"","","Infrastructure sharing for fixed services practiced"
20619,"tpInfrastructureSharing_Mobile","Infrastructure sharing for mobile practiced",,,33,"BFA","Burkina Faso","Yes",2018,"","","Infrastructure sharing for mobile practiced"
20619,"tpInfrastructureSharing_Mobile","Infrastructure sharing for mobile practiced",,,33,"BFA","Burkina Faso","Yes",2019,"","","Infrastructure sharing for mobile practiced"
20619,"tpInfrastructureSharing_Mobile","Infrastructure sharing for mobile practiced",,,33,"BFA","Burkina Faso","Yes",2020,"","","Infrastructure sharing for mobile practiced"
20618,"tpInfrastructureSharing_Fixed","Infrastructure sharing for fixed services practiced",,,33,"BFA","Burkina Faso","No",2020,"","","Infrastructure sharing for fixed services practiced"
20618,"tpInfrastructureSharing_Fixed","Infrastructure sharing for fixed services practiced",,,33,"BFA","Burkina Faso","Yes",2021,"","","Infrastructure sharing for fixed services practiced"
20619,"tpInfrastructureSharing_Mobile","Infrastructure sharing for mobile practiced",,,33,"BFA","Burkina Faso","Yes",2021,"","","Infrastructure sharing for mobile practiced"
20618,"tpInfrastructureSharing_Fixed","Infrastructure sharing for fixed services practiced",,,33,"BFA","Burkina Faso","Yes",2022,"","","Infrastructure sharing for fixed services practiced"
20619,"tpInfrastructureSharing_Mobile","Infrastructure sharing for mobile practiced",,,33,"BFA","Burkina Faso","Yes",2022,"","","Infrastructure sharing for mobile practiced"
20619,"tpInfrastructureSharing_Mobile","Infrastructure sharing for mobile practiced",,,33,"BFA","Burkina Faso","Yes",2023,"","","Infrastructure sharing for mobile practiced"
20618,"tpInfrastructureSharing_Fixed","Infrastructure sharing for fixed services practiced",,,33,"BFA","Burkina Faso","Yes",2023,"","","Infrastructure sharing for fixed services practiced"
6,"i1111c","Residential fixed telephone lines per 100 households","i116","per 100 households",33,"BFA","Burkina Faso","2.66508",2015,"","","Refers to the percentage obtained by dividing the number of active fixed-telephone subscriptions that are residential divided by total households and multiplied by 100"
6,"i1111c","Residential fixed telephone lines per 100 households","i116","per 100 households",33,"BFA","Burkina Faso","2.61011",2016,"","","Refers to the percentage obtained by dividing the number of active fixed-telephone subscriptions that are residential divided by total households and multiplied by 100"
6,"i1111c","Residential fixed telephone lines per 100 households","i116","per 100 households",33,"BFA","Burkina Faso","2.54825",2017,"","","Refers to the percentage obtained by dividing the number of active fixed-telephone subscriptions that are residential divided by total households and multiplied by 100"
6,"i1111c","Residential fixed telephone lines per 100 households","i116","per 100 households",33,"BFA","Burkina Faso","2.49364",2018,"","","Refers to the percentage obtained by dividing the number of active fixed-telephone subscriptions that are residential divided by total households and multiplied by 100"
6,"i1111c","Residential fixed telephone lines per 100 households","i116","per 100 households",33,"BFA","Burkina Faso","2.31504",2020,"","","Refers to the percentage obtained by dividing the number of active fixed-telephone subscriptions that are residential divided by total households and multiplied by 100"
15,"i112","Fixed-telephone subscriptions",,"count",33,"BFA","Burkina Faso","75075",2015,"","Autorité de Régulation des Communications Électroniques et des Postes (ARCEP)","Refers to the sum of all active analogue fixed-telephone lines, voice-over-IP (VoIP) subscriptions, fixed wireless local loop (WLL) subscriptions, ISDN voice-channel equivalents, fixed public payphones and satellite-based subscriptions provided to fixed locations that allow for a voice communication"
15,"i112","Fixed-telephone subscriptions",,"count",33,"BFA","Burkina Faso","75727",2016,"","Autorité de régulation des communications","Refers to the sum of all active analogue fixed-telephone lines, voice-over-IP (VoIP) subscriptions, fixed wireless local loop (WLL) subscriptions, ISDN voice-channel equivalents, fixed public payphones and satellite-based subscriptions provided to fixed locations that allow for a voice communication"
15,"i112","Fixed-telephone subscriptions",,"count",33,"BFA","Burkina Faso","76000",2017,"","Autorité de régulation des communications","Refers to the sum of all active analogue fixed-telephone lines, voice-over-IP (VoIP) subscriptions, fixed wireless local loop (WLL) subscriptions, ISDN voice-channel equivalents, fixed public payphones and satellite-based subscriptions provided to fixed locations that allow for a voice communication"
15,"i112","Fixed-telephone subscriptions",,"count",33,"BFA","Burkina Faso","76760",2018,"","Autorité de régulation des communications électroniques et des Postes (ARCEP)","Refers to the sum of all active analogue fixed-telephone lines, voice-over-IP (VoIP) subscriptions, fixed wireless local loop (WLL) subscriptions, ISDN voice-channel equivalents, fixed public payphones and satellite-based subscriptions provided to fixed locations that allow for a voice communication"
15,"i112","Fixed-telephone subscriptions",,"count",33,"BFA","Burkina Faso","75291",2019,"","ARCEP","Refers to the sum of all active analogue fixed-telephone lines, voice-over-IP (VoIP) subscriptions, fixed wireless local loop (WLL) subscriptions, ISDN voice-channel equivalents, fixed public payphones and satellite-based subscriptions provided to fixed locations that allow for a voice communication"
15,"i112","Fixed-telephone subscriptions",,"count",33,"BFA","Burkina Faso","75039",2020,"","ARCEP","Refers to the sum of all active analogue fixed-telephone lines, voice-over-IP (VoIP) subscriptions, fixed wireless local loop (WLL) subscriptions, ISDN voice-channel equivalents, fixed public payphones and satellite-based subscriptions provided to fixed locations that allow for a voice communication"
15,"i112","Fixed-telephone subscriptions",,"count",33,"BFA","Burkina Faso","81374",2021,"","ARCEP","Refers to the sum of all active analogue fixed-telephone lines, voice-over-IP (VoIP) subscriptions, fixed wireless local loop (WLL) subscriptions, ISDN voice-channel equivalents, fixed public payphones and satellite-based subscriptions provided to fixed locations that allow for a voice communication"
15,"i112","Fixed-telephone subscriptions",,"count",33,"BFA","Burkina Faso","72661",2022,"","ITU estimate.","Refers to the sum of all active analogue fixed-telephone lines, voice-over-IP (VoIP) subscriptions, fixed wireless local loop (WLL) subscriptions, ISDN voice-channel equivalents, fixed public payphones and satellite-based subscriptions provided to fixed locations that allow for a voice communication"
27,"i116","Fixed-telephone subscriptions that are residential ",,"%",33,"BFA","Burkina Faso","95.46",2015,"","Autorité de Régulation des Communications Électroniques et des Postes (ARCEP)","Refers to the percentage obtained by dividing the number of active fixed-telephone subscriptions serving households"
27,"i116","Fixed-telephone subscriptions that are residential ",,"%",33,"BFA","Burkina Faso","95.3",2016,"","Autorité de régulation des communications","Refers to the percentage obtained by dividing the number of active fixed-telephone subscriptions serving households"
27,"i116","Fixed-telephone subscriptions that are residential ",,"%",33,"BFA","Burkina Faso","95.3",2017,"","Autorité de régulation des communications","Refers to the percentage obtained by dividing the number of active fixed-telephone subscriptions serving households"
27,"i116","Fixed-telephone subscriptions that are residential ",,"%",33,"BFA","Burkina Faso","95.02",2018,"","Autorité de régulation des communications électroniques et des Postes (ARCEP)","Refers to the percentage obtained by dividing the number of active fixed-telephone subscriptions serving households"
27,"i116","Fixed-telephone subscriptions that are residential ",,"%",33,"BFA","Burkina Faso","95.5",2020,"","Autorité de régulation des communications électroniques et des Postes (ARCEP)","Refers to the percentage obtained by dividing the number of active fixed-telephone subscriptions serving households"
178,"i271","Mobile-cellular subscriptions",,"count",33,"BFA","Burkina Faso","1.44469e+007",2015,"","Autorité de Régulation des Communications Électroniques et des Postes (ARCEP)","Refers to the number of subscriptions to a public mobile-telephone service that provide access to the public switched telephone network (PSTN) using cellular technology. It includes the number of postpaid subscriptions and the number of active prepaid accounts"
178,"i271","Mobile-cellular subscriptions",,"count",33,"BFA","Burkina Faso","1.5404e+007",2016,"","Autorité de régulation des communications","Refers to the number of subscriptions to a public mobile-telephone service that provide access to the public switched telephone network (PSTN) using cellular technology. It includes the number of postpaid subscriptions and the number of active prepaid accounts"
178,"i271","Mobile-cellular subscriptions",,"count",33,"BFA","Burkina Faso","1.79464e+007",2017,"","Autorité de régulation des communications","Refers to the number of subscriptions to a public mobile-telephone service that provide access to the public switched telephone network (PSTN) using cellular technology. It includes the number of postpaid subscriptions and the number of active prepaid accounts"
178,"i271","Mobile-cellular subscriptions",,"count",33,"BFA","Burkina Faso","1.93391e+007",2018,"","Autorité de régulation des communications électroniques et des Postes (ARCEP)","Refers to the number of subscriptions to a public mobile-telephone service that provide access to the public switched telephone network (PSTN) using cellular technology. It includes the number of postpaid subscriptions and the number of active prepaid accounts"
178,"i271","Mobile-cellular subscriptions",,"count",33,"BFA","Burkina Faso","2.03645e+007",2019,"","ARCEP","Refers to the number of subscriptions to a public mobile-telephone service that provide access to the public switched telephone network (PSTN) using cellular technology. It includes the number of postpaid subscriptions and the number of active prepaid accounts"
178,"i271","Mobile-cellular subscriptions",,"count",33,"BFA","Burkina Faso","2.21172e+007",2020,"","ARCEP","Refers to the number of subscriptions to a public mobile-telephone service that provide access to the public switched telephone network (PSTN) using cellular technology. It includes the number of postpaid subscriptions and the number of active prepaid accounts"
178,"i271","Mobile-cellular subscriptions",,"count",33,"BFA","Burkina Faso","2.46783e+007",2021,"","ARCEP","Refers to the number of subscriptions to a public mobile-telephone service that provide access to the public switched telephone network (PSTN) using cellular technology. It includes the number of postpaid subscriptions and the number of active prepaid accounts"
178,"i271","Mobile-cellular subscriptions",,"count",33,"BFA","Burkina Faso","2.68899e+007",2022,"","ITU estimate.","Refers to the number of subscriptions to a public mobile-telephone service that provide access to the public switched telephone network (PSTN) using cellular technology. It includes the number of postpaid subscriptions and the number of active prepaid accounts"
193,"i271p","Mobile-cellular subscriptions: Prepaid",,"count",33,"BFA","Burkina Faso","1.44344e+007",2015,"","Autorité de Régulation des Communications Électroniques et des Postes (ARCEP)","Refers to the total number of mobile-cellular telephone subscriptions that use prepaid refills. These are ""subscriptions"" where, instead of paying an ongoing monthly fee, users purchase blocks of usage time"
193,"i271p","Mobile-cellular subscriptions: Prepaid",,"count",33,"BFA","Burkina Faso","1.53894e+007",2016,"","Autorité de régulation des communications","Refers to the total number of mobile-cellular telephone subscriptions that use prepaid refills. These are ""subscriptions"" where, instead of paying an ongoing monthly fee, users purchase blocks of usage time"
193,"i271p","Mobile-cellular subscriptions: Prepaid",,"count",33,"BFA","Burkina Faso","1.79306e+007",2017,"","Autorité de régulation des communications","Refers to the total number of mobile-cellular telephone subscriptions that use prepaid refills. These are ""subscriptions"" where, instead of paying an ongoing monthly fee, users purchase blocks of usage time"
193,"i271p","Mobile-cellular subscriptions: Prepaid",,"count",33,"BFA","Burkina Faso","1.93199e+007",2018,"","Autorité de régulation des communications électroniques et des Postes (ARCEP)","Refers to the total number of mobile-cellular telephone subscriptions that use prepaid refills. These are ""subscriptions"" where, instead of paying an ongoing monthly fee, users purchase blocks of usage time"
193,"i271p","Mobile-cellular subscriptions: Prepaid",,"count",33,"BFA","Burkina Faso","2.03645e+007",2019,"","Autorité de régulation des communications électroniques et des Postes (ARCEP)","Refers to the total number of mobile-cellular telephone subscriptions that use prepaid refills. These are ""subscriptions"" where, instead of paying an ongoing monthly fee, users purchase blocks of usage time"
193,"i271p","Mobile-cellular subscriptions: Prepaid",,"count",33,"BFA","Burkina Faso","2.21172e+007",2020,"","Autorité de régulation des communications électroniques et des Postes (ARCEP)","Refers to the total number of mobile-cellular telephone subscriptions that use prepaid refills. These are ""subscriptions"" where, instead of paying an ongoing monthly fee, users purchase blocks of usage time"
194,"i271pop","At least 2G",,"%",33,"BFA","Burkina Faso","93",2016,"","Autorité de régulation des communications","Refers to the percentage of inhabitants within range of a mobile-cellular signal, irrespective of whether or not they are subscribers or users"
194,"i271pop","At least 2G",,"%",33,"BFA","Burkina Faso","93",2017,"","Autorité de régulation des communications","Refers to the percentage of inhabitants within range of a mobile-cellular signal, irrespective of whether or not they are subscribers or users"
194,"i271pop","At least 2G",,"%",33,"BFA","Burkina Faso","92",2018,"","Autorité de régulation des communications électroniques et des Postes (ARCEP)","Refers to the percentage of inhabitants within range of a mobile-cellular signal, irrespective of whether or not they are subscribers or users"
194,"i271pop","At least 2G",,"%",33,"BFA","Burkina Faso","92",2019,"","ARCEP","Refers to the percentage of inhabitants within range of a mobile-cellular signal, irrespective of whether or not they are subscribers or users"
194,"i271pop","At least 2G",,"%",33,"BFA","Burkina Faso","92",2020,"","ARCEP","Refers to the percentage of inhabitants within range of a mobile-cellular signal, irrespective of whether or not they are subscribers or users"
194,"i271pop","At least 2G",,"%",33,"BFA","Burkina Faso","92.6",2021,"","ARCEP","Refers to the percentage of inhabitants within range of a mobile-cellular signal, irrespective of whether or not they are subscribers or users"
194,"i271pop","At least 2G",,"%",33,"BFA","Burkina Faso","92.6",2022,"","ITU estimate.","Refers to the percentage of inhabitants within range of a mobile-cellular signal, irrespective of whether or not they are subscribers or users"
235,"i4213dsl","DSL ","i992b","count",33,"BFA","Burkina Faso","5261",2015,"","Autorité de Régulation des Communications Électroniques et des Postes (ARCEP)","Refers to the number of Internet subscriptions using digital subscriber line (DSL) services to access the Internet, at downstream speeds greater than or equal to 256 kbit/s"
235,"i4213dsl","DSL ","i992b","count",33,"BFA","Burkina Faso","8712",2017,"","Autorité de régulation des communications","Refers to the number of Internet subscriptions using digital subscriber line (DSL) services to access the Internet, at downstream speeds greater than or equal to 256 kbit/s"
235,"i4213dsl","DSL ","i992b","count",33,"BFA","Burkina Faso","8643",2016,"","Autorité de régulation des communications","Refers to the number of Internet subscriptions using digital subscriber line (DSL) services to access the Internet, at downstream speeds greater than or equal to 256 kbit/s"
235,"i4213dsl","DSL ","i992b","count",33,"BFA","Burkina Faso","10069",2018,"","Autorité de régulation des communications électroniques et des Postes (ARCEP)","Refers to the number of Internet subscriptions using digital subscriber line (DSL) services to access the Internet, at downstream speeds greater than or equal to 256 kbit/s"
242,"i4214","International bandwidth usage",,"Mbit/s",33,"BFA","Burkina Faso","8290",2015,"","Autorité de Régulation des Communications Électroniques et des Postes (ARCEP)","Refers to average usage of all international links including fiber-optic cables, radio links and traffic processed by satellite ground stations and teleports to orbital satellites (expressed in Mbit/s)"
242,"i4214","International bandwidth usage",,"Mbit/s",33,"BFA","Burkina Faso","15790",2016,"","Autorité de régulation des communications","Refers to average usage of all international links including fiber-optic cables, radio links and traffic processed by satellite ground stations and teleports to orbital satellites (expressed in Mbit/s)"
242,"i4214","International bandwidth usage",,"Mbit/s",33,"BFA","Burkina Faso","18165",2017,"","Autorité de régulation des communications","Refers to average usage of all international links including fiber-optic cables, radio links and traffic processed by satellite ground stations and teleports to orbital satellites (expressed in Mbit/s)"
242,"i4214","International bandwidth usage",,"Mbit/s",33,"BFA","Burkina Faso","44190",2019,"","ARCEP","Refers to average usage of all international links including fiber-optic cables, radio links and traffic processed by satellite ground stations and teleports to orbital satellites (expressed in Mbit/s)"
242,"i4214","International bandwidth usage",,"Mbit/s",33,"BFA","Burkina Faso","37890",2018,"","Autorité de régulation des communications électroniques et des Postes (ARCEP)","Refers to average usage of all international links including fiber-optic cables, radio links and traffic processed by satellite ground stations and teleports to orbital satellites (expressed in Mbit/s)"
242,"i4214","International bandwidth usage",,"Mbit/s",33,"BFA","Burkina Faso","60155",2020,"","ARCEP","Refers to average usage of all international links including fiber-optic cables, radio links and traffic processed by satellite ground stations and teleports to orbital satellites (expressed in Mbit/s)"
391,"i91","Fixed-telephone subscriptions","i112","per 100 people",33,"BFA","Burkina Faso","0.399814",2015,"","","Refers to the sum of all active analogue fixed-telephone lines, voice-over-IP (VoIP) subscriptions, fixed wireless local loop (WLL) subscriptions, ISDN voice-channel equivalents, fixed public payphones and satellite-based subscriptions provided to fixed locations that allow for a voice communication divided by population and multiplied by 100"
391,"i91","Fixed-telephone subscriptions","i112","per 100 people",33,"BFA","Burkina Faso","0.391661",2016,"","","Refers to the sum of all active analogue fixed-telephone lines, voice-over-IP (VoIP) subscriptions, fixed wireless local loop (WLL) subscriptions, ISDN voice-channel equivalents, fixed public payphones and satellite-based subscriptions provided to fixed locations that allow for a voice communication divided by population and multiplied by 100"
391,"i91","Fixed-telephone subscriptions","i112","per 100 people",33,"BFA","Burkina Faso","0.382017",2017,"","","Refers to the sum of all active analogue fixed-telephone lines, voice-over-IP (VoIP) subscriptions, fixed wireless local loop (WLL) subscriptions, ISDN voice-channel equivalents, fixed public payphones and satellite-based subscriptions provided to fixed locations that allow for a voice communication divided by population and multiplied by 100"
391,"i91","Fixed-telephone subscriptions","i112","per 100 people",33,"BFA","Burkina Faso","0.37557",2018,"","","Refers to the sum of all active analogue fixed-telephone lines, voice-over-IP (VoIP) subscriptions, fixed wireless local loop (WLL) subscriptions, ISDN voice-channel equivalents, fixed public payphones and satellite-based subscriptions provided to fixed locations that allow for a voice communication divided by population and multiplied by 100"
391,"i91","Fixed-telephone subscriptions","i112","per 100 people",33,"BFA","Burkina Faso","0.359179",2019,"","","Refers to the sum of all active analogue fixed-telephone lines, voice-over-IP (VoIP) subscriptions, fixed wireless local loop (WLL) subscriptions, ISDN voice-channel equivalents, fixed public payphones and satellite-based subscriptions provided to fixed locations that allow for a voice communication divided by population and multiplied by 100"
391,"i91","Fixed-telephone subscriptions","i112","per 100 people",33,"BFA","Burkina Faso","0.349365",2020,"","","Refers to the sum of all active analogue fixed-telephone lines, voice-over-IP (VoIP) subscriptions, fixed wireless local loop (WLL) subscriptions, ISDN voice-channel equivalents, fixed public payphones and satellite-based subscriptions provided to fixed locations that allow for a voice communication divided by population and multiplied by 100"
391,"i91","Fixed-telephone subscriptions","i112","per 100 people",33,"BFA","Burkina Faso","0.369962",2021,"","","Refers to the sum of all active analogue fixed-telephone lines, voice-over-IP (VoIP) subscriptions, fixed wireless local loop (WLL) subscriptions, ISDN voice-channel equivalents, fixed public payphones and satellite-based subscriptions provided to fixed locations that allow for a voice communication divided by population and multiplied by 100"
391,"i91","Fixed-telephone subscriptions","i112","per 100 people",33,"BFA","Burkina Faso","0.322808",2022,"","","Refers to the sum of all active analogue fixed-telephone lines, voice-over-IP (VoIP) subscriptions, fixed wireless local loop (WLL) subscriptions, ISDN voice-channel equivalents, fixed public payphones and satellite-based subscriptions provided to fixed locations that allow for a voice communication divided by population and multiplied by 100"
392,"i911","Mobile-cellular subscriptions","i271","per 100 people",33,"BFA","Burkina Faso","76.9373",2015,"","","Refers to the number of subscriptions to a public mobile-telephone service that provide access to the public switched telephone network (PSTN) using cellular technology. It includes the number of postpaid subscriptions and the number of active prepaid accounts, divided by population and multiplied by 100"
392,"i911","Mobile-cellular subscriptions","i271","per 100 people",33,"BFA","Burkina Faso","79.6698",2016,"","","Refers to the number of subscriptions to a public mobile-telephone service that provide access to the public switched telephone network (PSTN) using cellular technology. It includes the number of postpaid subscriptions and the number of active prepaid accounts, divided by population and multiplied by 100"
392,"i911","Mobile-cellular subscriptions","i271","per 100 people",33,"BFA","Burkina Faso","90.2081",2017,"","","Refers to the number of subscriptions to a public mobile-telephone service that provide access to the public switched telephone network (PSTN) using cellular technology. It includes the number of postpaid subscriptions and the number of active prepaid accounts, divided by population and multiplied by 100"
392,"i911","Mobile-cellular subscriptions","i271","per 100 people",33,"BFA","Burkina Faso","94.622",2018,"","","Refers to the number of subscriptions to a public mobile-telephone service that provide access to the public switched telephone network (PSTN) using cellular technology. It includes the number of postpaid subscriptions and the number of active prepaid accounts, divided by population and multiplied by 100"
392,"i911","Mobile-cellular subscriptions","i271","per 100 people",33,"BFA","Burkina Faso","97.1499",2019,"","","Refers to the number of subscriptions to a public mobile-telephone service that provide access to the public switched telephone network (PSTN) using cellular technology. It includes the number of postpaid subscriptions and the number of active prepaid accounts, divided by population and multiplied by 100"
392,"i911","Mobile-cellular subscriptions","i271","per 100 people",33,"BFA","Burkina Faso","102.973",2020,"","","Refers to the number of subscriptions to a public mobile-telephone service that provide access to the public switched telephone network (PSTN) using cellular technology. It includes the number of postpaid subscriptions and the number of active prepaid accounts, divided by population and multiplied by 100"
392,"i911","Mobile-cellular subscriptions","i271","per 100 people",33,"BFA","Burkina Faso","112.198",2021,"","","Refers to the number of subscriptions to a public mobile-telephone service that provide access to the public switched telephone network (PSTN) using cellular technology. It includes the number of postpaid subscriptions and the number of active prepaid accounts, divided by population and multiplied by 100"
392,"i911","Mobile-cellular subscriptions","i271","per 100 people",33,"BFA","Burkina Faso","119.463",2022,"","","Refers to the number of subscriptions to a public mobile-telephone service that provide access to the public switched telephone network (PSTN) using cellular technology. It includes the number of postpaid subscriptions and the number of active prepaid accounts, divided by population and multiplied by 100"
417,"i971","Fixed-telephone subscriptions","i112","per employee",33,"BFA","Burkina Faso","56.2781",2015,"","","Total fixed-telephone subscriptions divided by total telecommunication employees"
417,"i971","Fixed-telephone subscriptions","i112","per employee",33,"BFA","Burkina Faso","59.7687",2016,"","","Total fixed-telephone subscriptions divided by total telecommunication employees"
417,"i971","Fixed-telephone subscriptions","i112","per employee",33,"BFA","Burkina Faso","62.603",2017,"","","Total fixed-telephone subscriptions divided by total telecommunication employees"
417,"i971","Fixed-telephone subscriptions","i112","per employee",33,"BFA","Burkina Faso","64.2343",2018,"","","Total fixed-telephone subscriptions divided by total telecommunication employees"
417,"i971","Fixed-telephone subscriptions","i112","per employee",33,"BFA","Burkina Faso","63.5924",2020,"","","Total fixed-telephone subscriptions divided by total telecommunication employees"
430,"i271G","At least 3G",,"%",33,"BFA","Burkina Faso","10",2015,"ITU estimate","ITU estimate","Refers to the percentage of inhabitants that are within range of at least a 3G mobile-cellular signal, irrespective of whether or not they are subscribers "
430,"i271G","At least 3G",,"%",33,"BFA","Burkina Faso","23",2016,"","Autorité de régulation des communications","Refers to the percentage of inhabitants that are within range of at least a 3G mobile-cellular signal, irrespective of whether or not they are subscribers "
430,"i271G","At least 3G",,"%",33,"BFA","Burkina Faso","28.2",2017,"","Autorité de régulation des communications","Refers to the percentage of inhabitants that are within range of at least a 3G mobile-cellular signal, irrespective of whether or not they are subscribers "
430,"i271G","At least 3G",,"%",33,"BFA","Burkina Faso","33",2018,"","Autorité de régulation des communications électroniques et des Postes (ARCEP)","Refers to the percentage of inhabitants that are within range of at least a 3G mobile-cellular signal, irrespective of whether or not they are subscribers "
430,"i271G","At least 3G",,"%",33,"BFA","Burkina Faso","48.4",2019,"","ARCEP","Refers to the percentage of inhabitants that are within range of at least a 3G mobile-cellular signal, irrespective of whether or not they are subscribers "
430,"i271G","At least 3G",,"%",33,"BFA","Burkina Faso","48.4",2020,"","ARCEP","Refers to the percentage of inhabitants that are within range of at least a 3G mobile-cellular signal, irrespective of whether or not they are subscribers "
430,"i271G","At least 3G",,"%",33,"BFA","Burkina Faso","53.2",2021,"","ARCEP","Refers to the percentage of inhabitants that are within range of at least a 3G mobile-cellular signal, irrespective of whether or not they are subscribers "
430,"i271G","At least 3G",,"%",33,"BFA","Burkina Faso","58.04",2022,"","ITU estimate.","Refers to the percentage of inhabitants that are within range of at least a 3G mobile-cellular signal, irrespective of whether or not they are subscribers "
451,"i994","International bandwidth usage","i4214","per inhabitant",33,"BFA","Burkina Faso","441.486",2015,"","","Refers to international bandwidth divided by the population"
451,"i994","International bandwidth usage","i4214","per inhabitant",33,"BFA","Burkina Faso","816.66",2016,"","","Refers to international bandwidth divided by the population"
451,"i994","International bandwidth usage","i4214","per inhabitant",33,"BFA","Burkina Faso","913.071",2017,"","","Refers to international bandwidth divided by the population"
451,"i994","International bandwidth usage","i4214","per inhabitant",33,"BFA","Burkina Faso","1853.87",2018,"","","Refers to international bandwidth divided by the population"
451,"i994","International bandwidth usage","i4214","per inhabitant",33,"BFA","Burkina Faso","2108.11",2019,"","","Refers to international bandwidth divided by the population"
451,"i994","International bandwidth usage","i4214","per inhabitant",33,"BFA","Burkina Faso","2800.68",2020,"","","Refers to international bandwidth divided by the population"
8447,"i4213ftth/b","Fibre-to-the-home/building","i992b","count",33,"BFA","Burkina Faso","230",2015,"","Autorité de Régulation des Communications Électroniques et des Postes (ARCEP)","Refers to the number of Internet subscriptions using fibre-to-the-home or fibre-to-the-building, at downstream speeds equal to, or greater than 256 kbit/s"
8447,"i4213ftth/b","Fibre-to-the-home/building","i992b","count",33,"BFA","Burkina Faso","276",2017,"","Autorité de régulation des communications","Refers to the number of Internet subscriptions using fibre-to-the-home or fibre-to-the-building, at downstream speeds equal to, or greater than 256 kbit/s"
8447,"i4213ftth/b","Fibre-to-the-home/building","i992b","count",33,"BFA","Burkina Faso","246",2016,"","Autorité de régulation des communications","Refers to the number of Internet subscriptions using fibre-to-the-home or fibre-to-the-building, at downstream speeds equal to, or greater than 256 kbit/s"
8447,"i4213ftth/b","Fibre-to-the-home/building","i992b","count",33,"BFA","Burkina Faso","311",2018,"","Autorité de régulation des communications électroniques et des Postes (ARCEP)","Refers to the number of Internet subscriptions using fibre-to-the-home or fibre-to-the-building, at downstream speeds equal to, or greater than 256 kbit/s"
11620,"i994u","International bandwidth usage","i4214","per Internet user",33,"BFA","Burkina Faso","6740.25",2015,"","","Refers to international bandwidth divided by the number of Internet users"
11620,"i994u","International bandwidth usage","i4214","per Internet user",33,"BFA","Burkina Faso","11437.8",2016,"","","Refers to international bandwidth divided by the number of Internet users"
11620,"i994u","International bandwidth usage","i4214","per Internet user",33,"BFA","Burkina Faso","11721.1",2017,"","","Refers to international bandwidth divided by the number of Internet users"
11620,"i994u","International bandwidth usage","i4214","per Internet user",33,"BFA","Burkina Faso","21810.3",2018,"","","Refers to international bandwidth divided by the number of Internet users"
11620,"i994u","International bandwidth usage","i4214","per Internet user",33,"BFA","Burkina Faso","22736.7",2019,"","","Refers to international bandwidth divided by the number of Internet users"
11620,"i994u","International bandwidth usage","i4214","per Internet user",33,"BFA","Burkina Faso","25949.8",2020,"Aged 10 and older.","ARCEP; UN Population Division World Population Prospects 2024; ITU estimate.","Refers to international bandwidth divided by the number of Internet users"
11620,"i994u","International bandwidth usage","i4214","per Internet user",33,"BFA","Burkina Faso","51652.9",2022,"Aged 10 and older.","ITU Research based on ARCEP; UN Population Division World Population Prospects 2024; ITU estimate.","Refers to international bandwidth divided by the number of Internet users"
11620,"i994u","International bandwidth usage","i4214","per Internet user",33,"BFA","Burkina Faso","58679.6",2023,"Aged 15 and older.","ITU Research based on ARCEP; UN Population Division World Population Prospects 2024; Gallup World Poll.","Refers to international bandwidth divided by the number of Internet users"
11622,"i112pt","Fixed-telephone numbers ported",,"count",33,"BFA","Burkina Faso","0",2015,"","Autorité de Régulation des Communications Électroniques et des Postes (ARCEP)","Refers to the number of porting transactions within the fixed-telephone line network that have been carried out for fixed-telephone numbers during the reference year"
11622,"i112pt","Fixed-telephone numbers ported",,"count",33,"BFA","Burkina Faso","0",2016,"","Autorité de régulation des communications","Refers to the number of porting transactions within the fixed-telephone line network that have been carried out for fixed-telephone numbers during the reference year"
11622,"i112pt","Fixed-telephone numbers ported",,"count",33,"BFA","Burkina Faso","0",2017,"","Autorité de régulation des communications","Refers to the number of porting transactions within the fixed-telephone line network that have been carried out for fixed-telephone numbers during the reference year"
11623,"i271pt","Mobile-cellular numbers ported ",,"count",33,"BFA","Burkina Faso","0",2015,"","Autorité de Régulation des Communications Électroniques et des Postes (ARCEP)","Refers to the number of mobile porting transactions that have been carried out during the reference year"
11623,"i271pt","Mobile-cellular numbers ported ",,"count",33,"BFA","Burkina Faso","0",2016,"","Autorité de régulation des communications","Refers to the number of mobile porting transactions that have been carried out during the reference year"
11623,"i271pt","Mobile-cellular numbers ported ",,"count",33,"BFA","Burkina Faso","0",2017,"","Autorité de régulation des communications","Refers to the number of mobile porting transactions that have been carried out during the reference year"
11623,"i271pt","Mobile-cellular numbers ported ",,"count",33,"BFA","Burkina Faso","0",2018,"","Autorité de régulation des communications électroniques et des Postes (ARCEP)","Refers to the number of mobile porting transactions that have been carried out during the reference year"
11626,"i4213_256to2","256 kbit/s to less than 2 Mbit/s","i992b","count",33,"BFA","Burkina Faso","8789",2015,"","Autorité de Régulation des Communications Électroniques et des Postes (ARCEP)","Refers to all fixed broadband subscriptions with advertised downstream speeds equal to, or greater than, 256 kbit/s and less than 2 Mbit/s"
11626,"i4213_256to2","256 kbit/s to less than 2 Mbit/s","i992b","count",33,"BFA","Burkina Faso","11015",2016,"","Autorité de régulation des communications","Refers to all fixed broadband subscriptions with advertised downstream speeds equal to, or greater than, 256 kbit/s and less than 2 Mbit/s"
11626,"i4213_256to2","256 kbit/s to less than 2 Mbit/s","i992b","count",33,"BFA","Burkina Faso","9370",2017,"","Autorité de régulation des communications","Refers to all fixed broadband subscriptions with advertised downstream speeds equal to, or greater than, 256 kbit/s and less than 2 Mbit/s"
11626,"i4213_256to2","256 kbit/s to less than 2 Mbit/s","i992b","count",33,"BFA","Burkina Faso","10433",2018,"","Autorité de régulation des communications électroniques et des Postes (ARCEP)","Refers to all fixed broadband subscriptions with advertised downstream speeds equal to, or greater than, 256 kbit/s and less than 2 Mbit/s"
11626,"i4213_256to2","256 kbit/s to less than 2 Mbit/s","i992b","count",33,"BFA","Burkina Faso","8083",2019,"","ARCEP","Refers to all fixed broadband subscriptions with advertised downstream speeds equal to, or greater than, 256 kbit/s and less than 2 Mbit/s"
11626,"i4213_256to2","256 kbit/s to less than 2 Mbit/s","i992b","count",33,"BFA","Burkina Faso","613",2020,"","ARCEP","Refers to all fixed broadband subscriptions with advertised downstream speeds equal to, or greater than, 256 kbit/s and less than 2 Mbit/s"
11626,"i4213_256to2","256 kbit/s to less than 2 Mbit/s","i992b","count",33,"BFA","Burkina Faso","65",2021,"","ARCEP","Refers to all fixed broadband subscriptions with advertised downstream speeds equal to, or greater than, 256 kbit/s and less than 2 Mbit/s"
11627,"i4213_2to10","2 Mbit/s to less than 10 Mbit/s","i992b","count",33,"BFA","Burkina Faso","565",2015,"","Autorité de Régulation des Communications Électroniques et des Postes (ARCEP)","Refers to all fixed broadband subscriptions with advertised downstream speeds equal to, or greater than, 2 Mbit/s and less than 10 Mbit/s"
11627,"i4213_2to10","2 Mbit/s to less than 10 Mbit/s","i992b","count",33,"BFA","Burkina Faso","1369",2016,"","Autorité de régulation des communications","Refers to all fixed broadband subscriptions with advertised downstream speeds equal to, or greater than, 2 Mbit/s and less than 10 Mbit/s"
11627,"i4213_2to10","2 Mbit/s to less than 10 Mbit/s","i992b","count",33,"BFA","Burkina Faso","2991",2017,"","Autorité de régulation des communications","Refers to all fixed broadband subscriptions with advertised downstream speeds equal to, or greater than, 2 Mbit/s and less than 10 Mbit/s"
11627,"i4213_2to10","2 Mbit/s to less than 10 Mbit/s","i992b","count",33,"BFA","Burkina Faso","3385",2018,"","Autorité de régulation des communications électroniques et des Postes (ARCEP)","Refers to all fixed broadband subscriptions with advertised downstream speeds equal to, or greater than, 2 Mbit/s and less than 10 Mbit/s"
11627,"i4213_2to10","2 Mbit/s to less than 10 Mbit/s","i992b","count",33,"BFA","Burkina Faso","3932",2019,"","ARCEP","Refers to all fixed broadband subscriptions with advertised downstream speeds equal to, or greater than, 2 Mbit/s and less than 10 Mbit/s"
11627,"i4213_2to10","2 Mbit/s to less than 10 Mbit/s","i992b","count",33,"BFA","Burkina Faso","10982",2020,"","ARCEP","Refers to all fixed broadband subscriptions with advertised downstream speeds equal to, or greater than, 2 Mbit/s and less than 10 Mbit/s"
11627,"i4213_2to10","2 Mbit/s to less than 10 Mbit/s","i992b","count",33,"BFA","Burkina Faso","11521",2021,"","ARCEP","Refers to all fixed broadband subscriptions with advertised downstream speeds equal to, or greater than, 2 Mbit/s and less than 10 Mbit/s"
11628,"i4213_G10","Equal to or above 10 Mbit/s","i992b","count",33,"BFA","Burkina Faso","0",2015,"","Autorité de Régulation des Communications Électroniques et des Postes (ARCEP)","Refers to all fixed broadband subscriptions with advertised downstream speeds equal to, or greater than 10 Mbit/s"
11628,"i4213_G10","Equal to or above 10 Mbit/s","i992b","count",33,"BFA","Burkina Faso","0",2016,"","Autorité de régulation des communications","Refers to all fixed broadband subscriptions with advertised downstream speeds equal to, or greater than 10 Mbit/s"
11628,"i4213_G10","Equal to or above 10 Mbit/s","i992b","count",33,"BFA","Burkina Faso","0",2017,"","Autorité de régulation des communications","Refers to all fixed broadband subscriptions with advertised downstream speeds equal to, or greater than 10 Mbit/s"
11628,"i4213_G10","Equal to or above 10 Mbit/s","i992b","count",33,"BFA","Burkina Faso","0",2018,"","Autorité de régulation des communications électroniques et des Postes (ARCEP)","Refers to all fixed broadband subscriptions with advertised downstream speeds equal to, or greater than 10 Mbit/s"
11628,"i4213_G10","Equal to or above 10 Mbit/s","i992b","count",33,"BFA","Burkina Faso","0",2019,"","ARCEP","Refers to all fixed broadband subscriptions with advertised downstream speeds equal to, or greater than 10 Mbit/s"
11628,"i4213_G10","Equal to or above 10 Mbit/s","i992b","count",33,"BFA","Burkina Faso","1303",2020,"","ARCEP","Refers to all fixed broadband subscriptions with advertised downstream speeds equal to, or greater than 10 Mbit/s"
11628,"i4213_G10","Equal to or above 10 Mbit/s","i992b","count",33,"BFA","Burkina Faso","4705",2021,"","ARCEP","Refers to all fixed broadband subscriptions with advertised downstream speeds equal to, or greater than 10 Mbit/s"
11631,"i271fw","Terrestrial fixed wireless","i992b","count",33,"BFA","Burkina Faso","3863",2015,"","Autorité de Régulation des Communications Électroniques et des Postes (ARCEP)","Refers to the number of terrestrial fixed wireless Internet subscriptions with an advertised download speed of at least 256 kbit/s"
11631,"i271fw","Terrestrial fixed wireless","i992b","count",33,"BFA","Burkina Faso","3495",2016,"","Autorité de régulation des communications","Refers to the number of terrestrial fixed wireless Internet subscriptions with an advertised download speed of at least 256 kbit/s"
11631,"i271fw","Terrestrial fixed wireless","i992b","count",33,"BFA","Burkina Faso","3373",2017,"","Autorité de régulation des communications","Refers to the number of terrestrial fixed wireless Internet subscriptions with an advertised download speed of at least 256 kbit/s"
11631,"i271fw","Terrestrial fixed wireless","i992b","count",33,"BFA","Burkina Faso","3438",2018,"","Autorité de régulation des communications électroniques et des Postes (ARCEP)","Refers to the number of terrestrial fixed wireless Internet subscriptions with an advertised download speed of at least 256 kbit/s"
11632,"i271mw","Active mobile-broadband subscriptions",,"count",33,"BFA","Burkina Faso","2.73861e+006",2015,"","Autorité de Régulation des Communications Électroniques et des Postes (ARCEP)","Refers to the sum of active handset-based and computer-based (USB/dongles) mobile-broadband subscriptions that allow access to the Internet"
11632,"i271mw","Active mobile-broadband subscriptions",,"count",33,"BFA","Burkina Faso","3.66162e+006",2016,"","Autorité de régulation des communications","Refers to the sum of active handset-based and computer-based (USB/dongles) mobile-broadband subscriptions that allow access to the Internet"
11632,"i271mw","Active mobile-broadband subscriptions",,"count",33,"BFA","Burkina Faso","5.53141e+006",2017,"","Autorité de régulation des communications","Refers to the sum of active handset-based and computer-based (USB/dongles) mobile-broadband subscriptions that allow access to the Internet"
11632,"i271mw","Active mobile-broadband subscriptions",,"count",33,"BFA","Burkina Faso","5.9078e+006",2018,"","Autorité de régulation des communications électroniques et des Postes (ARCEP)","Refers to the sum of active handset-based and computer-based (USB/dongles) mobile-broadband subscriptions that allow access to the Internet"
11632,"i271mw","Active mobile-broadband subscriptions",,"count",33,"BFA","Burkina Faso","6.44118e+006",2019,"","ARCEP","Refers to the sum of active handset-based and computer-based (USB/dongles) mobile-broadband subscriptions that allow access to the Internet"
11632,"i271mw","Active mobile-broadband subscriptions",,"count",33,"BFA","Burkina Faso","1.34607e+007",2021,"","ARCEP","Refers to the sum of active handset-based and computer-based (USB/dongles) mobile-broadband subscriptions that allow access to the Internet"
11632,"i271mw","Active mobile-broadband subscriptions",,"count",33,"BFA","Burkina Faso","1.62735e+007",2022,"","ITU estimate.","Refers to the sum of active handset-based and computer-based (USB/dongles) mobile-broadband subscriptions that allow access to the Internet"
11633,"i271mb_active","Data and voice mobile-broadband subscriptions","i271mw","count",33,"BFA","Burkina Faso","2.73861e+006",2015,"","Autorité de Régulation des Communications Électroniques et des Postes (ARCEP)","Refers to subscriptions to mobile-broadband services that allow access to the open Internet via HTTP and in which data services are contracted together with voice services (mobile voice and data plans) or as an add-on package to a voice plan. These are typically smartphone based subscriptions with voice and data services used in the same terminal"
11633,"i271mb_active","Data and voice mobile-broadband subscriptions","i271mw","count",33,"BFA","Burkina Faso","3.66162e+006",2016,"","Autorité de régulation des communications","Refers to subscriptions to mobile-broadband services that allow access to the open Internet via HTTP and in which data services are contracted together with voice services (mobile voice and data plans) or as an add-on package to a voice plan. These are typically smartphone based subscriptions with voice and data services used in the same terminal"
11633,"i271mb_active","Data and voice mobile-broadband subscriptions","i271mw","count",33,"BFA","Burkina Faso","5.53141e+006",2017,"","Autorité de régulation des communications","Refers to subscriptions to mobile-broadband services that allow access to the open Internet via HTTP and in which data services are contracted together with voice services (mobile voice and data plans) or as an add-on package to a voice plan. These are typically smartphone based subscriptions with voice and data services used in the same terminal"
11633,"i271mb_active","Data and voice mobile-broadband subscriptions","i271mw","count",33,"BFA","Burkina Faso","5.9078e+006",2018,"","Autorité de régulation des communications électroniques et des Postes (ARCEP)","Refers to subscriptions to mobile-broadband services that allow access to the open Internet via HTTP and in which data services are contracted together with voice services (mobile voice and data plans) or as an add-on package to a voice plan. These are typically smartphone based subscriptions with voice and data services used in the same terminal"
12046,"xHH4_IDI","Households with a computer",,"%",33,"BFA","Burkina Faso","4.8",2015,"","Institut National de la Statistique et de la Demographie","Refers to the proportion of households that have a computer. A computer refers to a desktop computer, a laptop (portable) computer or a tablet (or similar handheld computer)."
12046,"xHH4_IDI","Households with a computer",,"%",33,"BFA","Burkina Faso","5.11334",2017,"","Malaria Indicator Survey 2017-18","Refers to the proportion of households that have a computer. A computer refers to a desktop computer, a laptop (portable) computer or a tablet (or similar handheld computer)."
12046,"xHH4_IDI","Households with a computer",,"%",33,"BFA","Burkina Faso","6.3",2019,"","Institut National de la Statistique et de la Demographie","Refers to the proportion of households that have a computer. A computer refers to a desktop computer, a laptop (portable) computer or a tablet (or similar handheld computer)."
12047,"xHH6_IDI","Households with Internet access at home",,"%",33,"BFA","Burkina Faso","7.51729",2015,"","ITU estimate.","Refers to the proportion of households with Internet access at home. Access can be via a fixed or mobile network. If one member of the household has a mobile phone with connection to the Internet and makes it available for all members, then it should be considered that the household has access to the Internet."
12047,"xHH6_IDI","Households with Internet access at home",,"%",33,"BFA","Burkina Faso","10.59",2016,"","ITU Estimate.","Refers to the proportion of households with Internet access at home. Access can be via a fixed or mobile network. If one member of the household has a mobile phone with connection to the Internet and makes it available for all members, then it should be considered that the household has access to the Internet."
12047,"xHH6_IDI","Households with Internet access at home",,"%",33,"BFA","Burkina Faso","12.8971",2017,"","ITU estimate.","Refers to the proportion of households with Internet access at home. Access can be via a fixed or mobile network. If one member of the household has a mobile phone with connection to the Internet and makes it available for all members, then it should be considered that the household has access to the Internet."
12047,"xHH6_IDI","Households with Internet access at home",,"%",33,"BFA","Burkina Faso","14.8104",2018,"","ITU estimate","Refers to the proportion of households with Internet access at home. Access can be via a fixed or mobile network. If one member of the household has a mobile phone with connection to the Internet and makes it available for all members, then it should be considered that the household has access to the Internet."
12047,"xHH6_IDI","Households with Internet access at home",,"%",33,"BFA","Burkina Faso","3.39999",2019,"","Institut National de la Statistique et de la Demographie","Refers to the proportion of households with Internet access at home. Access can be via a fixed or mobile network. If one member of the household has a mobile phone with connection to the Internet and makes it available for all members, then it should be considered that the household has access to the Internet."
12047,"xHH6_IDI","Households with Internet access at home",,"%",33,"BFA","Burkina Faso","9.72524",2020,"","ITU estimate.","Refers to the proportion of households with Internet access at home. Access can be via a fixed or mobile network. If one member of the household has a mobile phone with connection to the Internet and makes it available for all members, then it should be considered that the household has access to the Internet."
12047,"xHH6_IDI","Households with Internet access at home",,"%",33,"BFA","Burkina Faso","11.1283",2021,"","ITU estimate.","Refers to the proportion of households with Internet access at home. Access can be via a fixed or mobile network. If one member of the household has a mobile phone with connection to the Internet and makes it available for all members, then it should be considered that the household has access to the Internet."
12066,"i911mw","Active mobile-broadband subscriptions","i271mw","per 100 people",33,"BFA","Burkina Faso","14.5845",2015,"","","Refers to the sum of active handset-based and computer-based (USB/dongles) mobile-broadband subscriptions that allow access to the Internet, divided by population and multiplied by 100"
12066,"i911mw","Active mobile-broadband subscriptions","i271mw","per 100 people",33,"BFA","Burkina Faso","18.9379",2016,"","","Refers to the sum of active handset-based and computer-based (USB/dongles) mobile-broadband subscriptions that allow access to the Internet, divided by population and multiplied by 100"
12066,"i911mw","Active mobile-broadband subscriptions","i271mw","per 100 people",33,"BFA","Burkina Faso","27.8038",2017,"","","Refers to the sum of active handset-based and computer-based (USB/dongles) mobile-broadband subscriptions that allow access to the Internet, divided by population and multiplied by 100"
12066,"i911mw","Active mobile-broadband subscriptions","i271mw","per 100 people",33,"BFA","Burkina Faso","28.9056",2018,"","","Refers to the sum of active handset-based and computer-based (USB/dongles) mobile-broadband subscriptions that allow access to the Internet, divided by population and multiplied by 100"
12066,"i911mw","Active mobile-broadband subscriptions","i271mw","per 100 people",33,"BFA","Burkina Faso","30.7279",2019,"","","Refers to the sum of active handset-based and computer-based (USB/dongles) mobile-broadband subscriptions that allow access to the Internet, divided by population and multiplied by 100"
12066,"i911mw","Active mobile-broadband subscriptions","i271mw","per 100 people",33,"BFA","Burkina Faso","61.1985",2021,"","","Refers to the sum of active handset-based and computer-based (USB/dongles) mobile-broadband subscriptions that allow access to the Internet, divided by population and multiplied by 100"
12066,"i911mw","Active mobile-broadband subscriptions","i271mw","per 100 people",33,"BFA","Burkina Faso","72.2978",2022,"","","Refers to the sum of active handset-based and computer-based (USB/dongles) mobile-broadband subscriptions that allow access to the Internet, divided by population and multiplied by 100"
12066,"i911mw","Active mobile-broadband subscriptions","i271mw","per 100 people",33,"BFA","Burkina Faso","85.4438",2023,"","","Refers to the sum of active handset-based and computer-based (USB/dongles) mobile-broadband subscriptions that allow access to the Internet, divided by population and multiplied by 100"
12067,"i911MB_active","Data and voice mobile-broadband subscriptions","i271mw","per 100 people",33,"BFA","Burkina Faso","14.5845",2015,"","","Refers to subscriptions to mobile-broadband services that allow access to the open Internet via HTTP and in which data services are contracted together with voice services (mobile voice and data plans) or as an add-on package to a voice plan. These are typically smartphone based subscriptions with voice and data services used in the same terminal, divided by population and multiplied by 100"
12067,"i911MB_active","Data and voice mobile-broadband subscriptions","i271mw","per 100 people",33,"BFA","Burkina Faso","18.9379",2016,"","","Refers to subscriptions to mobile-broadband services that allow access to the open Internet via HTTP and in which data services are contracted together with voice services (mobile voice and data plans) or as an add-on package to a voice plan. These are typically smartphone based subscriptions with voice and data services used in the same terminal, divided by population and multiplied by 100"
12067,"i911MB_active","Data and voice mobile-broadband subscriptions","i271mw","per 100 people",33,"BFA","Burkina Faso","27.8038",2017,"","","Refers to subscriptions to mobile-broadband services that allow access to the open Internet via HTTP and in which data services are contracted together with voice services (mobile voice and data plans) or as an add-on package to a voice plan. These are typically smartphone based subscriptions with voice and data services used in the same terminal, divided by population and multiplied by 100"
12067,"i911MB_active","Data and voice mobile-broadband subscriptions","i271mw","per 100 people",33,"BFA","Burkina Faso","28.9056",2018,"","","Refers to subscriptions to mobile-broadband services that allow access to the open Internet via HTTP and in which data services are contracted together with voice services (mobile voice and data plans) or as an add-on package to a voice plan. These are typically smartphone based subscriptions with voice and data services used in the same terminal, divided by population and multiplied by 100"
19306,"i271GA","At least LTE/WiMAX",,"%",33,"BFA","Burkina Faso","0",2015,"ITU estimate","ITU estimate","Refers to the percentage of inhabitants that are within range of at least a 4G/ LTE mobile-cellular signal, irrespective of whether or not they are subscribers"
19257,"i4213tfbb","Fixed-broadband subscriptions","i992b","count",33,"BFA","Burkina Faso","9354",2015,"","Autorité de Régulation des Communications Électroniques et des Postes (ARCEP)","Refers to fixed subscriptions to high-speed access to the public Internet (a TCP/IP connection), at downstream speeds equal to, or greater than, 256 kbit/s"
19303,"i992b","Fixed-broadband subscriptions",,"per 100 people",33,"BFA","Burkina Faso","0.049815",2015,"","","Refers to fixed subscriptions to high-speed access to the public Internet (a TCP/IP connection), at downstream speeds equal to, or greater than, 256 kbit/s divided by population and multiplied by 100"
19255,"i4214l","Lit/equipped international bandwidth capacity",,"Mbit/s",33,"BFA","Burkina Faso","8290",2015,"","Autorité de Régulation des Communications Électroniques et des Postes (ARCEP)","Refers to the total lit/equipped capacity of international links, namely fiber-optic cables, international radio links and satellite uplinks to orbital satellites in the end of the reference year (expressed in Mbit/s)."
19303,"i992b","Fixed-broadband subscriptions",,"per 100 people",33,"BFA","Burkina Faso","0.0640501",2016,"","","Refers to fixed subscriptions to high-speed access to the public Internet (a TCP/IP connection), at downstream speeds equal to, or greater than, 256 kbit/s divided by population and multiplied by 100"
19306,"i271GA","At least LTE/WiMAX",,"%",33,"BFA","Burkina Faso","0",2016,"","Autorité de régulation des communications","Refers to the percentage of inhabitants that are within range of at least a 4G/ LTE mobile-cellular signal, irrespective of whether or not they are subscribers"
19257,"i4213tfbb","Fixed-broadband subscriptions","i992b","count",33,"BFA","Burkina Faso","12384",2016,"","Autorité de régulation des communications","Refers to fixed subscriptions to high-speed access to the public Internet (a TCP/IP connection), at downstream speeds equal to, or greater than, 256 kbit/s"
19255,"i4214l","Lit/equipped international bandwidth capacity",,"Mbit/s",33,"BFA","Burkina Faso","16100",2016,"","Autorité de régulation des communications","Refers to the total lit/equipped capacity of international links, namely fiber-optic cables, international radio links and satellite uplinks to orbital satellites in the end of the reference year (expressed in Mbit/s)."
19303,"i992b","Fixed-broadband subscriptions",,"per 100 people",33,"BFA","Burkina Faso","0.062133",2017,"","","Refers to fixed subscriptions to high-speed access to the public Internet (a TCP/IP connection), at downstream speeds equal to, or greater than, 256 kbit/s divided by population and multiplied by 100"
19303,"i992b","Fixed-broadband subscriptions",,"per 100 people",33,"BFA","Burkina Faso","0.0676084",2018,"","","Refers to fixed subscriptions to high-speed access to the public Internet (a TCP/IP connection), at downstream speeds equal to, or greater than, 256 kbit/s divided by population and multiplied by 100"
19303,"i992b","Fixed-broadband subscriptions",,"per 100 people",33,"BFA","Burkina Faso","0.0573181",2019,"","","Refers to fixed subscriptions to high-speed access to the public Internet (a TCP/IP connection), at downstream speeds equal to, or greater than, 256 kbit/s divided by population and multiplied by 100"
19303,"i992b","Fixed-broadband subscriptions",,"per 100 people",33,"BFA","Burkina Faso","0.0650831",2020,"","","Refers to fixed subscriptions to high-speed access to the public Internet (a TCP/IP connection), at downstream speeds equal to, or greater than, 256 kbit/s divided by population and multiplied by 100"
19306,"i271GA","At least LTE/WiMAX",,"%",33,"BFA","Burkina Faso","0",2017,"","Autorité de régulation des communications","Refers to the percentage of inhabitants that are within range of at least a 4G/ LTE mobile-cellular signal, irrespective of whether or not they are subscribers"
19257,"i4213tfbb","Fixed-broadband subscriptions","i992b","count",33,"BFA","Burkina Faso","12361",2017,"","Autorité de régulation des communications","Refers to fixed subscriptions to high-speed access to the public Internet (a TCP/IP connection), at downstream speeds equal to, or greater than, 256 kbit/s"
19255,"i4214l","Lit/equipped international bandwidth capacity",,"Mbit/s",33,"BFA","Burkina Faso","18510",2017,"","Autorité de régulation des communications","Refers to the total lit/equipped capacity of international links, namely fiber-optic cables, international radio links and satellite uplinks to orbital satellites in the end of the reference year (expressed in Mbit/s)."
28106,"i992b_256to2_%","256 kbit/s to less than 2 Mbit/s","i992b","% fixed broadband subscriptions",33,"BFA","Burkina Faso","93.9598",2015,"","","Refers to all fixed broadband subscriptions with advertised downstream speeds equal to, or greater than, 256 kbit/s and less than 2 Mbit/s divided by total fixed broadband subscriptions and multiplied by 100"
28106,"i992b_256to2_%","256 kbit/s to less than 2 Mbit/s","i992b","% fixed broadband subscriptions",33,"BFA","Burkina Faso","88.9454",2016,"","","Refers to all fixed broadband subscriptions with advertised downstream speeds equal to, or greater than, 256 kbit/s and less than 2 Mbit/s divided by total fixed broadband subscriptions and multiplied by 100"
28106,"i992b_256to2_%","256 kbit/s to less than 2 Mbit/s","i992b","% fixed broadband subscriptions",33,"BFA","Burkina Faso","75.8029",2017,"","","Refers to all fixed broadband subscriptions with advertised downstream speeds equal to, or greater than, 256 kbit/s and less than 2 Mbit/s divided by total fixed broadband subscriptions and multiplied by 100"
19305,"i4213tfb_o","Fixed-broadband subscriptions for organizations",,"count",33,"BFA","Burkina Faso","3217",2017,"","Autorité de régulation des communications","Refers to the total subscriptions contracted by public and private organizations, institutions or businesses (i.e., non-residential customers) to access the public Internet at a fixed location at downstream speeds greater than, or equal to 256 kbit/s"
31462,"i992b_256to2","256 kbit/s to less than 2 Mbit/s","i992b","per 100 people",33,"BFA","Burkina Faso","0.0468061",2015,"","","Refers to all fixed broadband subscriptions with advertised downstream speeds equal to, or greater than, 256 kbit/s and less than 2 Mbit/s divided by population and multiplied by 100"
31462,"i992b_256to2","256 kbit/s to less than 2 Mbit/s","i992b","per 100 people",33,"BFA","Burkina Faso","0.0569697",2016,"","","Refers to all fixed broadband subscriptions with advertised downstream speeds equal to, or greater than, 256 kbit/s and less than 2 Mbit/s divided by population and multiplied by 100"
31462,"i992b_256to2","256 kbit/s to less than 2 Mbit/s","i992b","per 100 people",33,"BFA","Burkina Faso","0.0470987",2017,"","","Refers to all fixed broadband subscriptions with advertised downstream speeds equal to, or greater than, 256 kbit/s and less than 2 Mbit/s divided by population and multiplied by 100"
31472,"i992b_2to10","2 Mbit/s to less than 10 Mbit/s","i992b","per 100 people",33,"BFA","Burkina Faso","0.00300892",2015,"","","Refers to all fixed broadband subscriptions with advertised downstream speeds equal to, or greater than, 2 Mbit/s and less than 10 Mbit/s divided by population and multiplied by 100"
31472,"i992b_2to10","2 Mbit/s to less than 10 Mbit/s","i992b","per 100 people",33,"BFA","Burkina Faso","0.00708048",2016,"","","Refers to all fixed broadband subscriptions with advertised downstream speeds equal to, or greater than, 2 Mbit/s and less than 10 Mbit/s divided by population and multiplied by 100"
31472,"i992b_2to10","2 Mbit/s to less than 10 Mbit/s","i992b","per 100 people",33,"BFA","Burkina Faso","0.0150344",2017,"","","Refers to all fixed broadband subscriptions with advertised downstream speeds equal to, or greater than, 2 Mbit/s and less than 10 Mbit/s divided by population and multiplied by 100"
31473,"i992b_G10","Equal to or above 10 Mbit/s","i992b","per 100 people",33,"BFA","Burkina Faso","0",2015,"","","Refers to all fixed broadband subscriptions with advertised downstream speeds equal to, or greater than 10 Mbit/s divided by population and multiplied by 100"
31473,"i992b_G10","Equal to or above 10 Mbit/s","i992b","per 100 people",33,"BFA","Burkina Faso","0",2016,"","","Refers to all fixed broadband subscriptions with advertised downstream speeds equal to, or greater than 10 Mbit/s divided by population and multiplied by 100"
31473,"i992b_G10","Equal to or above 10 Mbit/s","i992b","per 100 people",33,"BFA","Burkina Faso","0",2017,"","","Refers to all fixed broadband subscriptions with advertised downstream speeds equal to, or greater than 10 Mbit/s divided by population and multiplied by 100"
19257,"i4213tfbb","Fixed-broadband subscriptions","i992b","count",33,"BFA","Burkina Faso","13818",2018,"","Autorité de régulation des communications électroniques et des Postes (ARCEP)","Refers to fixed subscriptions to high-speed access to the public Internet (a TCP/IP connection), at downstream speeds equal to, or greater than, 256 kbit/s"
28106,"i992b_256to2_%","256 kbit/s to less than 2 Mbit/s","i992b","% fixed broadband subscriptions",33,"BFA","Burkina Faso","75.503",2018,"","","Refers to all fixed broadband subscriptions with advertised downstream speeds equal to, or greater than, 256 kbit/s and less than 2 Mbit/s divided by total fixed broadband subscriptions and multiplied by 100"
31462,"i992b_256to2","256 kbit/s to less than 2 Mbit/s","i992b","per 100 people",33,"BFA","Burkina Faso","0.0510463",2018,"","","Refers to all fixed broadband subscriptions with advertised downstream speeds equal to, or greater than, 256 kbit/s and less than 2 Mbit/s divided by population and multiplied by 100"
31472,"i992b_2to10","2 Mbit/s to less than 10 Mbit/s","i992b","per 100 people",33,"BFA","Burkina Faso","0.0165621",2018,"","","Refers to all fixed broadband subscriptions with advertised downstream speeds equal to, or greater than, 2 Mbit/s and less than 10 Mbit/s divided by population and multiplied by 100"
31473,"i992b_G10","Equal to or above 10 Mbit/s","i992b","per 100 people",33,"BFA","Burkina Faso","0",2018,"","","Refers to all fixed broadband subscriptions with advertised downstream speeds equal to, or greater than 10 Mbit/s divided by population and multiplied by 100"
19255,"i4214l","Lit/equipped international bandwidth capacity",,"Mbit/s",33,"BFA","Burkina Faso","37890",2018,"","Autorité de régulation des communications électroniques et des Postes (ARCEP)","Refers to the total lit/equipped capacity of international links, namely fiber-optic cables, international radio links and satellite uplinks to orbital satellites in the end of the reference year (expressed in Mbit/s)."
19306,"i271GA","At least LTE/WiMAX",,"%",33,"BFA","Burkina Faso","0",2018,"","Autorité de régulation des communications électroniques et des Postes (ARCEP)","Refers to the percentage of inhabitants that are within range of at least a 4G/ LTE mobile-cellular signal, irrespective of whether or not they are subscribers"
20648,"HH%U271own_HHCFemale","Female","xHH18_IDI","%",33,"BFA","Burkina Faso","44.9157",2019,"","Institut National de la Statistique et de la Demographie","Individuals who own a mobile cellular telephone: Female"
20694,"HH%U271own_HHCMale","Male","xHH18_IDI","%",33,"BFA","Burkina Faso","60.9046",2019,"","Institut National de la Statistique et de la Demographie","Individuals who own a mobile cellular telephone: Male"
31462,"i992b_256to2","256 kbit/s to less than 2 Mbit/s","i992b","per 100 people",33,"BFA","Burkina Faso","0.0385603",2019,"","","Refers to all fixed broadband subscriptions with advertised downstream speeds equal to, or greater than, 256 kbit/s and less than 2 Mbit/s divided by population and multiplied by 100"
31472,"i992b_2to10","2 Mbit/s to less than 10 Mbit/s","i992b","per 100 people",33,"BFA","Burkina Faso","0.0187578",2019,"","","Refers to all fixed broadband subscriptions with advertised downstream speeds equal to, or greater than, 2 Mbit/s and less than 10 Mbit/s divided by population and multiplied by 100"
31473,"i992b_G10","Equal to or above 10 Mbit/s","i992b","per 100 people",33,"BFA","Burkina Faso","0",2019,"","","Refers to all fixed broadband subscriptions with advertised downstream speeds equal to, or greater than 10 Mbit/s divided by population and multiplied by 100"
31462,"i992b_256to2","256 kbit/s to less than 2 Mbit/s","i992b","per 100 people",33,"BFA","Burkina Faso","0.00285399",2020,"","","Refers to all fixed broadband subscriptions with advertised downstream speeds equal to, or greater than, 256 kbit/s and less than 2 Mbit/s divided by population and multiplied by 100"
31472,"i992b_2to10","2 Mbit/s to less than 10 Mbit/s","i992b","per 100 people",33,"BFA","Burkina Faso","0.0511297",2020,"","","Refers to all fixed broadband subscriptions with advertised downstream speeds equal to, or greater than, 2 Mbit/s and less than 10 Mbit/s divided by population and multiplied by 100"
31473,"i992b_G10","Equal to or above 10 Mbit/s","i992b","per 100 people",33,"BFA","Burkina Faso","0.00606648",2020,"","","Refers to all fixed broadband subscriptions with advertised downstream speeds equal to, or greater than 10 Mbit/s divided by population and multiplied by 100"
19305,"i4213tfb_o","Fixed-broadband subscriptions for organizations",,"count",33,"BFA","Burkina Faso","4266",2018,"","Autorité de régulation des communications électroniques et des Postes (ARCEP)","Refers to the total subscriptions contracted by public and private organizations, institutions or businesses (i.e., non-residential customers) to access the public Internet at a fixed location at downstream speeds greater than, or equal to 256 kbit/s"
28027,"xHH18_IDI","Individuals who own a mobile cellular telephone",,"%",33,"BFA","Burkina Faso","52.4129",2019,"","Institut National de la Statistique et de la Demographie","Refers to the proportion of individuals who own a mobile (cellular) or smart telephone. An individual owns a mobile cellular telephone if he/she has a mobile cellular phone device with at least one active SIM card for personal use."
19306,"i271GA","At least LTE/WiMAX",,"%",33,"BFA","Burkina Faso","26.92",2019,"","ARCEP","Refers to the percentage of inhabitants that are within range of at least a 4G/ LTE mobile-cellular signal, irrespective of whether or not they are subscribers"
28106,"i992b_256to2_%","256 kbit/s to less than 2 Mbit/s","i992b","% fixed broadband subscriptions",33,"BFA","Burkina Faso","67.2742",2019,"","","Refers to all fixed broadband subscriptions with advertised downstream speeds equal to, or greater than, 256 kbit/s and less than 2 Mbit/s divided by total fixed broadband subscriptions and multiplied by 100"
19257,"i4213tfbb","Fixed-broadband subscriptions","i992b","count",33,"BFA","Burkina Faso","12015",2019,"","ARCEP","Refers to fixed subscriptions to high-speed access to the public Internet (a TCP/IP connection), at downstream speeds equal to, or greater than, 256 kbit/s"
19255,"i4214l","Lit/equipped international bandwidth capacity",,"Mbit/s",33,"BFA","Burkina Faso","44190",2019,"","ARCEP","Refers to the total lit/equipped capacity of international links, namely fiber-optic cables, international radio links and satellite uplinks to orbital satellites in the end of the reference year (expressed in Mbit/s)."
19255,"i4214l","Lit/equipped international bandwidth capacity",,"Mbit/s",33,"BFA","Burkina Faso","77655",2020,"","ARCEP","Refers to the total lit/equipped capacity of international links, namely fiber-optic cables, international radio links and satellite uplinks to orbital satellites in the end of the reference year (expressed in Mbit/s)."
19257,"i4213tfbb","Fixed-broadband subscriptions","i992b","count",33,"BFA","Burkina Faso","13979",2020,"","ARCEP","Refers to fixed subscriptions to high-speed access to the public Internet (a TCP/IP connection), at downstream speeds equal to, or greater than, 256 kbit/s"
19306,"i271GA","At least LTE/WiMAX",,"%",33,"BFA","Burkina Faso","26.92",2020,"","ARCEP","Refers to the percentage of inhabitants that are within range of at least a 4G/ LTE mobile-cellular signal, irrespective of whether or not they are subscribers"
28106,"i992b_256to2_%","256 kbit/s to less than 2 Mbit/s","i992b","% fixed broadband subscriptions",33,"BFA","Burkina Faso","4.38515",2020,"","","Refers to all fixed broadband subscriptions with advertised downstream speeds equal to, or greater than, 256 kbit/s and less than 2 Mbit/s divided by total fixed broadband subscriptions and multiplied by 100"
34235,"i992b_G10_%","Equal to or above 10 Mbit/s","i992b","% fixed broadband subscriptions",33,"BFA","Burkina Faso","0",2015,"","","Refers to all fixed broadband subscriptions with advertised downstream speeds equal to, or greater than 10 Mbit/s divided by total fixed broadband subscriptions multipled by 100"
34235,"i992b_G10_%","Equal to or above 10 Mbit/s","i992b","% fixed broadband subscriptions",33,"BFA","Burkina Faso","0",2016,"","","Refers to all fixed broadband subscriptions with advertised downstream speeds equal to, or greater than 10 Mbit/s divided by total fixed broadband subscriptions multipled by 100"
34235,"i992b_G10_%","Equal to or above 10 Mbit/s","i992b","% fixed broadband subscriptions",33,"BFA","Burkina Faso","0",2017,"","","Refers to all fixed broadband subscriptions with advertised downstream speeds equal to, or greater than 10 Mbit/s divided by total fixed broadband subscriptions multipled by 100"
34235,"i992b_G10_%","Equal to or above 10 Mbit/s","i992b","% fixed broadband subscriptions",33,"BFA","Burkina Faso","0",2018,"","","Refers to all fixed broadband subscriptions with advertised downstream speeds equal to, or greater than 10 Mbit/s divided by total fixed broadband subscriptions multipled by 100"
34235,"i992b_G10_%","Equal to or above 10 Mbit/s","i992b","% fixed broadband subscriptions",33,"BFA","Burkina Faso","0",2019,"","","Refers to all fixed broadband subscriptions with advertised downstream speeds equal to, or greater than 10 Mbit/s divided by total fixed broadband subscriptions multipled by 100"
34235,"i992b_G10_%","Equal to or above 10 Mbit/s","i992b","% fixed broadband subscriptions",33,"BFA","Burkina Faso","9.32112",2020,"","","Refers to all fixed broadband subscriptions with advertised downstream speeds equal to, or greater than 10 Mbit/s divided by total fixed broadband subscriptions multipled by 100"
34234,"i992b_2to10_%","2 Mbit/s to less than 10 Mbit/s","i992b","% fixed broadband subscriptions",33,"BFA","Burkina Faso","6.0402",2015,"","","Refers to all fixed broadband subscriptions with advertised downstream speeds equal to, or greater than, 2 Mbit/s and less than 10 Mbit/s divided by total fixed broadband subscriptions and multiplied by 100"
34234,"i992b_2to10_%","2 Mbit/s to less than 10 Mbit/s","i992b","% fixed broadband subscriptions",33,"BFA","Burkina Faso","11.0546",2016,"","","Refers to all fixed broadband subscriptions with advertised downstream speeds equal to, or greater than, 2 Mbit/s and less than 10 Mbit/s divided by total fixed broadband subscriptions and multiplied by 100"
34234,"i992b_2to10_%","2 Mbit/s to less than 10 Mbit/s","i992b","% fixed broadband subscriptions",33,"BFA","Burkina Faso","24.1971",2017,"","","Refers to all fixed broadband subscriptions with advertised downstream speeds equal to, or greater than, 2 Mbit/s and less than 10 Mbit/s divided by total fixed broadband subscriptions and multiplied by 100"
34234,"i992b_2to10_%","2 Mbit/s to less than 10 Mbit/s","i992b","% fixed broadband subscriptions",33,"BFA","Burkina Faso","24.497",2018,"","","Refers to all fixed broadband subscriptions with advertised downstream speeds equal to, or greater than, 2 Mbit/s and less than 10 Mbit/s divided by total fixed broadband subscriptions and multiplied by 100"
34234,"i992b_2to10_%","2 Mbit/s to less than 10 Mbit/s","i992b","% fixed broadband subscriptions",33,"BFA","Burkina Faso","32.7258",2019,"","","Refers to all fixed broadband subscriptions with advertised downstream speeds equal to, or greater than, 2 Mbit/s and less than 10 Mbit/s divided by total fixed broadband subscriptions and multiplied by 100"
34234,"i992b_2to10_%","2 Mbit/s to less than 10 Mbit/s","i992b","% fixed broadband subscriptions",33,"BFA","Burkina Faso","78.5607",2020,"","","Refers to all fixed broadband subscriptions with advertised downstream speeds equal to, or greater than, 2 Mbit/s and less than 10 Mbit/s divided by total fixed broadband subscriptions and multiplied by 100"
19303,"i992b","Fixed-broadband subscriptions",,"per 100 people",33,"BFA","Burkina Faso","0.074066",2021,"","","Refers to fixed subscriptions to high-speed access to the public Internet (a TCP/IP connection), at downstream speeds equal to, or greater than, 256 kbit/s divided by population and multiplied by 100"
31462,"i992b_256to2","256 kbit/s to less than 2 Mbit/s","i992b","per 100 people",33,"BFA","Burkina Faso","0.000295518",2021,"","","Refers to all fixed broadband subscriptions with advertised downstream speeds equal to, or greater than, 256 kbit/s and less than 2 Mbit/s divided by population and multiplied by 100"
31472,"i992b_2to10","2 Mbit/s to less than 10 Mbit/s","i992b","per 100 people",33,"BFA","Burkina Faso","0.0523795",2021,"","","Refers to all fixed broadband subscriptions with advertised downstream speeds equal to, or greater than, 2 Mbit/s and less than 10 Mbit/s divided by population and multiplied by 100"
31473,"i992b_G10","Equal to or above 10 Mbit/s","i992b","per 100 people",33,"BFA","Burkina Faso","0.021391",2021,"","","Refers to all fixed broadband subscriptions with advertised downstream speeds equal to, or greater than 10 Mbit/s divided by population and multiplied by 100"
19255,"i4214l","Lit/equipped international bandwidth capacity",,"Mbit/s",33,"BFA","Burkina Faso","109000",2021,"","ARCEP","Refers to the total lit/equipped capacity of international links, namely fiber-optic cables, international radio links and satellite uplinks to orbital satellites in the end of the reference year (expressed in Mbit/s)."
19257,"i4213tfbb","Fixed-broadband subscriptions","i992b","count",33,"BFA","Burkina Faso","16291",2021,"","ARCEP","Refers to fixed subscriptions to high-speed access to the public Internet (a TCP/IP connection), at downstream speeds equal to, or greater than, 256 kbit/s"
19306,"i271GA","At least LTE/WiMAX",,"%",33,"BFA","Burkina Faso","36.6",2021,"","ARCEP","Refers to the percentage of inhabitants that are within range of at least a 4G/ LTE mobile-cellular signal, irrespective of whether or not they are subscribers"
28106,"i992b_256to2_%","256 kbit/s to less than 2 Mbit/s","i992b","% fixed broadband subscriptions",33,"BFA","Burkina Faso","0.398993",2021,"","","Refers to all fixed broadband subscriptions with advertised downstream speeds equal to, or greater than, 256 kbit/s and less than 2 Mbit/s divided by total fixed broadband subscriptions and multiplied by 100"
19303,"i992b","Fixed-broadband subscriptions",,"per 100 people",33,"BFA","Burkina Faso","0.0669065",2022,"","","Refers to fixed subscriptions to high-speed access to the public Internet (a TCP/IP connection), at downstream speeds equal to, or greater than, 256 kbit/s divided by population and multiplied by 100"
34235,"i992b_G10_%","Equal to or above 10 Mbit/s","i992b","% fixed broadband subscriptions",33,"BFA","Burkina Faso","28.881",2021,"","","Refers to all fixed broadband subscriptions with advertised downstream speeds equal to, or greater than 10 Mbit/s divided by total fixed broadband subscriptions multipled by 100"
34234,"i992b_2to10_%","2 Mbit/s to less than 10 Mbit/s","i992b","% fixed broadband subscriptions",33,"BFA","Burkina Faso","70.72",2021,"","","Refers to all fixed broadband subscriptions with advertised downstream speeds equal to, or greater than, 2 Mbit/s and less than 10 Mbit/s divided by total fixed broadband subscriptions and multiplied by 100"
34236,"i271G5_pop","At least 5G",,"%",33,"BFA","Burkina Faso","0",2021,"","ITU estimate.","Refers to the percentage of inhabitants that are within range of at least a 5G mobile-cellular signal, irrespective of whether or not they are subscribers "
28027,"xHH18_IDI","Individuals who own a mobile cellular telephone",,"%",33,"BFA","Burkina Faso","55.2793",2020,"Aged 10 and older.","ITU estimate.","Refers to the proportion of individuals who own a mobile (cellular) or smart telephone. An individual owns a mobile cellular telephone if he/she has a mobile cellular phone device with at least one active SIM card for personal use."
28027,"xHH18_IDI","Individuals who own a mobile cellular telephone",,"%",33,"BFA","Burkina Faso","58.3025",2021,"Aged 10 and older.","ITU estimate.","Refers to the proportion of individuals who own a mobile (cellular) or smart telephone. An individual owns a mobile cellular telephone if he/she has a mobile cellular phone device with at least one active SIM card for personal use."
28027,"xHH18_IDI","Individuals who own a mobile cellular telephone",,"%",33,"BFA","Burkina Faso","61.491",2022,"Aged 10 and older.","ITU estimate.","Refers to the proportion of individuals who own a mobile (cellular) or smart telephone. An individual owns a mobile cellular telephone if he/she has a mobile cellular phone device with at least one active SIM card for personal use."
19257,"i4213tfbb","Fixed-broadband subscriptions","i992b","count",33,"BFA","Burkina Faso","15060",2022,"","ITU estimate.","Refers to fixed subscriptions to high-speed access to the public Internet (a TCP/IP connection), at downstream speeds equal to, or greater than, 256 kbit/s"
19306,"i271GA","At least LTE/WiMAX",,"%",33,"BFA","Burkina Faso","39.39",2022,"","ITU estimate.","Refers to the percentage of inhabitants that are within range of at least a 4G/ LTE mobile-cellular signal, irrespective of whether or not they are subscribers"
28027,"xHH18_IDI","Individuals who own a mobile cellular telephone",,"%",33,"BFA","Burkina Faso","63.5976",2023,"","ITU estimate.","Refers to the proportion of individuals who own a mobile (cellular) or smart telephone. An individual owns a mobile cellular telephone if he/she has a mobile cellular phone device with at least one active SIM card for personal use."
34236,"i271G5_pop","At least 5G",,"%",33,"BFA","Burkina Faso","0",2022,"","ITU estimate.","Refers to the percentage of inhabitants that are within range of at least a 5G mobile-cellular signal, irrespective of whether or not they are subscribers "
34236,"i271G5_pop","At least 5G",,"%",33,"BFA","Burkina Faso","0",2023,"","ITU estimate.","Refers to the percentage of inhabitants that are within range of at least a 5G mobile-cellular signal, irrespective of whether or not they are subscribers "
28027,"xHH18_IDI","Individuals who own a mobile cellular telephone",,"%",33,"BFA","Burkina Faso","63.9227",2024,"","ITU estimate.","Refers to the proportion of individuals who own a mobile (cellular) or smart telephone. An individual owns a mobile cellular telephone if he/she has a mobile cellular phone device with at least one active SIM card for personal use."
20623,"tpInfrastructureSharing_Agreements_Mobile","Infrastructure sharing for mobile based on commercial agreement","tpInfrastructureSharing_Mobile",,33,"BFA","Burkina Faso","Commercial agreements",2015,"Il n'existepas de dispositions règlementaires en la matière. Le régulateur incite plutot au partage d'infrastructures","","Infrastructure sharing for mobile based on commercial agreement/regulation"
20627,"tpInfrastructureSharing_ActivePassive_Mobile","Active or passive mobile infrastructure sharing","tpInfrastructureSharing_Mobile",,33,"BFA","Burkina Faso","Passive sharing",2015,"","","Active or passive mobile infrastructure sharing"
20623,"tpInfrastructureSharing_Agreements_Mobile","Infrastructure sharing for mobile based on commercial agreement","tpInfrastructureSharing_Mobile",,33,"BFA","Burkina Faso","Commercial agreements",2016,"","","Infrastructure sharing for mobile based on commercial agreement/regulation"
20627,"tpInfrastructureSharing_ActivePassive_Mobile","Active or passive mobile infrastructure sharing","tpInfrastructureSharing_Mobile",,33,"BFA","Burkina Faso","Passive sharing",2016,"","","Active or passive mobile infrastructure sharing"
20623,"tpInfrastructureSharing_Agreements_Mobile","Infrastructure sharing for mobile based on commercial agreement","tpInfrastructureSharing_Mobile",,33,"BFA","Burkina Faso","Regulation",2017,"","","Infrastructure sharing for mobile based on commercial agreement/regulation"
20627,"tpInfrastructureSharing_ActivePassive_Mobile","Active or passive mobile infrastructure sharing","tpInfrastructureSharing_Mobile",,33,"BFA","Burkina Faso","Both",2017,"","","Active or passive mobile infrastructure sharing"
20625,"tpInfrastructureSharing_Agreements_Fixed","Infrastructure sharing for fixed services based on commercial agreement","tpInfrastructureSharing_Fixed",,33,"BFA","Burkina Faso","Regulation",2018,"","","Infrastructure sharing for fixed services based on commercial agreement/regulation"
20623,"tpInfrastructureSharing_Agreements_Mobile","Infrastructure sharing for mobile based on commercial agreement","tpInfrastructureSharing_Mobile",,33,"BFA","Burkina Faso","Regulation",2018,"","","Infrastructure sharing for mobile based on commercial agreement/regulation"
20629,"tpInfrastructureSharing_ActivePassive_Fixed","Active or pasive Infrastructure sharing","tpInfrastructureSharing_Fixed",,33,"BFA","Burkina Faso","Passive sharing",2018,"","","Active or passive Infrastructure sharing"
20627,"tpInfrastructureSharing_ActivePassive_Mobile","Active or passive mobile infrastructure sharing","tpInfrastructureSharing_Mobile",,33,"BFA","Burkina Faso","Passive sharing",2018,"","","Active or passive mobile infrastructure sharing"
20629,"tpInfrastructureSharing_ActivePassive_Fixed","Active or pasive Infrastructure sharing","tpInfrastructureSharing_Fixed",,33,"BFA","Burkina Faso","Passive sharing",2019,"","","Active or passive Infrastructure sharing"
20625,"tpInfrastructureSharing_Agreements_Fixed","Infrastructure sharing for fixed services based on commercial agreement","tpInfrastructureSharing_Fixed",,33,"BFA","Burkina Faso","Regulation",2019,"","","Infrastructure sharing for fixed services based on commercial agreement/regulation"
20627,"tpInfrastructureSharing_ActivePassive_Mobile","Active or passive mobile infrastructure sharing","tpInfrastructureSharing_Mobile",,33,"BFA","Burkina Faso","Passive sharing",2019,"","","Active or passive mobile infrastructure sharing"
20623,"tpInfrastructureSharing_Agreements_Mobile","Infrastructure sharing for mobile based on commercial agreement","tpInfrastructureSharing_Mobile",,33,"BFA","Burkina Faso","Regulation",2019,"","","Infrastructure sharing for mobile based on commercial agreement/regulation"
20623,"tpInfrastructureSharing_Agreements_Mobile","Infrastructure sharing for mobile based on commercial agreement","tpInfrastructureSharing_Mobile",,33,"BFA","Burkina Faso","Regulation",2020,"","","Infrastructure sharing for mobile based on commercial agreement/regulation"
20629,"tpInfrastructureSharing_ActivePassive_Fixed","Active or pasive Infrastructure sharing","tpInfrastructureSharing_Fixed",,33,"BFA","Burkina Faso","Passive sharing",2020,"","","Active or passive Infrastructure sharing"
20625,"tpInfrastructureSharing_Agreements_Fixed","Infrastructure sharing for fixed services based on commercial agreement","tpInfrastructureSharing_Fixed",,33,"BFA","Burkina Faso","Regulation",2020,"","","Infrastructure sharing for fixed services based on commercial agreement/regulation"
20627,"tpInfrastructureSharing_ActivePassive_Mobile","Active or passive mobile infrastructure sharing","tpInfrastructureSharing_Mobile",,33,"BFA","Burkina Faso","Passive sharing",2020,"","","Active or passive mobile infrastructure sharing"
20629,"tpInfrastructureSharing_ActivePassive_Fixed","Active or pasive Infrastructure sharing","tpInfrastructureSharing_Fixed",,33,"BFA","Burkina Faso","Passive sharing",2021,"","","Active or passive Infrastructure sharing"
20625,"tpInfrastructureSharing_Agreements_Fixed","Infrastructure sharing for fixed services based on commercial agreement","tpInfrastructureSharing_Fixed",,33,"BFA","Burkina Faso","Regulation",2021,"","","Infrastructure sharing for fixed services based on commercial agreement/regulation"
20623,"tpInfrastructureSharing_Agreements_Mobile","Infrastructure sharing for mobile based on commercial agreement","tpInfrastructureSharing_Mobile",,33,"BFA","Burkina Faso","Regulation",2021,"","","Infrastructure sharing for mobile based on commercial agreement/regulation"
20627,"tpInfrastructureSharing_ActivePassive_Mobile","Active or passive mobile infrastructure sharing","tpInfrastructureSharing_Mobile",,33,"BFA","Burkina Faso","Passive sharing",2021,"","","Active or passive mobile infrastructure sharing"
20629,"tpInfrastructureSharing_ActivePassive_Fixed","Active or pasive Infrastructure sharing","tpInfrastructureSharing_Fixed",,33,"BFA","Burkina Faso","Passive sharing",2022,"","","Active or passive Infrastructure sharing"
20625,"tpInfrastructureSharing_Agreements_Fixed","Infrastructure sharing for fixed services based on commercial agreement","tpInfrastructureSharing_Fixed",,33,"BFA","Burkina Faso","Regulation",2022,"","","Infrastructure sharing for fixed services based on commercial agreement/regulation"
20627,"tpInfrastructureSharing_ActivePassive_Mobile","Active or passive mobile infrastructure sharing","tpInfrastructureSharing_Mobile",,33,"BFA","Burkina Faso","Passive sharing",2022,"","","Active or passive mobile infrastructure sharing"
20623,"tpInfrastructureSharing_Agreements_Mobile","Infrastructure sharing for mobile based on commercial agreement","tpInfrastructureSharing_Mobile",,33,"BFA","Burkina Faso","Regulation",2022,"","","Infrastructure sharing for mobile based on commercial agreement/regulation"
20623,"tpInfrastructureSharing_Agreements_Mobile","Infrastructure sharing for mobile based on commercial agreement","tpInfrastructureSharing_Mobile",,33,"BFA","Burkina Faso","Regulation",2023,"","","Infrastructure sharing for mobile based on commercial agreement/regulation"
20629,"tpInfrastructureSharing_ActivePassive_Fixed","Active or pasive Infrastructure sharing","tpInfrastructureSharing_Fixed",,33,"BFA","Burkina Faso","Passive sharing",2023,"","","Active or passive Infrastructure sharing"
20627,"tpInfrastructureSharing_ActivePassive_Mobile","Active or passive mobile infrastructure sharing","tpInfrastructureSharing_Mobile",,33,"BFA","Burkina Faso","Passive sharing",2023,"","","Active or passive mobile infrastructure sharing"
20625,"tpInfrastructureSharing_Agreements_Fixed","Infrastructure sharing for fixed services based on commercial agreement","tpInfrastructureSharing_Fixed",,33,"BFA","Burkina Faso","Regulation",2023,"","","Infrastructure sharing for fixed services based on commercial agreement/regulation"