"indicateur","region","rubrique","Unit","Date","Value"
"Dépenses moyennes par région","Boucle du Mouhoun","Dépenses totales (milliards CFA)","FCFA","2009","257000000000"
"Dépenses moyennes par région","Boucle du Mouhoun","Dépenses totales (milliards CFA)","FCFA","2018","446365618791.7"
"Dépenses moyennes par région","Boucle du Mouhoun","Dépenses annuelles moyennes par ménage","FCFA par ménage","2009","1283536"
"Dépenses moyennes par région","Boucle du Mouhoun","Dépenses annuelles moyennes par ménage","FCFA par ménage","2018","1625162.9"
"Dépenses moyennes par région","Boucle du Mouhoun","Dépenses annuelles moyennes par tête","FCFA par tête","2009","166567"
"Dépenses moyennes par région","Boucle du Mouhoun","Dépenses annuelles moyennes par tête","FCFA par tête","2018","267746.2"
"Dépenses moyennes par région","Boucle du Mouhoun","Dépenses mensuelles moyennes par tête","FCFA par tête","2009","13881"
"Dépenses moyennes par région","Boucle du Mouhoun","Dépenses mensuelles moyennes par tête","FCFA par tête","2018","22312.1833333333"
"Dépenses moyennes par région","Cascades","Dépenses totales (milliards CFA)","FCFA","2018","283123830172.9"
"Dépenses moyennes par région","Cascades","Dépenses annuelles moyennes par ménage","FCFA par ménage","2009","1432538"
"Dépenses moyennes par région","Cascades","Dépenses annuelles moyennes par ménage","FCFA par ménage","2018","2300940.5"
"Dépenses moyennes par région","Cascades","Dépenses annuelles moyennes par tête","FCFA par tête","2009","212912"
"Dépenses moyennes par région","Cascades","Dépenses annuelles moyennes par tête","FCFA par tête","2018","427245.6"
"Dépenses moyennes par région","Cascades","Dépenses mensuelles moyennes par tête","FCFA par tête","2009","17743"
"Dépenses moyennes par région","Cascades","Dépenses mensuelles moyennes par tête","FCFA par tête","2018","35603.8"
"Dépenses moyennes par région","Centre","Dépenses totales (milliards CFA)","FCFA","2009","547200000000"
"Dépenses moyennes par région","Centre","Dépenses totales (milliards CFA)","FCFA","2018","2200000000000"
"Dépenses moyennes par région","Centre","Dépenses annuelles moyennes par ménage","FCFA par ménage","2009","1416867"
"Dépenses moyennes par région","Centre","Dépenses annuelles moyennes par ménage","FCFA par ménage","2018","3977595.7"
"Dépenses moyennes par région","Centre","Dépenses annuelles moyennes par tête","FCFA par tête","2009","280104"
"Dépenses moyennes par région","Centre","Dépenses annuelles moyennes par tête","FCFA par tête","2018","1025075"
"Dépenses moyennes par région","Centre","Dépenses mensuelles moyennes par tête","FCFA par tête","2009","23342"
"Dépenses moyennes par région","Centre","Dépenses mensuelles moyennes par tête","FCFA par tête","2018","85422.9166666667"
"Dépenses moyennes par région","Centre-Est","Dépenses totales (milliards CFA)","FCFA","2009","191000000000"
"Dépenses moyennes par région","Centre-Est","Dépenses totales (milliards CFA)","FCFA","2018","368924238118.6"
"Dépenses moyennes par région","Centre-Est","Dépenses annuelles moyennes par ménage","FCFA par ménage","2009","1129271"
"Dépenses moyennes par région","Centre-Est","Dépenses annuelles moyennes par ménage","FCFA par ménage","2018","1566909.9"
"Dépenses moyennes par région","Centre-Est","Dépenses annuelles moyennes par tête","FCFA par tête","2009","156029"
"Dépenses moyennes par région","Centre-Est","Dépenses annuelles moyennes par tête","FCFA par tête","2018","290713.9"
"Dépenses moyennes par région","Centre-Est","Dépenses mensuelles moyennes par tête","FCFA par tête","2009","13002"
"Dépenses moyennes par région","Centre-Est","Dépenses mensuelles moyennes par tête","FCFA par tête","2018","24226.1583333333"
"Dépenses moyennes par région","Centre-Nord","Dépenses totales (milliards CFA)","FCFA","2009","265900000000"
"Dépenses moyennes par région","Centre-Nord","Dépenses totales (milliards CFA)","FCFA","2018","313598002222"
"Dépenses moyennes par région","Centre-Nord","Dépenses annuelles moyennes par ménage","FCFA par ménage","2009","1619853"
"Dépenses moyennes par région","Centre-Nord","Dépenses annuelles moyennes par ménage","FCFA par ménage","2018","1543145.4"
"Dépenses moyennes par région","Centre-Nord","Dépenses annuelles moyennes par tête","FCFA par tête","2009","205313"
"Dépenses moyennes par région","Centre-Nord","Dépenses annuelles moyennes par tête","FCFA par tête","2018","221087.6"
"Dépenses moyennes par région","Centre-Nord","Dépenses mensuelles moyennes par tête","FCFA par tête","2009","17109"
"Dépenses moyennes par région","Centre-Nord","Dépenses mensuelles moyennes par tête","FCFA par tête","2018","18423.9666666667"
"Dépenses moyennes par région","Centre-Ouest","Dépenses totales (milliards CFA)","FCFA","2009","215300000000"
"Dépenses moyennes par région","Centre-Ouest","Dépenses totales (milliards CFA)","FCFA","2018","354616949011.2"
"Dépenses moyennes par région","Centre-Ouest","Dépenses annuelles moyennes par ménage","FCFA par ménage","2009","1109218"
"Dépenses moyennes par région","Centre-Ouest","Dépenses annuelles moyennes par ménage","FCFA par ménage","2018","1348086.9"
"Dépenses moyennes par région","Centre-Ouest","Dépenses annuelles moyennes par tête","FCFA par tête","2009","169124"
"Dépenses moyennes par région","Centre-Ouest","Dépenses annuelles moyennes par tête","FCFA par tête","2018","272875.7"
"Dépenses moyennes par région","Centre-Ouest","Dépenses mensuelles moyennes par tête","FCFA par tête","2009","14094"
"Dépenses moyennes par région","Centre-Ouest","Dépenses mensuelles moyennes par tête","FCFA par tête","2018","22739.6416666667"
"Dépenses moyennes par région","Centre-Sud","Dépenses totales (milliards CFA)","FCFA","2009","118200000000"
"Dépenses moyennes par région","Centre-Sud","Dépenses totales (milliards CFA)","FCFA","2018","254769506333"
"Dépenses moyennes par région","Centre-Sud","Dépenses annuelles moyennes par ménage","FCFA par ménage","2009","1066129"
"Dépenses moyennes par région","Centre-Sud","Dépenses annuelles moyennes par ménage","FCFA par ménage","2018","1675663.2"
"Dépenses moyennes par région","Centre-Sud","Dépenses annuelles moyennes par tête","FCFA par tête","2009","172638"
"Dépenses moyennes par région","Centre-Sud","Dépenses annuelles moyennes par tête","FCFA par tête","2018","325452.4"
"Dépenses moyennes par région","Centre-Sud","Dépenses mensuelles moyennes par tête","FCFA par tête","2009","14387"
"Dépenses moyennes par région","Centre-Sud","Dépenses mensuelles moyennes par tête","FCFA par tête","2018","27121.0333333333"
"Dépenses moyennes par région","Est","Dépenses totales (milliards CFA)","FCFA","2009","188500000000"
"Dépenses moyennes par région","Est","Dépenses totales (milliards CFA)","FCFA","2018","399792123208.3"
"Dépenses moyennes par région","Est","Dépenses annuelles moyennes par ménage","FCFA par ménage","2009","978013"
"Dépenses moyennes par région","Est","Dépenses annuelles moyennes par ménage","FCFA par ménage","2018","1564321.7"
"Dépenses moyennes par région","Est","Dépenses annuelles moyennes par tête","FCFA par tête","2009","142453"
"Dépenses moyennes par région","Est","Dépenses annuelles moyennes par tête","FCFA par tête","2018","258149.3"
"Dépenses moyennes par région","Est","Dépenses mensuelles moyennes par tête","FCFA par tête","2009","11871"
"Dépenses moyennes par région","Est","Dépenses mensuelles moyennes par tête","FCFA par tête","2018","21512.4416666667"
"Dépenses moyennes par région","Hauts-Bassins","Dépenses totales (milliards CFA)","FCFA","2009","349600000000"
"Dépenses moyennes par région","Hauts-Bassins","Dépenses totales (milliards CFA)","FCFA","2018","715962912254.7"
"Dépenses moyennes par région","Hauts-Bassins","Dépenses annuelles moyennes par ménage","FCFA par ménage","2009","1468817"
"Dépenses moyennes par région","Hauts-Bassins","Dépenses annuelles moyennes par ménage","FCFA par ménage","2018","2075333"
"Dépenses moyennes par région","Hauts-Bassins","Dépenses annuelles moyennes par tête","FCFA par tête","2009","217861"
"Dépenses moyennes par région","Hauts-Bassins","Dépenses annuelles moyennes par tête","FCFA par tête","2018","413885.3"
"Dépenses moyennes par région","Hauts-Bassins","Dépenses mensuelles moyennes par tête","FCFA par tête","2009","18155"
"Dépenses moyennes par région","Hauts-Bassins","Dépenses mensuelles moyennes par tête","FCFA par tête","2018","34490.4416666667"
"Dépenses moyennes par région","Nord","Dépenses totales (milliards CFA)","FCFA","2009","180400000000"
"Dépenses moyennes par région","Nord","Dépenses totales (milliards CFA)","FCFA","2018","276235822357"
"Dépenses moyennes par région","Nord","Dépenses annuelles moyennes par ménage","FCFA par ménage","2009","1261372"
"Dépenses moyennes par région","Nord","Dépenses annuelles moyennes par ménage","FCFA par ménage","2018","1306450.2"
"Dépenses moyennes par région","Nord","Dépenses annuelles moyennes par tête","FCFA par tête","2009","142045"
"Dépenses moyennes par région","Nord","Dépenses annuelles moyennes par tête","FCFA par tête","2018","213592.9"
"Dépenses moyennes par région","Nord","Dépenses mensuelles moyennes par tête","FCFA par tête","2009","11837"
"Dépenses moyennes par région","Nord","Dépenses mensuelles moyennes par tête","FCFA par tête","2018","17799.4083333333"
"Dépenses moyennes par région","Plateau Central","Dépenses totales (milliards CFA)","FCFA","2009","115700000000"
"Dépenses moyennes par région","Plateau Central","Dépenses totales (milliards CFA)","FCFA","2018","255520195794.7"
"Dépenses moyennes par région","Plateau Central","Dépenses annuelles moyennes par ménage","FCFA par ménage","2009","1108867"
"Dépenses moyennes par région","Plateau Central","Dépenses annuelles moyennes par ménage","FCFA par ménage","2018","1863601"
"Dépenses moyennes par région","Plateau Central","Dépenses annuelles moyennes par tête","FCFA par tête","2009","155571"
"Dépenses moyennes par région","Plateau Central","Dépenses annuelles moyennes par tête","FCFA par tête","2018","325163.1"
"Dépenses moyennes par région","Plateau Central","Dépenses mensuelles moyennes par tête","FCFA par tête","2009","12964"
"Dépenses moyennes par région","Plateau Central","Dépenses mensuelles moyennes par tête","FCFA par tête","2018","27096.925"
"Dépenses moyennes par région","Sahel","Dépenses totales (milliards CFA)","FCFA","2009","225900000000"
"Dépenses moyennes par région","Sahel","Dépenses totales (milliards CFA)","FCFA","2018","334518477919.4"
"Dépenses moyennes par région","Sahel","Dépenses annuelles moyennes par ménage","FCFA par ménage","2009","1321522"
"Dépenses moyennes par région","Sahel","Dépenses annuelles moyennes par ménage","FCFA par ménage","2018","1423943.4"
"Dépenses moyennes par région","Sahel","Dépenses annuelles moyennes par tête","FCFA par tête","2009","214854"
"Dépenses moyennes par région","Sahel","Dépenses annuelles moyennes par tête","FCFA par tête","2018","280931.4"
"Dépenses moyennes par région","Sahel","Dépenses mensuelles moyennes par tête","FCFA par tête","2009","17904"
"Dépenses moyennes par région","Sahel","Dépenses mensuelles moyennes par tête","FCFA par tête","2018","23410.95"
"Dépenses moyennes par région","Sud-Ouest","Dépenses totales (milliards CFA)","FCFA","2009","103200000000"
"Dépenses moyennes par région","Sud-Ouest","Dépenses totales (milliards CFA)","FCFA","2018","223622548119.4"
"Dépenses moyennes par région","Sud-Ouest","Dépenses annuelles moyennes par ménage","FCFA par ménage","2009","1035740"
"Dépenses moyennes par région","Sud-Ouest","Dépenses annuelles moyennes par ménage","FCFA par ménage","2018","1741500.1"
"Dépenses moyennes par région","Sud-Ouest","Dépenses annuelles moyennes par tête","FCFA par tête","2009","154562"
"Dépenses moyennes par région","Sud-Ouest","Dépenses annuelles moyennes par tête","FCFA par tête","2018","310515"
"Dépenses moyennes par région","Sud-Ouest","Dépenses mensuelles moyennes par tête","FCFA par tête","2009","12880"
"Dépenses moyennes par région","Sud-Ouest","Dépenses mensuelles moyennes par tête","FCFA par tête","2018","25876.25"
"Dépenses moyennes par région","Burkina Faso","Dépenses totales (milliards CFA)","FCFA","2018","223622548119.4"
"Dépenses moyennes par région","Burkina Faso","Dépenses annuelles moyennes par ménage","FCFA par ménage","2018","1741500.1"
"Dépenses moyennes par région","Burkina Faso","Dépenses annuelles moyennes par tête","FCFA par tête","2018","310515"
"Dépenses moyennes par région","Burkina Faso","Dépenses mensuelles moyennes par tête","FCFA par tête","2018","25876.25"
