DJÔRÔ,,,,,,,,,,,,,,,,,,,,,,,,,,,,,,,,,,,,,,,,,,,,,,,,,
,,2020,,,2021,,,2022,,,2023,,,2024,,,2025,,,2026,,,2027,,,2028,,,2029,,,2030,,,2031,,,2032,,,2033,,,2034,,,2035,,
, Ages,Ensemble,,,Ensemble,,,Ensemble,,,Ensemble,,,Ensemble,,,Ensemble,,,Ensemble,,,Ensemble,,,Ensemble,,,Ensemble,,,Ensemble,,,Ensemble,,,Ensemble,,,Ensemble,,,Ensemble,,,Ensemble,,
,,Homme ,Femme,Ensemble,Homme ,Femme,Ensemble,Homme ,Femme,Ensemble,Homme ,Femme,Ensemble,Homme ,Femme,Ensemble,Homme ,Femme,Ensemble,Homme ,Femme,Ensemble,Homme ,Femme,Ensemble,Homme ,Femme,Ensemble,Homme ,Femme,Ensemble,Homme ,Femme,Ensemble,Homme ,Femme,Ensemble,Homme ,Femme,Ensemble,Homme ,Femme,Ensemble,Homme ,Femme,Ensemble,Homme ,Femme,Ensemble
,0,  17 156   ,  16 277   ,  33 433   ,  17 215   ,  16 313   ,  33 528   ,  17 324   ,  16 412   ,  33 736   ,  17 410   ,  16 489   ,  33 899   ,  17 477   ,  16 548   ,  34 025   ,  17 538   ,  16 599   ,  34 137   ,  17 827   ,  16 866   ,  34 693   ,  18 117   ,  17 133   ,  35 250   ,  18 120   ,  17 132   ,  35 252   ,  18 159   ,  17 163   ,  35 322   ,  18 163   ,  17 161   ,  35 324   ,  18 360   ,  17 340   ,  35 700   ,  18 566   ,  17 528   ,  36 094   ,  18 775   ,  17 717   ,  36 492   ,  18 977   ,  17 896   ,  36 873   ,  19 162   ,  18 057   ,  37 219   
,1,  16 879   ,  16 077   ,  32 956   ,  16 788   ,  15 940   ,  32 728   ,  16 860   ,  15 987   ,  32 847   ,  16 982   ,  16 095   ,  33 077   ,  17 079   ,  16 180   ,  33 259   ,  17 159   ,  16 246   ,  33 405   ,  17 455   ,  16 517   ,  33 972   ,  17 754   ,  16 789   ,  34 543   ,  17 780   ,  16 808   ,  34 588   ,  17 844   ,  16 860   ,  34 704   ,  17 872   ,  16 877   ,  34 749   ,  17 886   ,  16 882   ,  34 768   ,  18 089   ,  17 068   ,  35 157   ,  18 302   ,  17 262   ,  35 564   ,  18 518   ,  17 456   ,  35 974   ,  18 727   ,  17 640   ,  36 367   
,2,  16 436   ,  15 745   ,  32 181   ,  16 727   ,  15 937   ,  32 664   ,  16 643   ,  15 808   ,  32 451   ,  16 722   ,  15 862   ,  32 584   ,  16 849   ,  15 974   ,  32 823   ,  16 952   ,  16 063   ,  33 015   ,  17 257   ,  16 342   ,  33 599   ,  17 559   ,  16 617   ,  34 176   ,  17 594   ,  16 644   ,  34 238   ,  17 672   ,  16 708   ,  34 380   ,  17 717   ,  16 742   ,  34 459   ,  17 748   ,  16 762   ,  34 510   ,  17 766   ,  16 773   ,  34 539   ,  17 974   ,  16 963   ,  34 937   ,  18 191   ,  17 159   ,  35 350   ,  18 410   ,  17 355   ,  35 765   
,3,  15 855   ,  15 280   ,  31 135   ,  16 252   ,  15 558   ,  31 810   ,  16 543   ,  15 752   ,  32 295   ,  16 465   ,  15 629   ,  32 094   ,  16 546   ,  15 685   ,  32 231   ,  16 676   ,  15 798   ,  32 474   ,  16 999   ,  16 094   ,  33 093   ,  17 307   ,  16 374   ,  33 681   ,  17 347   ,  16 407   ,  33 754   ,  17 430   ,  16 475   ,  33 905   ,  17 487   ,  16 519   ,  34 006   ,  17 533   ,  16 554   ,  34 087   ,  17 566   ,  16 576   ,  34 142   ,  17 588   ,  16 589   ,  34 177   ,  17 797   ,  16 778   ,  34 575   ,  18 014   ,  16 973   ,  34 987   
,4,  15 296   ,  14 813   ,  30 109   ,  15 716   ,  15 119   ,  30 835   ,  16 113   ,  15 397   ,  31 510   ,  16 406   ,  15 593   ,  31 999   ,  16 332   ,  15 474   ,  31 806   ,  16 417   ,  15 531   ,  31 948   ,  16 763   ,  15 848   ,  32 611   ,  17 089   ,  16 145   ,  33 234   ,  17 142   ,  16 190   ,  33 332   ,  17 226   ,  16 260   ,  33 486   ,  17 288   ,  16 308   ,  33 596   ,  17 345   ,  16 352   ,  33 697   ,  17 393   ,  16 389   ,  33 782   ,  17 429   ,  16 413   ,  33 842   ,  17 454   ,  16 427   ,  33 881   ,  17 663   ,  16 614   ,  34 277   
,5,  14 620   ,  14 224   ,  28 844   ,  15 182   ,  14 695   ,  29 877   ,  15 602   ,  15 001   ,  30 603   ,  16 000   ,  15 281   ,  31 281   ,  16 295   ,  15 477   ,  31 772   ,  16 225   ,  15 360   ,  31 585   ,  16 523   ,  15 618   ,  32 141   ,  16 871   ,  15 936   ,  32 807   ,  16 950   ,  16 005   ,  32 955   ,  17 042   ,  16 082   ,  33 124   ,  17 105   ,  16 131   ,  33 236   ,  17 166   ,  16 179   ,  33 345   ,  17 225   ,  16 225   ,  33 450   ,  17 275   ,  16 263   ,  33 538   ,  17 314   ,  16 287   ,  33 601   ,  17 340   ,  16 300   ,  33 640   
,6,  14 044   ,  13 680   ,  27 724   ,  14 580   ,  14 170   ,  28 750   ,  15 143   ,  14 643   ,  29 786   ,  15 566   ,  14 951   ,  30 517   ,  15 966   ,  15 231   ,  31 197   ,  16 263   ,  15 428   ,  31 691   ,  16 405   ,  15 510   ,  31 915   ,  16 706   ,  15 770   ,  32 476   ,  16 812   ,  15 865   ,  32 677   ,  16 924   ,  15 961   ,  32 885   ,  16 996   ,  16 018   ,  33 014   ,  17 058   ,  16 067   ,  33 125   ,  17 121   ,  16 116   ,  33 237   ,  17 182   ,  16 163   ,  33 345   ,  17 234   ,  16 200   ,  33 434   ,  17 274   ,  16 223   ,  33 497   
,7,  13 657   ,  13 279   ,  26 936   ,  14 013   ,  13 646   ,  27 659   ,  14 551   ,  14 137   ,  28 688   ,  15 116   ,  14 611   ,  29 727   ,  15 541   ,  14 920   ,  30 461   ,  15 943   ,  15 201   ,  31 144   ,  16 451   ,  15 598   ,  32 049   ,  16 594   ,  15 680   ,  32 274   ,  16 655   ,  15 719   ,  32 374   ,  16 794   ,  15 838   ,  32 632   ,  16 885   ,  15 915   ,  32 800   ,  16 956   ,  15 971   ,  32 927   ,  17 019   ,  16 021   ,  33 040   ,  17 084   ,  16 071   ,  33 155   ,  17 147   ,  16 117   ,  33 264   ,  17 201   ,  16 153   ,  33 354   
,8,  13 299   ,  12 883   ,  26 182   ,  13 562   ,  13 197   ,  26 759   ,  13 918   ,  13 564   ,  27 482   ,  14 455   ,  14 055   ,  28 510   ,  15 018   ,  14 527   ,  29 545   ,  15 442   ,  14 834   ,  30 276   ,  16 048   ,  15 309   ,  31 357   ,  16 559   ,  15 707   ,  32 266   ,  16 465   ,  15 571   ,  32 036   ,  16 557   ,  15 633   ,  32 190   ,  16 674   ,  15 733   ,  32 407   ,  16 764   ,  15 808   ,  32 572   ,  16 835   ,  15 865   ,  32 700   ,  16 900   ,  15 915   ,  32 815   ,  16 966   ,  15 964   ,  32 930   ,  17 029   ,  16 008   ,  33 037   
,9,  12 903   ,  12 452   ,  25 355   ,  13 307   ,  12 915   ,  26 222   ,  13 573   ,  13 232   ,  26 805   ,  13 931   ,  13 602   ,  27 533   ,  14 470   ,  14 095   ,  28 565   ,  15 036   ,  14 569   ,  29 605   ,  15 662   ,  15 070   ,  30 732   ,  16 276   ,  15 551   ,  31 827   ,  16 554   ,  15 732   ,  32 286   ,  16 488   ,  15 616   ,  32 104   ,  16 559   ,  15 660   ,  32 219   ,  16 674   ,  15 759   ,  32 433   ,  16 765   ,  15 834   ,  32 599   ,  16 838   ,  15 892   ,  32 730   ,  16 905   ,  15 941   ,  32 846   ,  16 971   ,  15 988   ,  32 959   
,10,  12 249   ,  11 875   ,  24 124   ,  12 767   ,  12 435   ,  25 202   ,  13 168   ,  12 899   ,  26 067   ,  13 434   ,  13 218   ,  26 652   ,  13 790   ,  13 588   ,  27 378   ,  14 325   ,  14 081   ,  28 406   ,  15 079   ,  14 743   ,  29 822   ,  15 706   ,  15 249   ,  30 955   ,  16 093   ,  15 518   ,  31 611   ,  16 398   ,  15 722   ,  32 120   ,  16 311   ,  15 588   ,  31 899   ,  16 380   ,  15 630   ,  32 010   ,  16 495   ,  15 729   ,  32 224   ,  16 586   ,  15 805   ,  32 391   ,  16 659   ,  15 861   ,  32 520   ,  16 725   ,  15 909   ,  32 634   
,11,  11 841   ,  11 463   ,  23 304   ,  12 210   ,  11 847   ,  24 057   ,  12 727   ,  12 408   ,  25 135   ,  13 130   ,  12 873   ,  26 003   ,  13 395   ,  13 191   ,  26 586   ,  13 752   ,  13 560   ,  27 312   ,  14 471   ,  14 234   ,  28 705   ,  15 232   ,  14 902   ,  30 134   ,  15 649   ,  15 203   ,  30 852   ,  16 059   ,  15 491   ,  31 550   ,  16 340   ,  15 675   ,  32 015   ,  16 252   ,  15 540   ,  31 792   ,  16 321   ,  15 582   ,  31 903   ,  16 437   ,  15 681   ,  32 118   ,  16 529   ,  15 756   ,  32 285   ,  16 602   ,  15 810   ,  32 412   
,12,  11 496   ,  11 096   ,  22 592   ,  11 926   ,  11 488   ,  23 414   ,  12 298   ,  11 875   ,  24 173   ,  12 821   ,  12 438   ,  25 259   ,  13 228   ,  12 905   ,  26 133   ,  13 497   ,  13 224   ,  26 721   ,  14 036   ,  13 769   ,  27 805   ,  14 770   ,  14 452   ,  29 222   ,  15 336   ,  14 925   ,  30 261   ,  15 773   ,  15 242   ,  31 015   ,  16 163   ,  15 512   ,  31 675   ,  16 445   ,  15 695   ,  32 140   ,  16 357   ,  15 559   ,  31 916   ,  16 428   ,  15 602   ,  32 030   ,  16 546   ,  15 699   ,  32 245   ,  16 639   ,  15 772   ,  32 411   
,13,  11 223   ,  9 882   ,  21 105   ,  11 828   ,  10 359   ,  22 187   ,  12 271   ,  10 727   ,  22 998   ,  12 657   ,  11 089   ,  23 746   ,  13 196   ,  11 615   ,  24 811   ,  13 616   ,  12 051   ,  25 667   ,  14 074   ,  12 509   ,  26 583   ,  14 635   ,  13 024   ,  27 659   ,  15 198   ,  13 485   ,  28 683   ,  15 795   ,  13 938   ,  29 733   ,  16 223   ,  14 218   ,  30 441   ,  16 623   ,  14 468   ,  31 091   ,  16 914   ,  14 638   ,  31 552   ,  16 825   ,  14 512   ,  31 337   ,  16 899   ,  14 550   ,  31 449   ,  17 021   ,  14 639   ,  31 660   
,14,  10 699   ,  9 458   ,  20 157   ,  11 191   ,  9 787   ,  20 978   ,  11 796   ,  10 261   ,  22 057   ,  12 240   ,  10 626   ,  22 866   ,  12 626   ,  10 985   ,  23 611   ,  13 165   ,  11 506   ,  24 671   ,  13 761   ,  12 091   ,  25 852   ,  14 222   ,  12 549   ,  26 771   ,  14 596   ,  12 893   ,  27 489   ,  15 165   ,  13 360   ,  28 525   ,  15 740   ,  13 793   ,  29 533   ,  16 165   ,  14 067   ,  30 232   ,  16 564   ,  14 314   ,  30 878   ,  16 855   ,  14 482   ,  31 337   ,  16 768   ,  14 355   ,  31 123   ,  16 841   ,  14 391   ,  31 232   
,15,  9 782   ,  8 896   ,  18 678   ,  10 316   ,  9 174   ,  19 490   ,  10 793   ,  9 495   ,  20 288   ,  11 379   ,  9 955   ,  21 334   ,  11 809   ,  10 309   ,  22 118   ,  12 183   ,  10 657   ,  22 840   ,  12 869   ,  11 306   ,  24 175   ,  13 451   ,  11 880   ,  25 331   ,  13 726   ,  12 175   ,  25 901   ,  14 094   ,  12 514   ,  26 608   ,  14 624   ,  12 953   ,  27 577   ,  15 178   ,  13 370   ,  28 548   ,  15 589   ,  13 636   ,  29 225   ,  15 977   ,  13 875   ,  29 852   ,  16 259   ,  14 036   ,  30 295   ,  16 175   ,  13 910   ,  30 085   
,16,  9 038   ,  8 557   ,  17 595   ,  9 694   ,  8 875   ,  18 569   ,  10 225   ,  9 153   ,  19 378   ,  10 700   ,  9 474   ,  20 174   ,  11 282   ,  9 933   ,  21 215   ,  11 710   ,  10 286   ,  21 996   ,  12 238   ,  10 770   ,  23 008   ,  12 927   ,  11 424   ,  24 351   ,  13 341   ,  11 853   ,  25 194   ,  13 614   ,  12 144   ,  25 758   ,  13 961   ,  12 468   ,  26 429   ,  14 486   ,  12 902   ,  27 388   ,  15 036   ,  13 318   ,  28 354   ,  15 446   ,  13 582   ,  29 028   ,  15 831   ,  13 818   ,  29 649   ,  16 111   ,  13 976   ,  30 087   
,17,  8 551   ,  8 433   ,  16 984   ,  8 985   ,  8 506   ,  17 491   ,  9 640   ,  8 824   ,  18 464   ,  10 170   ,  9 101   ,  19 271   ,  10 644   ,  9 420   ,  20 064   ,  11 225   ,  9 877   ,  21 102   ,  11 802   ,  10 360   ,  22 162   ,  12 334   ,  10 846   ,  23 180   ,  12 862   ,  11 362   ,  24 224   ,  13 274   ,  11 786   ,  25 060   ,  13 529   ,  12 061   ,  25 590   ,  13 873   ,  12 381   ,  26 254   ,  14 397   ,  12 813   ,  27 210   ,  14 945   ,  13 225   ,  28 170   ,  15 353   ,  13 486   ,  28 839   ,  15 737   ,  13 718   ,  29 455   
,18,  8 212   ,  8 590   ,  16 802   ,  8 465   ,  8 413   ,  16 878   ,  8 896   ,  8 487   ,  17 383   ,  9 547   ,  8 805   ,  18 352   ,  10 073   ,  9 082   ,  19 155   ,  10 544   ,  9 400   ,  19 944   ,  11 264   ,  9 983   ,  21 247   ,  11 843   ,  10 470   ,  22 313   ,  12 213   ,  10 827   ,  23 040   ,  12 738   ,  11 339   ,  24 077   ,  13 130   ,  11 748   ,  24 878   ,  13 381   ,  12 021   ,  25 402   ,  13 723   ,  12 340   ,  26 063   ,  14 242   ,  12 770   ,  27 012   ,  14 786   ,  13 179   ,  27 965   ,  15 191   ,  13 436   ,  28 627   
,19,  7 825   ,  8 604   ,  16 429   ,  8 128   ,  8 588   ,  16 716   ,  8 379   ,  8 412   ,  16 791   ,  8 808   ,  8 486   ,  17 294   ,  9 455   ,  8 805   ,  18 260   ,  9 979   ,  9 082   ,  19 061   ,  10 582   ,  9 522   ,  20 104   ,  11 305   ,  10 112   ,  21 417   ,  11 731   ,  10 475   ,  22 206   ,  12 105   ,  10 827   ,  22 932   ,  12 611   ,  11 326   ,  23 937   ,  12 999   ,  11 734   ,  24 733   ,  13 248   ,  12 007   ,  25 255   ,  13 588   ,  12 325   ,  25 913   ,  14 104   ,  12 753   ,  26 857   ,  14 645   ,  13 160   ,  27 805   
,20,  7 451   ,  8 455   ,  15 906   ,  7 817   ,  8 712   ,  16 529   ,  8 122   ,  8 696   ,  16 818   ,  8 375   ,  8 518   ,  16 893   ,  8 806   ,  8 594   ,  17 400   ,  9 455   ,  8 917   ,  18 372   ,  10 110   ,  9 317   ,  19 427   ,  10 722   ,  9 768   ,  20 490   ,  11 310   ,  10 246   ,  21 556   ,  11 741   ,  10 610   ,  22 351   ,  12 102   ,  10 954   ,  23 056   ,  12 608   ,  11 458   ,  24 066   ,  12 997   ,  11 871   ,  24 868   ,  13 249   ,  12 147   ,  25 396   ,  13 591   ,  12 468   ,  26 059   ,  14 108   ,  12 899   ,  27 007   
,21,  7 089   ,  8 087   ,  15 176   ,  7 381   ,  8 377   ,  15 758   ,  7 746   ,  8 632   ,  16 378   ,  8 050   ,  8 618   ,  16 668   ,  8 303   ,  8 442   ,  16 745   ,  8 733   ,  8 518   ,  17 251   ,  9 502   ,  8 953   ,  18 455   ,  10 162   ,  9 353   ,  19 515   ,  10 641   ,  9 687   ,  20 328   ,  11 227   ,  10 156   ,  21 383   ,  11 644   ,  10 505   ,  22 149   ,  12 002   ,  10 846   ,  22 848   ,  12 506   ,  11 345   ,  23 851   ,  12 895   ,  11 754   ,  24 649   ,  13 146   ,  12 027   ,  25 173   ,  13 486   ,  12 343   ,  25 829   
,22,  6 592   ,  7 581   ,  14 173   ,  6 927   ,  8 049   ,  14 976   ,  7 215   ,  8 339   ,  15 554   ,  7 574   ,  8 594   ,  16 168   ,  7 875   ,  8 580   ,  16 455   ,  8 124   ,  8 405   ,  16 529   ,  8 658   ,  8 590   ,  17 248   ,  9 423   ,  9 028   ,  18 451   ,  9 952   ,  9 316   ,  19 268   ,  10 423   ,  9 642   ,  20 065   ,  10 988   ,  10 099   ,  21 087   ,  11 396   ,  10 445   ,  21 841   ,  11 748   ,  10 784   ,  22 532   ,  12 245   ,  11 281   ,  23 526   ,  12 628   ,  11 687   ,  24 315   ,  12 876   ,  11 956   ,  24 832   
,23,  6 120   ,  7 091   ,  13 211   ,  6 460   ,  7 572   ,  14 032   ,  6 792   ,  8 041   ,  14 833   ,  7 077   ,  8 332   ,  15 409   ,  7 432   ,  8 587   ,  16 019   ,  7 729   ,  8 573   ,  16 302   ,  8 079   ,  8 507   ,  16 586   ,  8 612   ,  8 693   ,  17 305   ,  9 264   ,  9 033   ,  18 297   ,  9 785   ,  9 317   ,  19 102   ,  10 240   ,  9 633   ,  19 873   ,  10 796   ,  10 089   ,  20 885   ,  11 200   ,  10 436   ,  21 636   ,  11 549   ,  10 775   ,  22 324   ,  12 040   ,  11 270   ,  23 310   ,  12 418   ,  11 674   ,  24 092   
,24,  5 823   ,  6 808   ,  12 631   ,  6 021   ,  7 071   ,  13 092   ,  6 360   ,  7 552   ,  13 912   ,  6 690   ,  8 021   ,  14 711   ,  6 973   ,  8 312   ,  15 285   ,  7 327   ,  8 568   ,  15 895   ,  7 721   ,  8 665   ,  16 386   ,  8 072   ,  8 597   ,  16 669   ,  8 502   ,  8 685   ,  17 187   ,  9 142   ,  9 012   ,  18 154   ,  9 649   ,  9 286   ,  18 935   ,  10 099   ,  9 601   ,  19 700   ,  10 650   ,  10 056   ,  20 706   ,  11 052   ,  10 402   ,  21 454   ,  11 399   ,  10 739   ,  22 138   ,  11 886   ,  11 232   ,  23 118   
,25,  5 640   ,  6 585   ,  12 225   ,  5 717   ,  6 716   ,  12 433   ,  5 914   ,  6 978   ,  12 892   ,  6 250   ,  7 454   ,  13 704   ,  6 578   ,  7 919   ,  14 497   ,  6 859   ,  8 207   ,  15 066   ,  7 304   ,  8 569   ,  15 873   ,  7 699   ,  8 666   ,  16 365   ,  7 950   ,  8 498   ,  16 448   ,  8 372   ,  8 574   ,  16 946   ,  8 996   ,  8 888   ,  17 884   ,  9 498   ,  9 158   ,  18 656   ,  9 943   ,  9 470   ,  19 413   ,  10 490   ,  9 919   ,  20 409   ,  10 888   ,  10 260   ,  21 148   ,  11 232   ,  10 591   ,  21 823   
,26,  5 442   ,  6 466   ,  11 908   ,  5 492   ,  6 561   ,  12 053   ,  5 569   ,  6 693   ,  12 262   ,  5 763   ,  6 955   ,  12 718   ,  6 094   ,  7 431   ,  13 525   ,  6 417   ,  7 895   ,  14 312   ,  6 781   ,  8 289   ,  15 070   ,  7 223   ,  8 655   ,  15 878   ,  7 521   ,  8 652   ,  16 173   ,  7 765   ,  8 475   ,  16 240   ,  8 171   ,  8 542   ,  16 713   ,  8 783   ,  8 855   ,  17 638   ,  9 276   ,  9 125   ,  18 401   ,  9 714   ,  9 436   ,  19 150   ,  10 252   ,  9 883   ,  20 135   ,  10 643   ,  10 221   ,  20 864   
,27,  5 389   ,  6 450   ,  11 839   ,  5 381   ,  6 466   ,  11 847   ,  5 431   ,  6 563   ,  11 994   ,  5 510   ,  6 696   ,  12 206   ,  5 705   ,  6 960   ,  12 665   ,  6 036   ,  7 437   ,  13 473   ,  6 441   ,  8 005   ,  14 446   ,  6 809   ,  8 405   ,  15 214   ,  7 164   ,  8 677   ,  15 841   ,  7 458   ,  8 663   ,  16 121   ,  7 695   ,  8 477   ,  16 172   ,  8 099   ,  8 544   ,  16 643   ,  8 710   ,  8 858   ,  17 568   ,  9 202   ,  9 129   ,  18 331   ,  9 640   ,  9 440   ,  19 080   ,  10 177   ,  9 887   ,  20 064   
,28,  5 412   ,  6 670   ,  12 082   ,  5 232   ,  6 506   ,  11 738   ,  5 225   ,  6 523   ,  11 748   ,  5 275   ,  6 623   ,  11 898   ,  5 353   ,  6 759   ,  12 112   ,  5 545   ,  7 025   ,  12 570   ,  5 946   ,  7 606   ,  13 552   ,  6 348   ,  8 187   ,  14 535   ,  6 628   ,  8 498   ,  15 126   ,  6 974   ,  8 762   ,  15 736   ,  7 256   ,  8 740   ,  15 996   ,  7 486   ,  8 552   ,  16 038   ,  7 882   ,  8 621   ,  16 503   ,  8 481   ,  8 939   ,  17 420   ,  8 964   ,  9 212   ,  18 176   ,  9 393   ,  9 525   ,  18 918   
,29,  5 424   ,  6 656   ,  12 080   ,  5 342   ,  6 657   ,  11 999   ,  5 165   ,  6 494   ,  11 659   ,  5 159   ,  6 513   ,  11 672   ,  5 210   ,  6 613   ,  11 823   ,  5 288   ,  6 750   ,  12 038   ,  5 552   ,  7 108   ,  12 660   ,  5 956   ,  7 695   ,  13 651   ,  6 283   ,  8 191   ,  14 474   ,  6 560   ,  8 492   ,  15 052   ,  6 899   ,  8 747   ,  15 646   ,  7 178   ,  8 725   ,  15 903   ,  7 409   ,  8 539   ,  15 948   ,  7 804   ,  8 608   ,  16 412   ,  8 401   ,  8 925   ,  17 326   ,  8 881   ,  9 197   ,  18 078   
,30,  5 363   ,  6 546   ,  11 909   ,  5 417   ,  6 760   ,  12 177   ,  5 336   ,  6 762   ,  12 098   ,  5 158   ,  6 598   ,  11 756   ,  5 154   ,  6 618   ,  11 772   ,  5 206   ,  6 720   ,  11 926   ,  5 355   ,  6 948   ,  12 303   ,  5 623   ,  7 317   ,  12 940   ,  5 964   ,  7 837   ,  13 801   ,  6 289   ,  8 330   ,  14 619   ,  6 563   ,  8 628   ,  15 191   ,  6 903   ,  8 887   ,  15 790   ,  7 185   ,  8 865   ,  16 050   ,  7 418   ,  8 676   ,  16 094   ,  7 817   ,  8 746   ,  16 563   ,  8 418   ,  9 068   ,  17 486   
,31,  5 266   ,  6 317   ,  11 583   ,  5 291   ,  6 527   ,  11 818   ,  5 345   ,  6 742   ,  12 087   ,  5 266   ,  6 746   ,  12 012   ,  5 091   ,  6 583   ,  11 674   ,  5 088   ,  6 603   ,  11 691   ,  5 208   ,  6 793   ,  12 001   ,  5 358   ,  7 023   ,  12 381   ,  5 563   ,  7 317   ,  12 880   ,  5 896   ,  7 823   ,  13 719   ,  6 214   ,  8 308   ,  14 522   ,  6 486   ,  8 605   ,  15 091   ,  6 825   ,  8 865   ,  15 690   ,  7 106   ,  8 843   ,  15 949   ,  7 339   ,  8 654   ,  15 993   ,  7 736   ,  8 723   ,  16 459   
,32,  5 057   ,  6 015   ,  11 072   ,  5 158   ,  6 314   ,  11 472   ,  5 183   ,  6 526   ,  11 709   ,  5 239   ,  6 743   ,  11 982   ,  5 162   ,  6 748   ,  11 910   ,  4 991   ,  6 585   ,  11 576   ,  5 053   ,  6 691   ,  11 744   ,  5 174   ,  6 883   ,  12 057   ,  5 264   ,  7 043   ,  12 307   ,  5 460   ,  7 324   ,  12 784   ,  5 783   ,  7 823   ,  13 606   ,  6 097   ,  8 309   ,  14 406   ,  6 366   ,  8 607   ,  14 973   ,  6 701   ,  8 867   ,  15 568   ,  6 980   ,  8 845   ,  15 825   ,  7 210   ,  8 655   ,  15 865   
,33,  4 720   ,  5 473   ,  10 193   ,  4 975   ,  5 963   ,  10 938   ,  5 076   ,  6 262   ,  11 338   ,  5 103   ,  6 473   ,  11 576   ,  5 158   ,  6 689   ,  11 847   ,  5 083   ,  6 694   ,  11 777   ,  4 978   ,  6 617   ,  11 595   ,  5 041   ,  6 723   ,  11 764   ,  5 109   ,  6 853   ,  11 962   ,  5 189   ,  6 996   ,  12 185   ,  5 379   ,  7 268   ,  12 647   ,  5 699   ,  7 763   ,  13 462   ,  6 011   ,  8 246   ,  14 257   ,  6 278   ,  8 542   ,  14 820   ,  6 610   ,  8 800   ,  15 410   ,  6 887   ,  8 778   ,  15 665   
,34,  4 456   ,  5 111   ,  9 567   ,  4 602   ,  5 426   ,  10 028   ,  4 853   ,  5 914   ,  10 767   ,  4 953   ,  6 212   ,  11 165   ,  4 981   ,  6 423   ,  11 404   ,  5 037   ,  6 638   ,  11 675   ,  5 029   ,  6 730   ,  11 759   ,  4 925   ,  6 652   ,  11 577   ,  4 936   ,  6 696   ,  11 632   ,  4 990   ,  6 801   ,  11 791   ,  5 064   ,  6 937   ,  12 001   ,  5 250   ,  7 207   ,  12 457   ,  5 565   ,  7 699   ,  13 264   ,  5 872   ,  8 179   ,  14 051   ,  6 135   ,  8 472   ,  14 607   ,  6 462   ,  8 728   ,  15 190   
,35,  4 271   ,  4 889   ,  9 160   ,  4 331   ,  5 010   ,  9 341   ,  4 475   ,  5 321   ,  9 796   ,  4 722   ,  5 801   ,  10 523   ,  4 822   ,  6 094   ,  10 916   ,  4 850   ,  6 302   ,  11 152   ,  4 970   ,  6 598   ,  11 568   ,  4 963   ,  6 689   ,  11 652   ,  4 809   ,  6 549   ,  11 358   ,  4 807   ,  6 571   ,  11 378   ,  4 856   ,  6 668   ,  11 524   ,  4 929   ,  6 802   ,  11 731   ,  5 111   ,  7 067   ,  12 178   ,  5 421   ,  7 551   ,  12 972   ,  5 722   ,  8 021   ,  13 743   ,  5 980   ,  8 308   ,  14 288   
,36,  4 043   ,  4 717   ,  8 760   ,  4 170   ,  4 902   ,  9 072   ,  4 230   ,  5 025   ,  9 255   ,  4 373   ,  5 338   ,  9 711   ,  4 617   ,  5 822   ,  10 439   ,  4 716   ,  6 117   ,  10 833   ,  4 806   ,  6 408   ,  11 214   ,  4 926   ,  6 709   ,  11 635   ,  4 868   ,  6 735   ,  11 603   ,  4 704   ,  6 574   ,  11 278   ,  4 699   ,  6 590   ,  11 289   ,  4 747   ,  6 688   ,  11 435   ,  4 819   ,  6 822   ,  11 641   ,  4 999   ,  7 089   ,  12 088   ,  5 304   ,  7 574   ,  12 878   ,  5 600   ,  8 046   ,  13 646   
,37,  4 025   ,  4 813   ,  8 838   ,  4 053   ,  4 865   ,  8 918   ,  4 183   ,  5 058   ,  9 241   ,  4 245   ,  5 186   ,  9 431   ,  4 390   ,  5 510   ,  9 900   ,  4 638   ,  6 010   ,  10 648   ,  4 801   ,  6 398   ,  11 199   ,  4 894   ,  6 702   ,  11 596   ,  4 962   ,  6 947   ,  11 909   ,  4 891   ,  6 955   ,  11 846   ,  4 723   ,  6 782   ,  11 505   ,  4 718   ,  6 799   ,  11 517   ,  4 767   ,  6 900   ,  11 667   ,  4 841   ,  7 040   ,  11 881   ,  5 023   ,  7 315   ,  12 338   ,  5 331   ,  7 816   ,  13 147   
,38,  3 938   ,  4 847   ,  8 785   ,  3 903   ,  4 835   ,  8 738   ,  3 932   ,  4 889   ,  8 821   ,  4 060   ,  5 084   ,  9 144   ,  4 122   ,  5 214   ,  9 336   ,  4 265   ,  5 541   ,  9 806   ,  4 566   ,  6 123   ,  10 689   ,  4 728   ,  6 518   ,  11 246   ,  4 765   ,  6 755   ,  11 520   ,  4 822   ,  6 985   ,  11 807   ,  4 749   ,  6 986   ,  11 735   ,  4 585   ,  6 812   ,  11 397   ,  4 581   ,  6 830   ,  11 411   ,  4 630   ,  6 933   ,  11 563   ,  4 703   ,  7 073   ,  11 776   ,  4 881   ,  7 350   ,  12 231   
,39,  3 854   ,  4 770   ,  8 624   ,  3 918   ,  4 892   ,  8 810   ,  3 884   ,  4 881   ,  8 765   ,  3 914   ,  4 937   ,  8 851   ,  4 044   ,  5 135   ,  9 179   ,  4 106   ,  5 267   ,  9 373   ,  4 306   ,  5 670   ,  9 976   ,  4 612   ,  6 266   ,  10 878   ,  4 721   ,  6 598   ,  11 319   ,  4 751   ,  6 827   ,  11 578   ,  4 805   ,  7 052   ,  11 857   ,  4 732   ,  7 053   ,  11 785   ,  4 569   ,  6 879   ,  11 448   ,  4 566   ,  6 897   ,  11 463   ,  4 615   ,  7 001   ,  11 616   ,  4 689   ,  7 142   ,  11 831   
,40,  3 722   ,  4 660   ,  8 382   ,  3 859   ,  4 887   ,  8 746   ,  3 924   ,  5 012   ,  8 936   ,  3 891   ,  5 003   ,  8 894   ,  3 922   ,  5 061   ,  8 983   ,  4 053   ,  5 264   ,  9 317   ,  4 171   ,  5 470   ,  9 641   ,  4 375   ,  5 888   ,  10 263   ,  4 634   ,  6 437   ,  11 071   ,  4 738   ,  6 768   ,  11 506   ,  4 765   ,  6 995   ,  11 760   ,  4 819   ,  7 226   ,  12 045   ,  4 746   ,  7 228   ,  11 974   ,  4 583   ,  7 050   ,  11 633   ,  4 580   ,  7 068   ,  11 648   ,  4 630   ,  7 175   ,  11 805   
,41,  3 605   ,  4 444   ,  8 049   ,  3 705   ,  4 632   ,  8 337   ,  3 843   ,  4 858   ,  8 701   ,  3 909   ,  4 985   ,  8 894   ,  3 878   ,  4 976   ,  8 854   ,  3 910   ,  5 034   ,  8 944   ,  4 095   ,  5 304   ,  9 399   ,  4 215   ,  5 512   ,  9 727   ,  4 371   ,  5 870   ,  10 241   ,  4 624   ,  6 407   ,  11 031   ,  4 725   ,  6 729   ,  11 454   ,  4 752   ,  6 955   ,  11 707   ,  4 807   ,  7 186   ,  11 993   ,  4 735   ,  7 189   ,  11 924   ,  4 572   ,  7 011   ,  11 583   ,  4 570   ,  7 029   ,  11 599   
,42,  3 347   ,  4 062   ,  7 409   ,  3 509   ,  4 329   ,  7 838   ,  3 607   ,  4 513   ,  8 120   ,  3 743   ,  4 735   ,  8 478   ,  3 809   ,  4 859   ,  8 668   ,  3 779   ,  4 850   ,  8 629   ,  3 861   ,  4 970   ,  8 831   ,  4 045   ,  5 237   ,  9 282   ,  4 118   ,  5 385   ,  9 503   ,  4 266   ,  5 726   ,  9 992   ,  4 510   ,  6 243   ,  10 753   ,  4 608   ,  6 557   ,  11 165   ,  4 635   ,  6 778   ,  11 413   ,  4 690   ,  7 003   ,  11 693   ,  4 620   ,  7 005   ,  11 625   ,  4 461   ,  6 832   ,  11 293   
,43,  3 168   ,  3 700   ,  6 868   ,  3 452   ,  4 133   ,  7 585   ,  3 621   ,  4 406   ,  8 027   ,  3 724   ,  4 594   ,  8 318   ,  3 866   ,  4 820   ,  8 686   ,  3 936   ,  4 947   ,  8 883   ,  3 956   ,  5 002   ,  8 958   ,  4 043   ,  5 125   ,  9 168   ,  4 192   ,  5 349   ,  9 541   ,  4 260   ,  5 490   ,  9 750   ,  4 410   ,  5 831   ,  10 241   ,  4 663   ,  6 357   ,  11 020   ,  4 766   ,  6 678   ,  11 444   ,  4 795   ,  6 903   ,  11 698   ,  4 853   ,  7 132   ,  11 985   ,  4 781   ,  7 134   ,  11 915   
,44,  2 889   ,  3 364   ,  6 253   ,  3 084   ,  3 656   ,  6 740   ,  3 363   ,  4 085   ,  7 448   ,  3 529   ,  4 356   ,  7 885   ,  3 631   ,  4 543   ,  8 174   ,  3 771   ,  4 767   ,  8 538   ,  3 890   ,  4 955   ,  8 845   ,  3 911   ,  5 010   ,  8 921   ,  3 956   ,  5 085   ,  9 041   ,  4 092   ,  5 292   ,  9 384   ,  4 155   ,  5 425   ,  9 580   ,  4 302   ,  5 762   ,  10 064   ,  4 550   ,  6 284   ,  10 834   ,  4 652   ,  6 601   ,  11 253   ,  4 682   ,  6 824   ,  11 506   ,  4 738   ,  7 050   ,  11 788   
,45,  2 762   ,  3 217   ,  5 979   ,  2 861   ,  3 345   ,  6 206   ,  3 056   ,  3 637   ,  6 693   ,  3 334   ,  4 065   ,  7 399   ,  3 501   ,  4 335   ,  7 836   ,  3 604   ,  4 522   ,  8 126   ,  3 793   ,  4 806   ,  8 599   ,  3 913   ,  4 996   ,  8 909   ,  3 893   ,  5 003   ,  8 896   ,  3 929   ,  5 063   ,  8 992   ,  4 062   ,  5 264   ,  9 326   ,  4 125   ,  5 396   ,  9 521   ,  4 272   ,  5 732   ,  10 004   ,  4 520   ,  6 251   ,  10 771   ,  4 622   ,  6 567   ,  11 189   ,  4 652   ,  6 788   ,  11 440   
,46,  2 588   ,  3 095   ,  5 683   ,  2 711   ,  3 244   ,  5 955   ,  2 810   ,  3 375   ,  6 185   ,  3 003   ,  3 669   ,  6 672   ,  3 279   ,  4 102   ,  7 381   ,  3 444   ,  4 375   ,  7 819   ,  3 592   ,  4 622   ,  8 214   ,  3 781   ,  4 913   ,  8 694   ,  3 861   ,  5 058   ,  8 919   ,  3 833   ,  5 051   ,  8 884   ,  3 864   ,  5 106   ,  8 970   ,  3 996   ,  5 308   ,  9 304   ,  4 059   ,  5 443   ,  9 502   ,  4 204   ,  5 782   ,  9 986   ,  4 450   ,  6 306   ,  10 756   ,  4 551   ,  6 624   ,  11 175   
,47,  2 557   ,  3 129   ,  5 686   ,  2 605   ,  3 177   ,  5 782   ,  2 730   ,  3 332   ,  6 062   ,  2 832   ,  3 467   ,  6 299   ,  3 028   ,  3 770   ,  6 798   ,  3 307   ,  4 216   ,  7 523   ,  3 521   ,  4 554   ,  8 075   ,  3 673   ,  4 811   ,  8 484   ,  3 826   ,  5 064   ,  8 890   ,  3 898   ,  5 199   ,  9 097   ,  3 866   ,  5 186   ,  9 052   ,  3 898   ,  5 244   ,  9 142   ,  4 031   ,  5 452   ,  9 483   ,  4 096   ,  5 590   ,  9 686   ,  4 244   ,  5 939   ,  10 183   ,  4 493   ,  6 477   ,  10 970   
,48,  2 431   ,  3 133   ,  5 564   ,  2 442   ,  3 089   ,  5 531   ,  2 490   ,  3 138   ,  5 628   ,  2 611   ,  3 291   ,  5 902   ,  2 709   ,  3 425   ,  6 134   ,  2 898   ,  3 726   ,  6 624   ,  3 209   ,  4 220   ,  7 429   ,  3 417   ,  4 559   ,  7 976   ,  3 523   ,  4 766   ,  8 289   ,  3 663   ,  5 004   ,  8 667   ,  3 729   ,  5 133   ,  8 862   ,  3 699   ,  5 121   ,  8 820   ,  3 731   ,  5 178   ,  8 909   ,  3 859   ,  5 384   ,  9 243   ,  3 922   ,  5 520   ,  9 442   ,  4 065   ,  5 865   ,  9 930   
,49,  2 360   ,  3 150   ,  5 510   ,  2 407   ,  3 165   ,  5 572   ,  2 418   ,  3 121   ,  5 539   ,  2 466   ,  3 171   ,  5 637   ,  2 587   ,  3 327   ,  5 914   ,  2 686   ,  3 463   ,  6 149   ,  2 911   ,  3 815   ,  6 726   ,  3 225   ,  4 321   ,  7 546   ,  3 394   ,  4 620   ,  8 014   ,  3 497   ,  4 822   ,  8 319   ,  3 632   ,  5 057   ,  8 689   ,  3 698   ,  5 187   ,  8 885   ,  3 669   ,  5 175   ,  8 844   ,  3 701   ,  5 233   ,  8 934   ,  3 830   ,  5 441   ,  9 271   ,  3 893   ,  5 579   ,  9 472   
,50,  2 268   ,  3 112   ,  5 380   ,  2 312   ,  3 187   ,  5 499   ,  2 358   ,  3 203   ,  5 561   ,  2 370   ,  3 159   ,  5 529   ,  2 418   ,  3 210   ,  5 628   ,  2 538   ,  3 368   ,  5 906   ,  2 670   ,  3 550   ,  6 220   ,  2 895   ,  3 912   ,  6 807   ,  3 169   ,  4 386   ,  7 555   ,  3 333   ,  4 681   ,  8 014   ,  3 431   ,  4 879   ,  8 310   ,  3 565   ,  5 118   ,  8 683   ,  3 630   ,  5 249   ,  8 879   ,  3 602   ,  5 238   ,  8 840   ,  3 634   ,  5 297   ,  8 931   ,  3 761   ,  5 507   ,  9 268   
,51,  2 227   ,  3 014   ,  5 241   ,  2 245   ,  3 062   ,  5 307   ,  2 289   ,  3 137   ,  5 426   ,  2 336   ,  3 154   ,  5 490   ,  2 349   ,  3 111   ,  5 460   ,  2 397   ,  3 161   ,  5 558   ,  2 550   ,  3 360   ,  5 910   ,  2 683   ,  3 542   ,  6 225   ,  2 874   ,  3 864   ,  6 738   ,  3 145   ,  4 323   ,  7 468   ,  3 305   ,  4 608   ,  7 913   ,  3 403   ,  4 804   ,  8 207   ,  3 536   ,  5 039   ,  8 575   ,  3 602   ,  5 169   ,  8 771   ,  3 575   ,  5 157   ,  8 732   ,  3 607   ,  5 215   ,  8 822   
,52,  2 083   ,  2 811   ,  4 894   ,  2 125   ,  2 895   ,  5 020   ,  2 143   ,  2 942   ,  5 085   ,  2 186   ,  3 015   ,  5 201   ,  2 231   ,  3 031   ,  5 262   ,  2 244   ,  2 990   ,  5 234   ,  2 321   ,  3 077   ,  5 398   ,  2 469   ,  3 270   ,  5 739   ,  2 566   ,  3 414   ,  5 980   ,  2 749   ,  3 716   ,  6 465   ,  3 006   ,  4 153   ,  7 159   ,  3 159   ,  4 427   ,  7 586   ,  3 253   ,  4 615   ,  7 868   ,  3 382   ,  4 841   ,  8 223   ,  3 446   ,  4 966   ,  8 412   ,  3 420   ,  4 955   ,  8 375   
,53,  1 909   ,  2 463   ,  4 372   ,  2 087   ,  2 751   ,  4 838   ,  2 130   ,  2 833   ,  4 963   ,  2 149   ,  2 880   ,  5 029   ,  2 192   ,  2 951   ,  5 143   ,  2 239   ,  2 967   ,  5 206   ,  2 281   ,  2 964   ,  5 245   ,  2 360   ,  3 051   ,  5 411   ,  2 481   ,  3 215   ,  5 696   ,  2 579   ,  3 348   ,  5 927   ,  2 760   ,  3 639   ,  6 399   ,  3 019   ,  4 067   ,  7 086   ,  3 174   ,  4 336   ,  7 510   ,  3 270   ,  4 520   ,  7 790   ,  3 400   ,  4 741   ,  8 141   ,  3 465   ,  4 863   ,  8 328   
,54,  1 767   ,  2 235   ,  4 002   ,  1 889   ,  2 447   ,  4 336   ,  2 066   ,  2 734   ,  4 800   ,  2 109   ,  2 816   ,  4 925   ,  2 129   ,  2 863   ,  4 992   ,  2 173   ,  2 934   ,  5 107   ,  2 248   ,  2 988   ,  5 236   ,  2 291   ,  2 985   ,  5 276   ,  2 342   ,  3 047   ,  5 389   ,  2 461   ,  3 198   ,  5 659   ,  2 555   ,  3 326   ,  5 881   ,  2 736   ,  3 616   ,  6 352   ,  2 993   ,  4 041   ,  7 034   ,  3 148   ,  4 309   ,  7 457   ,  3 244   ,  4 492   ,  7 736   ,  3 374   ,  4 711   ,  8 085   
,55,  1 718   ,  2 159   ,  3 877   ,  1 733   ,  2 188   ,  3 921   ,  1 853   ,  2 396   ,  4 249   ,  2 028   ,  2 677   ,  4 705   ,  2 071   ,  2 759   ,  4 830   ,  2 091   ,  2 805   ,  4 896   ,  2 162   ,  2 911   ,  5 073   ,  2 238   ,  2 964   ,  5 202   ,  2 253   ,  2 936   ,  5 189   ,  2 302   ,  2 985   ,  5 287   ,  2 417   ,  3 130   ,  5 547   ,  2 510   ,  3 255   ,  5 765   ,  2 688   ,  3 539   ,  6 227   ,  2 942   ,  3 956   ,  6 898   ,  3 095   ,  4 218   ,  7 313   ,  3 190   ,  4 397   ,  7 587   
,56,  1 618   ,  2 104   ,  3 722   ,  1 678   ,  2 178   ,  3 856   ,  1 693   ,  2 207   ,  3 900   ,  1 811   ,  2 418   ,  4 229   ,  1 983   ,  2 703   ,  4 686   ,  2 026   ,  2 785   ,  4 811   ,  2 073   ,  2 868   ,  4 941   ,  2 144   ,  2 977   ,  5 121   ,  2 193   ,  3 005   ,  5 198   ,  2 207   ,  2 966   ,  5 173   ,  2 253   ,  3 012   ,  5 265   ,  2 365   ,  3 158   ,  5 523   ,  2 457   ,  3 285   ,  5 742   ,  2 632   ,  3 572   ,  6 204   ,  2 882   ,  3 993   ,  6 875   ,  3 032   ,  4 257   ,  7 289   
,57,  1 616   ,  2 151   ,  3 767   ,  1 640   ,  2 169   ,  3 809   ,  1 702   ,  2 246   ,  3 948   ,  1 717   ,  2 277   ,  3 994   ,  1 838   ,  2 495   ,  4 333   ,  2 014   ,  2 789   ,  4 803   ,  2 085   ,  2 912   ,  4 997   ,  2 133   ,  2 998   ,  5 131   ,  2 180   ,  3 086   ,  5 266   ,  2 228   ,  3 104   ,  5 332   ,  2 241   ,  3 060   ,  5 301   ,  2 287   ,  3 108   ,  5 395   ,  2 402   ,  3 259   ,  5 661   ,  2 496   ,  3 390   ,  5 886   ,  2 675   ,  3 687   ,  6 362   ,  2 930   ,  4 121   ,  7 051   
,58,  1 662   ,  2 291   ,  3 953   ,  1 596   ,  2 143   ,  3 739   ,  1 620   ,  2 162   ,  3 782   ,  1 682   ,  2 239   ,  3 921   ,  1 698   ,  2 271   ,  3 969   ,  1 818   ,  2 489   ,  4 307   ,  2 019   ,  2 818   ,  4 837   ,  2 090   ,  2 942   ,  5 032   ,  2 112   ,  3 003   ,  5 115   ,  2 157   ,  3 080   ,  5 237   ,  2 203   ,  3 094   ,  5 297   ,  2 215   ,  3 051   ,  5 266   ,  2 262   ,  3 099   ,  5 361   ,  2 377   ,  3 250   ,  5 627   ,  2 470   ,  3 381   ,  5 851   ,  2 648   ,  3 677   ,  6 325   
,59,  1 654   ,  2 329   ,  3 983   ,  1 643   ,  2 273   ,  3 916   ,  1 578   ,  2 127   ,  3 705   ,  1 603   ,  2 146   ,  3 749   ,  1 665   ,  2 224   ,  3 889   ,  1 681   ,  2 255   ,  3 936   ,  1 824   ,  2 504   ,  4 328   ,  2 026   ,  2 835   ,  4 861   ,  2 072   ,  2 934   ,  5 006   ,  2 093   ,  2 986   ,  5 079   ,  2 137   ,  3 058   ,  5 195   ,  2 182   ,  3 073   ,  5 255   ,  2 195   ,  3 030   ,  5 225   ,  2 242   ,  3 078   ,  5 320   ,  2 356   ,  3 228   ,  5 584   ,  2 449   ,  3 359   ,  5 808   
,60,  1 591   ,  2 215   ,  3 806   ,  1 659   ,  2 323   ,  3 982   ,  1 649   ,  2 268   ,  3 917   ,  1 584   ,  2 123   ,  3 707   ,  1 609   ,  2 142   ,  3 751   ,  1 672   ,  2 220   ,  3 892   ,  1 710   ,  2 281   ,  3 991   ,  1 857   ,  2 532   ,  4 389   ,  2 038   ,  2 844   ,  4 882   ,  2 084   ,  2 933   ,  5 017   ,  2 104   ,  2 981   ,  5 085   ,  2 147   ,  3 054   ,  5 201   ,  2 194   ,  3 069   ,  5 263   ,  2 207   ,  3 026   ,  5 233   ,  2 255   ,  3 075   ,  5 330   ,  2 370   ,  3 225   ,  5 595   
,61,  1 561   ,  2 117   ,  3 678   ,  1 566   ,  2 151   ,  3 717   ,  1 634   ,  2 257   ,  3 891   ,  1 624   ,  2 204   ,  3 828   ,  1 561   ,  2 064   ,  3 625   ,  1 587   ,  2 083   ,  3 670   ,  1 670   ,  2 186   ,  3 856   ,  1 709   ,  2 246   ,  3 955   ,  1 833   ,  2 473   ,  4 306   ,  2 011   ,  2 768   ,  4 779   ,  2 055   ,  2 851   ,  4 906   ,  2 074   ,  2 898   ,  4 972   ,  2 118   ,  2 969   ,  5 087   ,  2 165   ,  2 984   ,  5 149   ,  2 178   ,  2 943   ,  5 121   ,  2 226   ,  2 990   ,  5 216   
,62,  1 447   ,  1 924   ,  3 371   ,  1 485   ,  2 020   ,  3 505   ,  1 490   ,  2 053   ,  3 543   ,  1 556   ,  2 155   ,  3 711   ,  1 547   ,  2 105   ,  3 652   ,  1 487   ,  1 971   ,  3 458   ,  1 531   ,  2 015   ,  3 546   ,  1 612   ,  2 115   ,  3 727   ,  1 630   ,  2 155   ,  3 785   ,  1 748   ,  2 364   ,  4 112   ,  1 916   ,  2 642   ,  4 558   ,  1 958   ,  2 722   ,  4 680   ,  1 977   ,  2 767   ,  4 744   ,  2 020   ,  2 835   ,  4 855   ,  2 065   ,  2 850   ,  4 915   ,  2 078   ,  2 811   ,  4 889   
,63,  1 314   ,  1 650   ,  2 964   ,  1 462   ,  1 920   ,  3 382   ,  1 502   ,  2 017   ,  3 519   ,  1 507   ,  2 050   ,  3 557   ,  1 574   ,  2 153   ,  3 727   ,  1 566   ,  2 103   ,  3 669   ,  1 525   ,  1 994   ,  3 519   ,  1 571   ,  2 038   ,  3 609   ,  1 635   ,  2 125   ,  3 760   ,  1 653   ,  2 157   ,  3 810   ,  1 771   ,  2 363   ,  4 134   ,  1 943   ,  2 641   ,  4 584   ,  1 986   ,  2 722   ,  4 708   ,  2 006   ,  2 767   ,  4 773   ,  2 050   ,  2 836   ,  4 886   ,  2 096   ,  2 851   ,  4 947   
,64,  1 161   ,  1 410   ,  2 571   ,  1 257   ,  1 600   ,  2 857   ,  1 399   ,  1 863   ,  3 262   ,  1 437   ,  1 957   ,  3 394   ,  1 443   ,  1 990   ,  3 433   ,  1 508   ,  2 090   ,  3 598   ,  1 520   ,  2 068   ,  3 588   ,  1 480   ,  1 961   ,  3 441   ,  1 508   ,  1 991   ,  3 499   ,  1 568   ,  2 065   ,  3 633   ,  1 584   ,  2 094   ,  3 678   ,  1 697   ,  2 294   ,  3 991   ,  1 862   ,  2 565   ,  4 427   ,  1 904   ,  2 644   ,  4 548   ,  1 924   ,  2 688   ,  4 612   ,  1 967   ,  2 755   ,  4 722   
,65,  1 090   ,  1 352   ,  2 442   ,  1 102   ,  1 392   ,  2 494   ,  1 194   ,  1 580   ,  2 774   ,  1 329   ,  1 841   ,  3 170   ,  1 366   ,  1 935   ,  3 301   ,  1 373   ,  1 968   ,  3 341   ,  1 453   ,  2 093   ,  3 546   ,  1 465   ,  2 071   ,  3 536   ,  1 410   ,  1 950   ,  3 360   ,  1 435   ,  1 970   ,  3 405   ,  1 491   ,  2 041   ,  3 532   ,  1 506   ,  2 069   ,  3 575   ,  1 615   ,  2 268   ,  3 883   ,  1 773   ,  2 536   ,  4 309   ,  1 813   ,  2 615   ,  4 428   ,  1 833   ,  2 659   ,  4 492   
,66,  990   ,  1 253   ,  2 243   ,  1 033   ,  1 320   ,  2 353   ,  1 045   ,  1 359   ,  2 404   ,  1 132   ,  1 544   ,  2 676   ,  1 261   ,  1 799   ,  3 060   ,  1 297   ,  1 891   ,  3 188   ,  1 320   ,  1 948   ,  3 268   ,  1 398   ,  2 072   ,  3 470   ,  1 393   ,  2 036   ,  3 429   ,  1 340   ,  1 908   ,  3 248   ,  1 362   ,  1 925   ,  3 287   ,  1 416   ,  1 995   ,  3 411   ,  1 431   ,  2 023   ,  3 454   ,  1 535   ,  2 218   ,  3 753   ,  1 685   ,  2 481   ,  4 166   ,  1 724   ,  2 557   ,  4 281   
,67,  947   ,  1 237   ,  2 184   ,  967   ,  1 264   ,  2 231   ,  1 010   ,  1 332   ,  2 342   ,  1 022   ,  1 373   ,  2 395   ,  1 108   ,  1 559   ,  2 667   ,  1 235   ,  1 818   ,  3 053   ,  1 288   ,  1 935   ,  3 223   ,  1 311   ,  1 994   ,  3 305   ,  1 372   ,  2 106   ,  3 478   ,  1 366   ,  2 060   ,  3 426   ,  1 313   ,  1 928   ,  3 241   ,  1 335   ,  1 946   ,  3 281   ,  1 389   ,  2 017   ,  3 406   ,  1 404   ,  2 047   ,  3 451   ,  1 506   ,  2 244   ,  3 750   ,  1 655   ,  2 511   ,  4 166   
,68,  910   ,  1 219   ,  2 129   ,  867   ,  1 120   ,  1 987   ,  887   ,  1 144   ,  2 031   ,  926   ,  1 207   ,  2 133   ,  938   ,  1 244   ,  2 182   ,  1 017   ,  1 414   ,  2 431   ,  1 149   ,  1 669   ,  2 818   ,  1 198   ,  1 778   ,  2 976   ,  1 205   ,  1 818   ,  3 023   ,  1 261   ,  1 912   ,  3 173   ,  1 255   ,  1 868   ,  3 123   ,  1 206   ,  1 749   ,  2 955   ,  1 227   ,  1 766   ,  2 993   ,  1 276   ,  1 831   ,  3 107   ,  1 291   ,  1 858   ,  3 149   ,  1 386   ,  2 038   ,  3 424   
,69,  900   ,  1 236   ,  2 136   ,  878   ,  1 169   ,  2 047   ,  836   ,  1 074   ,  1 910   ,  855   ,  1 098   ,  1 953   ,  894   ,  1 158   ,  2 052   ,  906   ,  1 194   ,  2 100   ,  996   ,  1 375   ,  2 371   ,  1 125   ,  1 624   ,  2 749   ,  1 160   ,  1 717   ,  2 877   ,  1 166   ,  1 749   ,  2 915   ,  1 219   ,  1 837   ,  3 056   ,  1 213   ,  1 795   ,  3 008   ,  1 167   ,  1 681   ,  2 848   ,  1 187   ,  1 698   ,  2 885   ,  1 236   ,  1 761   ,  2 997   ,  1 250   ,  1 787   ,  3 037   
,70,  841   ,  1 160   ,  2 001   ,  848   ,  1 169   ,  2 017   ,  827   ,  1 106   ,  1 933   ,  788   ,  1 017   ,  1 805   ,  807   ,  1 039   ,  1 846   ,  844   ,  1 097   ,  1 941   ,  866   ,  1 146   ,  2 012   ,  952   ,  1 319   ,  2 271   ,  1 065   ,  1 548   ,  2 613   ,  1 097   ,  1 629   ,  2 726   ,  1 102   ,  1 658   ,  2 760   ,  1 153   ,  1 742   ,  2 895   ,  1 148   ,  1 702   ,  2 850   ,  1 104   ,  1 595   ,  2 699   ,  1 124   ,  1 611   ,  2 735   ,  1 170   ,  1 671   ,  2 841   
,71,  806   ,  1 089   ,  1 895   ,  804   ,  1 091   ,  1 895   ,  812   ,  1 101   ,  1 913   ,  792   ,  1 041   ,  1 833   ,  755   ,  958   ,  1 713   ,  773   ,  980   ,  1 753   ,  819   ,  1 048   ,  1 867   ,  842   ,  1 095   ,  1 937   ,  916   ,  1 252   ,  2 168   ,  1 023   ,  1 462   ,  2 485   ,  1 053   ,  1 537   ,  2 590   ,  1 059   ,  1 564   ,  2 623   ,  1 107   ,  1 644   ,  2 751   ,  1 103   ,  1 607   ,  2 710   ,  1 061   ,  1 506   ,  2 567   ,  1 081   ,  1 522   ,  2 603   
,72,  742   ,  950   ,  1 692   ,  753   ,  971   ,  1 724   ,  751   ,  973   ,  1 724   ,  759   ,  982   ,  1 741   ,  741   ,  929   ,  1 670   ,  707   ,  855   ,  1 562   ,  733   ,  886   ,  1 619   ,  777   ,  948   ,  1 725   ,  790   ,  983   ,  1 773   ,  859   ,  1 119   ,  1 978   ,  959   ,  1 305   ,  2 264   ,  987   ,  1 373   ,  2 360   ,  993   ,  1 398   ,  2 391   ,  1 039   ,  1 470   ,  2 509   ,  1 035   ,  1 437   ,  2 472   ,  997   ,  1 347   ,  2 344   
,73,  654   ,  781   ,  1 435   ,  729   ,  917   ,  1 646   ,  740   ,  937   ,  1 677   ,  739   ,  940   ,  1 679   ,  746   ,  949   ,  1 695   ,  729   ,  898   ,  1 627   ,  705   ,  837   ,  1 542   ,  731   ,  868   ,  1 599   ,  768   ,  923   ,  1 691   ,  779   ,  953   ,  1 732   ,  847   ,  1 084   ,  1 931   ,  946   ,  1 264   ,  2 210   ,  974   ,  1 330   ,  2 304   ,  980   ,  1 355   ,  2 335   ,  1 027   ,  1 425   ,  2 452   ,  1 024   ,  1 393   ,  2 417   
,74,  542   ,  618   ,  1 160   ,  602   ,  725   ,  1 327   ,  671   ,  851   ,  1 522   ,  682   ,  871   ,  1 553   ,  681   ,  874   ,  1 555   ,  689   ,  882   ,  1 571   ,  681   ,  846   ,  1 527   ,  659   ,  789   ,  1 448   ,  677   ,  813   ,  1 490   ,  709   ,  860   ,  1 569   ,  719   ,  887   ,  1 606   ,  782   ,  1 009   ,  1 791   ,  874   ,  1 177   ,  2 051   ,  901   ,  1 239   ,  2 140   ,  907   ,  1 263   ,  2 170   ,  951   ,  1 328   ,  2 279   
,75,  505   ,  572   ,  1 077   ,  518   ,  583   ,  1 101   ,  576   ,  684   ,  1 260   ,  642   ,  804   ,  1 446   ,  653   ,  823   ,  1 476   ,  652   ,  826   ,  1 478   ,  669   ,  845   ,  1 514   ,  662   ,  811   ,  1 473   ,  633   ,  751   ,  1 384   ,  649   ,  770   ,  1 419   ,  680   ,  813   ,  1 493   ,  690   ,  839   ,  1 529   ,  750   ,  955   ,  1 705   ,  839   ,  1 115   ,  1 954   ,  866   ,  1 175   ,  2 041   ,  872   ,  1 197   ,  2 069   
,76,  444   ,  521   ,  965   ,  457   ,  532   ,  989   ,  469   ,  542   ,  1 011   ,  521   ,  636   ,  1 157   ,  582   ,  748   ,  1 330   ,  592   ,  766   ,  1 358   ,  600   ,  779   ,  1 379   ,  615   ,  797   ,  1 412   ,  602   ,  760   ,  1 362   ,  575   ,  701   ,  1 276   ,  590   ,  717   ,  1 307   ,  618   ,  758   ,  1 376   ,  628   ,  783   ,  1 411   ,  683   ,  891   ,  1 574   ,  764   ,  1 041   ,  1 805   ,  789   ,  1 097   ,  1 886   
,77,  404   ,  498   ,  902   ,  403   ,  492   ,  895   ,  415   ,  502   ,  917   ,  426   ,  512   ,  938   ,  474   ,  602   ,  1 076   ,  530   ,  708   ,  1 238   ,  546   ,  734   ,  1 280   ,  553   ,  747   ,  1 300   ,  561   ,  760   ,  1 321   ,  549   ,  721   ,  1 270   ,  524   ,  664   ,  1 188   ,  538   ,  680   ,  1 218   ,  564   ,  720   ,  1 284   ,  573   ,  743   ,  1 316   ,  624   ,  847   ,  1 471   ,  699   ,  990   ,  1 689   
,78,  380   ,  497   ,  877   ,  366   ,  455   ,  821   ,  365   ,  450   ,  815   ,  376   ,  460   ,  836   ,  387   ,  469   ,  856   ,  431   ,  552   ,  983   ,  488   ,  658   ,  1 146   ,  503   ,  682   ,  1 185   ,  504   ,  690   ,  1 194   ,  511   ,  699   ,  1 210   ,  500   ,  662   ,  1 162   ,  478   ,  610   ,  1 088   ,  490   ,  625   ,  1 115   ,  514   ,  662   ,  1 176   ,  523   ,  684   ,  1 207   ,  570   ,  779   ,  1 349   
,79,  352   ,  488   ,  840   ,  343   ,  453   ,  796   ,  330   ,  416   ,  746   ,  330   ,  411   ,  741   ,  340   ,  420   ,  760   ,  350   ,  429   ,  779   ,  395   ,  511   ,  906   ,  448   ,  610   ,  1 058   ,  457   ,  629   ,  1 086   ,  458   ,  633   ,  1 091   ,  464   ,  640   ,  1 104   ,  454   ,  608   ,  1 062   ,  434   ,  560   ,  994   ,  446   ,  574   ,  1 020   ,  469   ,  608   ,  1 077   ,  477   ,  629   ,  1 106   
,80+,  1 962   ,  3 026   ,  4 988   ,  1 896   ,  2 933   ,  4 829   ,  1 834   ,  2 829   ,  4 663   ,  1 784   ,  2 720   ,  4 504   ,  1 738   ,  2 619   ,  4 357   ,  1 704   ,  2 545   ,  4 249   ,  1 713   ,  2 520   ,  4 233   ,  1 751   ,  2 562   ,  4 313   ,  1 801   ,  2 666   ,  4 467   ,  1 857   ,  2 748   ,  4 605   ,  1 900   ,  2 827   ,  4 727   ,  1 939   ,  2 895   ,  4 834   ,  1 968   ,  2 928   ,  4 896   ,  1 982   ,  2 923   ,  4 905   ,  1 999   ,  2 930   ,  4 929   ,  2 033   ,  2 964   ,  4 997   
,Total,  423 930   ,  452 347   ,  876 277   ,  436 018   ,  464 693   ,  900 711   ,  448 229   ,  477 167   ,  925 396   ,  460 539   ,  489 738   ,  950 277   ,  472 930   ,  502 392   ,  975 322   ,  485 398   ,  515 122   ,  1 000 520   ,  504 341   ,  534 688   ,  1 039 029   ,  523 673   ,  554 646   ,  1 078 319   ,  536 308   ,  568 119   ,  1 104 427   ,  549 149   ,  581 238   ,  1 130 387   ,  561 287   ,  593 571   ,  1 154 858   ,  573 503   ,  605 975   ,  1 179 478   ,  585 861   ,  618 511   ,  1 204 372   ,  598 358   ,  631 183   ,  1 229 541   ,  610 988   ,  643 981   ,  1 254 969   ,  623 730   ,  656 887   ,  1 280 617   