LIPTAKO,,,,,,,,,,,,,,,,,,,,,,,,,,,,,,,,,,,,,,,,,,,,,,,,,
,,2020,,,2021,,,2022,,,2023,,,2024,,,2025,,,2026,,,2027,,,2028,,,2029,,,2030,,,2031,,,2032,,,2033,,,2034,,,2035,,
, Ages,Ensemble,,,Ensemble,,,Ensemble,,,Ensemble,,,Ensemble,,,Ensemble,,,Ensemble,,,Ensemble,,,Ensemble,,,Ensemble,,,Ensemble,,,Ensemble,,,Ensemble,,,Ensemble,,,Ensemble,,,Ensemble,,
,,Homme ,Femme,Ensemble,Homme ,Femme,Ensemble,Homme ,Femme,Ensemble,Homme ,Femme,Ensemble,Homme ,Femme,Ensemble,Homme ,Femme,Ensemble,Homme ,Femme,Ensemble,Homme ,Femme,Ensemble,Homme ,Femme,Ensemble,Homme ,Femme,Ensemble,Homme ,Femme,Ensemble,Homme ,Femme,Ensemble,Homme ,Femme,Ensemble,Homme ,Femme,Ensemble,Homme ,Femme,Ensemble,Homme ,Femme,Ensemble
,0,  13 301   ,  12 412   ,  25 713   ,  13 322   ,  12 415   ,  25 737   ,  13 382   ,  12 466   ,  25 848   ,  13 420   ,  12 502   ,  25 922   ,  13 444   ,  12 526   ,  25 970   ,  13 463   ,  12 549   ,  26 012   ,  13 472   ,  12 562   ,  26 034   ,  13 481   ,  12 577   ,  26 058   ,  15 906   ,  14 859   ,  30 765   ,  16 009   ,  14 967   ,  30 976   ,  15 962   ,  14 938   ,  30 900   ,  16 144   ,  15 123   ,  31 267   ,  16 332   ,  15 317   ,  31 649   ,  16 519   ,  15 512   ,  32 031   ,  16 700   ,  15 701   ,  32 401   ,  16 865   ,  15 878   ,  32 743   
,1,  13 068   ,  12 225   ,  25 293   ,  12 973   ,  12 096   ,  25 069   ,  13 004   ,  12 110   ,  25 114   ,  13 071   ,  12 170   ,  25 241   ,  13 119   ,  12 214   ,  25 333   ,  13 153   ,  12 247   ,  25 400   ,  13 171   ,  12 267   ,  25 438   ,  13 191   ,  12 290   ,  25 481   ,  15 586   ,  14 537   ,  30 123   ,  15 709   ,  14 662   ,  30 371   ,  15 683   ,  14 649   ,  30 332   ,  15 704   ,  14 682   ,  30 386   ,  15 889   ,  14 873   ,  30 762   ,  16 081   ,  15 071   ,  31 152   ,  16 273   ,  15 272   ,  31 545   ,  16 458   ,  15 468   ,  31 926   
,2,  12 706   ,  11 939   ,  24 645   ,  12 907   ,  12 060   ,  24 967   ,  12 818   ,  11 940   ,  24 758   ,  12 852   ,  11 959   ,  24 811   ,  12 923   ,  12 024   ,  24 947   ,  12 976   ,  12 075   ,  25 051   ,  13 003   ,  12 103   ,  25 106   ,  13 028   ,  12 130   ,  25 158   ,  15 400   ,  14 355   ,  29 755   ,  15 534   ,  14 489   ,  30 023   ,  15 525   ,  14 492   ,  30 017   ,  15 560   ,  14 537   ,  30 097   ,  15 582   ,  14 575   ,  30 157   ,  15 769   ,  14 768   ,  30 537   ,  15 962   ,  14 970   ,  30 932   ,  16 156   ,  15 174   ,  31 330   
,3,  12 239   ,  11 552   ,  23 791   ,  12 522   ,  11 738   ,  24 260   ,  12 722   ,  11 863   ,  24 585   ,  12 637   ,  11 748   ,  24 385   ,  12 673   ,  11 771   ,  24 444   ,  12 746   ,  11 840   ,  24 586   ,  12 790   ,  11 884   ,  24 674   ,  12 822   ,  11 917   ,  24 739   ,  15 162   ,  14 108   ,  29 270   ,  15 299   ,  14 244   ,  29 543   ,  15 301   ,  14 256   ,  29 557   ,  15 349   ,  14 313   ,  29 662   ,  15 385   ,  14 361   ,  29 746   ,  15 408   ,  14 400   ,  29 808   ,  15 593   ,  14 594   ,  30 187   ,  15 786   ,  14 796   ,  30 582   
,4,  11 791   ,  11 165   ,  22 956   ,  12 092   ,  11 373   ,  23 465   ,  12 374   ,  11 561   ,  23 935   ,  12 574   ,  11 686   ,  24 260   ,  12 491   ,  11 578   ,  24 069   ,  12 531   ,  11 606   ,  24 137   ,  12 595   ,  11 668   ,  24 263   ,  12 643   ,  11 715   ,  24 358   ,  14 962   ,  13 881   ,  28 843   ,  15 100   ,  14 016   ,  29 116   ,  15 106   ,  14 031   ,  29 137   ,  15 164   ,  14 097   ,  29 261   ,  15 212   ,  14 156   ,  29 368   ,  15 248   ,  14 205   ,  29 453   ,  15 272   ,  14 246   ,  29 518   ,  15 457   ,  14 440   ,  29 897   
,5,  11 254   ,  10 688   ,  21 942   ,  11 665   ,  11 020   ,  22 685   ,  11 965   ,  11 229   ,  23 194   ,  12 245   ,  11 417   ,  23 662   ,  12 445   ,  11 545   ,  23 990   ,  12 366   ,  11 442   ,  23 808   ,  12 396   ,  11 463   ,  23 859   ,  12 464   ,  11 528   ,  23 992   ,  14 773   ,  13 679   ,  28 452   ,  14 916   ,  13 820   ,  28 736   ,  14 925   ,  13 837   ,  28 762   ,  14 986   ,  13 905   ,  28 891   ,  15 043   ,  13 972   ,  29 015   ,  15 091   ,  14 031   ,  29 122   ,  15 127   ,  14 081   ,  29 208   ,  15 152   ,  14 123   ,  29 275   
,6,  10 796   ,  10 248   ,  21 044   ,  11 188   ,  10 595   ,  21 783   ,  11 597   ,  10 927   ,  22 524   ,  11 897   ,  11 136   ,  23 033   ,  12 177   ,  11 327   ,  23 504   ,  12 379   ,  11 458   ,  23 837   ,  12 292   ,  11 349   ,  23 641   ,  12 325   ,  11 373   ,  23 698   ,  14 633   ,  13 518   ,  28 151   ,  14 794   ,  13 674   ,  28 468   ,  14 810   ,  13 698   ,  28 508   ,  14 871   ,  13 766   ,  28 637   ,  14 932   ,  13 835   ,  28 767   ,  14 989   ,  13 902   ,  28 891   ,  15 037   ,  13 963   ,  29 000   ,  15 074   ,  14 014   ,  29 088   
,7,  10 484   ,  9 916   ,  20 400   ,  10 737   ,  10 170   ,  20 907   ,  11 129   ,  10 516   ,  21 645   ,  11 537   ,  10 849   ,  22 386   ,  11 837   ,  11 060   ,  22 897   ,  12 118   ,  11 253   ,  23 371   ,  12 309   ,  11 376   ,  23 685   ,  12 226   ,  11 272   ,  23 498   ,  14 476   ,  13 350   ,  27 826   ,  14 659   ,  13 525   ,  28 184   ,  14 693   ,  13 565   ,  28 258   ,  14 762   ,  13 640   ,  28 402   ,  14 824   ,  13 710   ,  28 534   ,  14 884   ,  13 779   ,  28 663   ,  14 941   ,  13 847   ,  28 788   ,  14 990   ,  13 909   ,  28 899   
,8,  10 195   ,  9 588   ,  19 783   ,  10 378   ,  9 802   ,  20 180   ,  10 630   ,  10 056   ,  20 686   ,  11 017   ,  10 400   ,  21 417   ,  11 423   ,  10 732   ,  22 155   ,  11 721   ,  10 944   ,  22 665   ,  11 991   ,  11 128   ,  23 119   ,  12 183   ,  11 254   ,  23 437   ,  14 292   ,  13 181   ,  27 473   ,  14 432   ,  13 306   ,  27 738   ,  14 489   ,  13 366   ,  27 855   ,  14 575   ,  13 456   ,  28 031   ,  14 643   ,  13 530   ,  28 173   ,  14 703   ,  13 599   ,  28 302   ,  14 763   ,  13 669   ,  28 432   ,  14 819   ,  13 738   ,  28 557   
,9,  9 878   ,  9 236   ,  19 114   ,  10 169   ,  9 561   ,  19 730   ,  10 352   ,  9 777   ,  20 129   ,  10 604   ,  10 032   ,  20 636   ,  10 992   ,  10 379   ,  21 371   ,  11 398   ,  10 713   ,  22 111   ,  11 687   ,  10 918   ,  22 605   ,  11 958   ,  11 104   ,  23 062   ,  14 350   ,  13 273   ,  27 623   ,  14 353   ,  13 247   ,  27 600   ,  14 369   ,  13 259   ,  27 628   ,  14 477   ,  13 369   ,  27 846   ,  14 563   ,  13 460   ,  28 023   ,  14 629   ,  13 535   ,  28 164   ,  14 690   ,  13 604   ,  28 294   ,  14 750   ,  13 675   ,  28 425   
,10,  9 186   ,  8 778   ,  17 964   ,  9 556   ,  9 173   ,  18 729   ,  9 838   ,  9 498   ,  19 336   ,  10 016   ,  9 715   ,  19 731   ,  10 260   ,  9 971   ,  20 231   ,  10 637   ,  10 319   ,  20 956   ,  11 021   ,  10 644   ,  21 665   ,  11 304   ,  10 851   ,  22 155   ,  13 665   ,  13 047   ,  26 712   ,  13 983   ,  13 291   ,  27 274   ,  13 865   ,  13 153   ,  27 018   ,  13 931   ,  13 214   ,  27 145   ,  14 034   ,  13 324   ,  27 358   ,  14 116   ,  13 414   ,  27 530   ,  14 180   ,  13 489   ,  27 669   ,  14 238   ,  13 560   ,  27 798   
,11,  8 639   ,  8 443   ,  17 082   ,  8 891   ,  8 709   ,  17 600   ,  9 250   ,  9 105   ,  18 355   ,  9 524   ,  9 428   ,  18 952   ,  9 696   ,  9 646   ,  19 342   ,  9 934   ,  9 903   ,  19 837   ,  10 290   ,  10 241   ,  20 531   ,  10 665   ,  10 567   ,  21 232   ,  12 927   ,  12 737   ,  25 664   ,  13 321   ,  13 051   ,  26 372   ,  13 512   ,  13 181   ,  26 693   ,  13 447   ,  13 092   ,  26 539   ,  13 509   ,  13 153   ,  26 662   ,  13 608   ,  13 263   ,  26 871   ,  13 687   ,  13 353   ,  27 040   ,  13 750   ,  13 429   ,  27 179   
,12,  8 274   ,  8 143   ,  16 417   ,  8 567   ,  8 415   ,  16 982   ,  8 818   ,  8 682   ,  17 500   ,  9 174   ,  9 077   ,  18 251   ,  9 446   ,  9 402   ,  18 848   ,  9 618   ,  9 621   ,  19 239   ,  9 846   ,  9 871   ,  19 717   ,  10 202   ,  10 211   ,  20 413   ,  12 497   ,  12 459   ,  24 956   ,  12 908   ,  12 794   ,  25 702   ,  13 185   ,  12 996   ,  26 181   ,  13 422   ,  13 175   ,  26 597   ,  13 356   ,  13 087   ,  26 443   ,  13 417   ,  13 148   ,  26 565   ,  13 516   ,  13 257   ,  26 773   ,  13 594   ,  13 348   ,  26 942   
,13,  7 484   ,  7 818   ,  15 302   ,  7 872   ,  8 179   ,  16 051   ,  8 152   ,  8 454   ,  16 606   ,  8 391   ,  8 724   ,  17 115   ,  8 730   ,  9 123   ,  17 853   ,  8 990   ,  9 452   ,  18 442   ,  9 146   ,  9 666   ,  18 812   ,  9 365   ,  9 920   ,  19 285   ,  11 475   ,  12 135   ,  23 610   ,  11 976   ,  12 612   ,  24 588   ,  12 262   ,  12 841   ,  25 103   ,  12 571   ,  13 092   ,  25 663   ,  12 796   ,  13 272   ,  26 068   ,  12 732   ,  13 183   ,  25 915   ,  12 790   ,  13 245   ,  26 035   ,  12 884   ,  13 355   ,  26 239   
,14,  7 158   ,  7 425   ,  14 583   ,  7 475   ,  7 668   ,  15 143   ,  7 863   ,  8 025   ,  15 888   ,  8 142   ,  8 295   ,  16 437   ,  8 382   ,  8 561   ,  16 943   ,  8 722   ,  8 954   ,  17 676   ,  8 974   ,  9 272   ,  18 246   ,  9 133   ,  9 484   ,  18 617   ,  11 058   ,  11 513   ,  22 571   ,  11 538   ,  11 994   ,  23 532   ,  11 938   ,  12 360   ,  24 298   ,  12 266   ,  12 630   ,  24 896   ,  12 575   ,  12 878   ,  25 453   ,  12 799   ,  13 054   ,  25 853   ,  12 734   ,  12 966   ,  25 700   ,  12 792   ,  13 027   ,  25 819   
,15,  6 758   ,  7 375   ,  14 133   ,  7 114   ,  7 591   ,  14 705   ,  7 429   ,  7 841   ,  15 270   ,  7 815   ,  8 206   ,  16 021   ,  8 094   ,  8 484   ,  16 578   ,  8 334   ,  8 759   ,  17 093   ,  8 666   ,  9 155   ,  17 821   ,  8 918   ,  9 481   ,  18 399   ,  10 737   ,  11 480   ,  22 217   ,  11 071   ,  11 865   ,  22 936   ,  11 452   ,  12 258   ,  23 710   ,  11 892   ,  12 678   ,  24 570   ,  12 220   ,  12 954   ,  25 174   ,  12 526   ,  13 207   ,  25 733   ,  12 749   ,  13 388   ,  26 137   ,  12 685   ,  13 298   ,  25 983   
,16,  6 400   ,  7 062   ,  13 462   ,  6 852   ,  7 311   ,  14 163   ,  7 214   ,  7 526   ,  14 740   ,  7 534   ,  7 776   ,  15 310   ,  7 927   ,  8 139   ,  16 066   ,  8 211   ,  8 417   ,  16 628   ,  8 447   ,  8 683   ,  17 130   ,  8 786   ,  9 078   ,  17 864   ,  10 696   ,  11 128   ,  21 824   ,  10 962   ,  11 464   ,  22 426   ,  11 207   ,  11 748   ,  22 955   ,  11 634   ,  12 180   ,  23 814   ,  12 081   ,  12 598   ,  24 679   ,  12 413   ,  12 872   ,  25 285   ,  12 724   ,  13 123   ,  25 847   ,  12 952   ,  13 302   ,  26 254   
,17,  6 079   ,  6 732   ,  12 811   ,  6 376   ,  6 777   ,  13 153   ,  6 828   ,  7 017   ,  13 845   ,  7 189   ,  7 224   ,  14 413   ,  7 508   ,  7 465   ,  14 973   ,  7 901   ,  7 817   ,  15 718   ,  8 178   ,  8 078   ,  16 256   ,  8 415   ,  8 335   ,  16 750   ,  10 353   ,  10 317   ,  20 670   ,  10 730   ,  10 760   ,  21 490   ,  10 902   ,  10 992   ,  21 894   ,  11 185   ,  11 305   ,  22 490   ,  11 612   ,  11 722   ,  23 334   ,  12 057   ,  12 123   ,  24 180   ,  12 389   ,  12 387   ,  24 776   ,  12 700   ,  12 628   ,  25 328   
,18,  6 156   ,  6 474   ,  12 630   ,  6 333   ,  6 329   ,  12 662   ,  6 643   ,  6 372   ,  13 015   ,  7 114   ,  6 599   ,  13 713   ,  7 491   ,  6 795   ,  14 286   ,  7 825   ,  7 024   ,  14 849   ,  8 229   ,  7 349   ,  15 578   ,  8 520   ,  7 597   ,  16 117   ,  10 365   ,  9 281   ,  19 646   ,  10 857   ,  9 774   ,  20 631   ,  11 156   ,  10 108   ,  21 264   ,  11 375   ,  10 363   ,  21 738   ,  11 670   ,  10 658   ,  22 328   ,  12 115   ,  11 051   ,  23 166   ,  12 580   ,  11 428   ,  24 008   ,  12 926   ,  11 677   ,  24 603   
,19,  5 922   ,  6 454   ,  12 376   ,  6 140   ,  6 429   ,  12 569   ,  6 318   ,  6 286   ,  12 604   ,  6 628   ,  6 330   ,  12 958   ,  7 100   ,  6 557   ,  13 657   ,  7 478   ,  6 754   ,  14 232   ,  7 805   ,  6 977   ,  14 782   ,  8 211   ,  7 302   ,  15 513   ,  10 052   ,  8 937   ,  18 989   ,  10 417   ,  9 289   ,  19 706   ,  10 819   ,  9 699   ,  20 518   ,  11 157   ,  10 067   ,  21 224   ,  11 376   ,  10 322   ,  21 698   ,  11 670   ,  10 616   ,  22 286   ,  12 116   ,  11 007   ,  23 123   ,  12 582   ,  11 383   ,  23 965   
,20,  5 649   ,  6 230   ,  11 879   ,  5 915   ,  6 405   ,  12 320   ,  6 133   ,  6 382   ,  12 515   ,  6 312   ,  6 240   ,  12 552   ,  6 623   ,  6 286   ,  12 909   ,  7 097   ,  6 513   ,  13 610   ,  7 470   ,  6 705   ,  14 175   ,  7 800   ,  6 928   ,  14 728   ,  9 707   ,  8 586   ,  18 293   ,  10 120   ,  8 940   ,  19 060   ,  10 399   ,  9 213   ,  19 612   ,  10 839   ,  9 655   ,  20 494   ,  11 178   ,  10 023   ,  21 201   ,  11 398   ,  10 276   ,  21 674   ,  11 693   ,  10 569   ,  22 262   ,  12 141   ,  10 959   ,  23 100   
,21,  5 383   ,  6 031   ,  11 414   ,  5 594   ,  6 235   ,  11 829   ,  5 860   ,  6 413   ,  12 273   ,  6 077   ,  6 390   ,  12 467   ,  6 255   ,  6 250   ,  12 505   ,  6 565   ,  6 297   ,  12 862   ,  7 032   ,  6 521   ,  13 553   ,  7 405   ,  6 715   ,  14 120   ,  9 148   ,  8 216   ,  17 364   ,  9 694   ,  8 662   ,  18 356   ,  10 022   ,  8 943   ,  18 965   ,  10 335   ,  9 250   ,  19 585   ,  10 774   ,  9 696   ,  20 470   ,  11 112   ,  10 065   ,  21 177   ,  11 330   ,  10 319   ,  21 649   ,  11 625   ,  10 614   ,  22 239   
,22,  5 223   ,  5 931   ,  11 154   ,  5 479   ,  6 285   ,  11 764   ,  5 696   ,  6 498   ,  12 194   ,  5 967   ,  6 685   ,  12 652   ,  6 191   ,  6 663   ,  12 854   ,  6 373   ,  6 518   ,  12 891   ,  6 687   ,  6 563   ,  13 250   ,  7 166   ,  6 799   ,  13 965   ,  8 929   ,  8 290   ,  17 219   ,  9 391   ,  8 627   ,  18 018   ,  9 869   ,  9 019   ,  18 888   ,  10 241   ,  9 346   ,  19 587   ,  10 563   ,  9 668   ,  20 231   ,  11 012   ,  10 134   ,  21 146   ,  11 358   ,  10 520   ,  21 878   ,  11 582   ,  10 786   ,  22 368   
,23,  4 743   ,  5 175   ,  9 918   ,  4 997   ,  5 515   ,  10 512   ,  5 244   ,  5 846   ,  11 090   ,  5 452   ,  6 046   ,  11 498   ,  5 715   ,  6 222   ,  11 937   ,  5 930   ,  6 203   ,  12 133   ,  6 102   ,  6 064   ,  12 166   ,  6 405   ,  6 108   ,  12 513   ,  8 128   ,  7 499   ,  15 627   ,  8 622   ,  7 777   ,  16 399   ,  8 994   ,  8 026   ,  17 020   ,  9 488   ,  8 422   ,  17 910   ,  9 847   ,  8 728   ,  18 575   ,  10 156   ,  9 029   ,  19 185   ,  10 590   ,  9 464   ,  20 054   ,  10 924   ,  9 825   ,  20 749   
,24,  4 625   ,  4 996   ,  9 621   ,  4 775   ,  5 179   ,  9 954   ,  5 033   ,  5 521   ,  10 554   ,  5 283   ,  5 853   ,  11 136   ,  5 496   ,  6 056   ,  11 552   ,  5 763   ,  6 234   ,  11 997   ,  5 978   ,  6 211   ,  12 189   ,  6 154   ,  6 074   ,  12 228   ,  7 647   ,  7 250   ,  14 897   ,  8 257   ,  7 564   ,  15 821   ,  8 688   ,  7 779   ,  16 467   ,  9 098   ,  8 059   ,  17 157   ,  9 599   ,  8 458   ,  18 057   ,  9 964   ,  8 765   ,  18 729   ,  10 278   ,  9 068   ,  19 346   ,  10 719   ,  9 505   ,  20 224   
,25,  4 577   ,  4 914   ,  9 491   ,  4 631   ,  5 002   ,  9 633   ,  4 782   ,  5 187   ,  9 969   ,  5 044   ,  5 531   ,  10 575   ,  5 297   ,  5 866   ,  11 163   ,  5 512   ,  6 071   ,  11 583   ,  5 778   ,  6 246   ,  12 024   ,  5 997   ,  6 226   ,  12 223   ,  7 306   ,  7 213   ,  14 519   ,  7 726   ,  7 317   ,  15 043   ,  8 277   ,  7 571   ,  15 848   ,  8 742   ,  7 816   ,  16 558   ,  9 156   ,  8 098   ,  17 254   ,  9 662   ,  8 499   ,  18 161   ,  10 030   ,  8 809   ,  18 839   ,  10 349   ,  9 113   ,  19 462   
,26,  4 517   ,  4 782   ,  9 299   ,  4 549   ,  4 842   ,  9 391   ,  4 604   ,  4 931   ,  9 535   ,  4 755   ,  5 114   ,  9 869   ,  5 018   ,  5 456   ,  10 474   ,  5 272   ,  5 788   ,  11 060   ,  5 485   ,  5 988   ,  11 473   ,  5 753   ,  6 162   ,  11 915   ,  7 067   ,  7 278   ,  14 345   ,  7 328   ,  7 168   ,  14 496   ,  7 686   ,  7 211   ,  14 897   ,  8 267   ,  7 490   ,  15 757   ,  8 734   ,  7 734   ,  16 468   ,  9 149   ,  8 012   ,  17 161   ,  9 657   ,  8 409   ,  18 066   ,  10 027   ,  8 717   ,  18 744   
,27,  4 523   ,  4 701   ,  9 224   ,  4 507   ,  4 703   ,  9 210   ,  4 541   ,  4 765   ,  9 306   ,  4 597   ,  4 853   ,  9 450   ,  4 750   ,  5 036   ,  9 786   ,  5 015   ,  5 374   ,  10 389   ,  5 269   ,  5 699   ,  10 968   ,  5 484   ,  5 897   ,  11 381   ,  6 807   ,  7 193   ,  14 000   ,  7 117   ,  7 221   ,  14 338   ,  7 319   ,  7 052   ,  14 371   ,  7 708   ,  7 122   ,  14 830   ,  8 293   ,  7 398   ,  15 691   ,  8 763   ,  7 639   ,  16 402   ,  9 182   ,  7 916   ,  17 098   ,  9 694   ,  8 309   ,  18 003   
,28,  4 600   ,  4 791   ,  9 391   ,  4 439   ,  4 664   ,  9 103   ,  4 424   ,  4 667   ,  9 091   ,  4 458   ,  4 729   ,  9 187   ,  4 514   ,  4 819   ,  9 333   ,  4 666   ,  5 002   ,  9 668   ,  4 926   ,  5 336   ,  10 262   ,  5 178   ,  5 661   ,  10 839   ,  6 378   ,  6 942   ,  13 320   ,  6 740   ,  7 197   ,  13 937   ,  6 990   ,  7 166   ,  14 156   ,  7 217   ,  7 026   ,  14 243   ,  7 601   ,  7 096   ,  14 697   ,  8 181   ,  7 372   ,  15 553   ,  8 648   ,  7 613   ,  16 261   ,  9 063   ,  7 889   ,  16 952   
,29,  4 521   ,  4 690   ,  9 211   ,  4 445   ,  4 681   ,  9 126   ,  4 289   ,  4 558   ,  8 847   ,  4 275   ,  4 562   ,  8 837   ,  4 309   ,  4 626   ,  8 935   ,  4 365   ,  4 715   ,  9 080   ,  4 510   ,  4 891   ,  9 401   ,  4 765   ,  5 220   ,  9 985   ,  5 930   ,  6 564   ,  12 494   ,  6 218   ,  6 843   ,  13 061   ,  6 518   ,  7 036   ,  13 554   ,  6 786   ,  7 031   ,  13 817   ,  7 006   ,  6 894   ,  13 900   ,  7 382   ,  6 963   ,  14 345   ,  7 948   ,  7 235   ,  15 183   ,  8 404   ,  7 472   ,  15 876   
,30,  4 297   ,  4 362   ,  8 659   ,  4 332   ,  4 496   ,  8 828   ,  4 258   ,  4 488   ,  8 746   ,  4 109   ,  4 371   ,  8 480   ,  4 096   ,  4 377   ,  8 473   ,  4 130   ,  4 439   ,  8 569   ,  4 181   ,  4 522   ,  8 703   ,  4 323   ,  4 694   ,  9 017   ,  5 410   ,  5 940   ,  11 350   ,  5 730   ,  6 348   ,  12 078   ,  5 960   ,  6 563   ,  12 523   ,  6 272   ,  6 773   ,  13 045   ,  6 532   ,  6 770   ,  13 302   ,  6 745   ,  6 638   ,  13 383   ,  7 108   ,  6 705   ,  13 813   ,  7 656   ,  6 967   ,  14 623   
,31,  4 173   ,  4 145   ,  8 318   ,  4 185   ,  4 274   ,  8 459   ,  4 220   ,  4 407   ,  8 627   ,  4 149   ,  4 401   ,  8 550   ,  4 003   ,  4 288   ,  8 291   ,  3 992   ,  4 295   ,  8 287   ,  4 023   ,  4 353   ,  8 376   ,  4 075   ,  4 436   ,  8 511   ,  4 992   ,  5 461   ,  10 453   ,  5 313   ,  5 871   ,  11 184   ,  5 582   ,  6 222   ,  11 804   ,  5 829   ,  6 457   ,  12 286   ,  6 136   ,  6 666   ,  12 802   ,  6 391   ,  6 662   ,  13 053   ,  6 602   ,  6 533   ,  13 135   ,  6 959   ,  6 600   ,  13 559   
,32,  3 899   ,  3 842   ,  7 741   ,  3 970   ,  4 026   ,  7 996   ,  3 982   ,  4 153   ,  8 135   ,  4 017   ,  4 283   ,  8 300   ,  3 949   ,  4 279   ,  8 228   ,  3 811   ,  4 170   ,  7 981   ,  3 798   ,  4 174   ,  7 972   ,  3 829   ,  4 233   ,  8 062   ,  4 596   ,  5 117   ,  9 713   ,  4 787   ,  5 351   ,  10 138   ,  5 055   ,  5 705   ,  10 760   ,  5 332   ,  6 070   ,  11 402   ,  5 569   ,  6 300   ,  11 869   ,  5 864   ,  6 504   ,  12 368   ,  6 109   ,  6 501   ,  12 610   ,  6 311   ,  6 375   ,  12 686   
,33,  3 477   ,  3 270   ,  6 747   ,  3 657   ,  3 556   ,  7 213   ,  3 725   ,  3 727   ,  7 452   ,  3 736   ,  3 845   ,  7 581   ,  3 769   ,  3 967   ,  7 736   ,  3 707   ,  3 965   ,  7 672   ,  3 574   ,  3 861   ,  7 435   ,  3 563   ,  3 867   ,  7 430   ,  4 261   ,  4 656   ,  8 917   ,  4 346   ,  4 780   ,  9 126   ,  4 490   ,  4 957   ,  9 447   ,  4 760   ,  5 305   ,  10 065   ,  5 023   ,  5 645   ,  10 668   ,  5 247   ,  5 859   ,  11 106   ,  5 526   ,  6 049   ,  11 575   ,  5 758   ,  6 047   ,  11 805   
,34,  3 347   ,  3 082   ,  6 429   ,  3 451   ,  3 266   ,  6 717   ,  3 632   ,  3 552   ,  7 184   ,  3 700   ,  3 725   ,  7 425   ,  3 712   ,  3 845   ,  7 557   ,  3 747   ,  3 968   ,  7 715   ,  3 683   ,  3 963   ,  7 646   ,  3 551   ,  3 862   ,  7 413   ,  4 199   ,  4 593   ,  8 792   ,  4 263   ,  4 690   ,  8 953   ,  4 312   ,  4 775   ,  9 087   ,  4 473   ,  4 971   ,  9 444   ,  4 744   ,  5 321   ,  10 065   ,  5 006   ,  5 663   ,  10 669   ,  5 231   ,  5 878   ,  11 109   ,  5 511   ,  6 069   ,  11 580   
,35,  3 292   ,  3 054   ,  6 346   ,  3 332   ,  3 124   ,  6 456   ,  3 436   ,  3 311   ,  6 747   ,  3 618   ,  3 603   ,  7 221   ,  3 687   ,  3 780   ,  7 467   ,  3 701   ,  3 903   ,  7 604   ,  3 733   ,  4 026   ,  7 759   ,  3 671   ,  4 023   ,  7 694   ,  4 196   ,  4 654   ,  8 850   ,  4 213   ,  4 695   ,  8 908   ,  4 242   ,  4 756   ,  8 998   ,  4 308   ,  4 860   ,  9 168   ,  4 469   ,  5 060   ,  9 529   ,  4 741   ,  5 416   ,  10 157   ,  5 005   ,  5 765   ,  10 770   ,  5 232   ,  5 985   ,  11 217   
,36,  3 136   ,  2 933   ,  6 069   ,  3 229   ,  3 042   ,  6 271   ,  3 268   ,  3 113   ,  6 381   ,  3 372   ,  3 300   ,  6 672   ,  3 553   ,  3 594   ,  7 147   ,  3 622   ,  3 771   ,  7 393   ,  3 634   ,  3 891   ,  7 525   ,  3 667   ,  4 015   ,  7 682   ,  4 275   ,  4 763   ,  9 038   ,  4 149   ,  4 675   ,  8 824   ,  4 131   ,  4 677   ,  8 808   ,  4 176   ,  4 756   ,  8 932   ,  4 241   ,  4 861   ,  9 102   ,  4 401   ,  5 061   ,  9 462   ,  4 669   ,  5 418   ,  10 087   ,  4 931   ,  5 768   ,  10 699   
,37,  3 166   ,  2 907   ,  6 073   ,  3 183   ,  2 933   ,  6 116   ,  3 279   ,  3 043   ,  6 322   ,  3 320   ,  3 114   ,  6 434   ,  3 427   ,  3 304   ,  6 731   ,  3 613   ,  3 599   ,  7 212   ,  3 681   ,  3 774   ,  7 455   ,  3 695   ,  3 896   ,  7 591   ,  4 420   ,  4 772   ,  9 192   ,  4 375   ,  4 804   ,  9 179   ,  4 211   ,  4 676   ,  8 887   ,  4 209   ,  4 696   ,  8 905   ,  4 254   ,  4 776   ,  9 030   ,  4 322   ,  4 882   ,  9 204   ,  4 485   ,  5 083   ,  9 568   ,  4 761   ,  5 443   ,  10 204   
,38,  3 245   ,  3 010   ,  6 255   ,  3 210   ,  2 997   ,  6 207   ,  3 228   ,  3 025   ,  6 253   ,  3 326   ,  3 140   ,  6 466   ,  3 370   ,  3 216   ,  6 586   ,  3 479   ,  3 413   ,  6 892   ,  3 667   ,  3 715   ,  7 382   ,  3 739   ,  3 898   ,  7 637   ,  4 446   ,  4 772   ,  9 218   ,  4 518   ,  4 962   ,  9 480   ,  4 436   ,  4 954   ,  9 390   ,  4 285   ,  4 840   ,  9 125   ,  4 283   ,  4 861   ,  9 144   ,  4 329   ,  4 945   ,  9 274   ,  4 399   ,  5 055   ,  9 454   ,  4 566   ,  5 265   ,  9 831   
,39,  3 171   ,  2 915   ,  6 086   ,  3 218   ,  2 983   ,  6 201   ,  3 184   ,  2 971   ,  6 155   ,  3 202   ,  3 000   ,  6 202   ,  3 302   ,  3 115   ,  6 417   ,  3 346   ,  3 191   ,  6 537   ,  3 453   ,  3 384   ,  6 837   ,  3 642   ,  3 686   ,  7 328   ,  4 399   ,  4 586   ,  8 985   ,  4 446   ,  4 770   ,  9 216   ,  4 482   ,  4 919   ,  9 401   ,  4 416   ,  4 929   ,  9 345   ,  4 266   ,  4 817   ,  9 083   ,  4 264   ,  4 839   ,  9 103   ,  4 311   ,  4 922   ,  9 233   ,  4 380   ,  5 032   ,  9 412   
,40,  2 977   ,  2 727   ,  5 704   ,  3 080   ,  2 853   ,  5 933   ,  3 126   ,  2 921   ,  6 047   ,  3 094   ,  2 910   ,  6 004   ,  3 113   ,  2 939   ,  6 052   ,  3 210   ,  3 053   ,  6 263   ,  3 251   ,  3 126   ,  6 377   ,  3 358   ,  3 317   ,  6 675   ,  4 196   ,  4 284   ,  8 480   ,  4 308   ,  4 529   ,  8 837   ,  4 319   ,  4 672   ,  8 991   ,  4 370   ,  4 835   ,  9 205   ,  4 306   ,  4 847   ,  9 153   ,  4 159   ,  4 736   ,  8 895   ,  4 157   ,  4 758   ,  8 915   ,  4 204   ,  4 840   ,  9 044   
,41,  2 859   ,  2 589   ,  5 448   ,  2 933   ,  2 693   ,  5 626   ,  3 036   ,  2 819   ,  5 855   ,  3 082   ,  2 887   ,  5 969   ,  3 051   ,  2 878   ,  5 929   ,  3 070   ,  2 907   ,  5 977   ,  3 165   ,  3 018   ,  6 183   ,  3 208   ,  3 091   ,  6 299   ,  3 924   ,  3 889   ,  7 813   ,  4 169   ,  4 268   ,  8 437   ,  4 246   ,  4 475   ,  8 721   ,  4 273   ,  4 634   ,  8 907   ,  4 324   ,  4 797   ,  9 121   ,  4 261   ,  4 808   ,  9 069   ,  4 115   ,  4 699   ,  8 814   ,  4 114   ,  4 722   ,  8 836   
,42,  2 614   ,  2 373   ,  4 987   ,  2 736   ,  2 523   ,  5 259   ,  2 807   ,  2 626   ,  5 433   ,  2 907   ,  2 750   ,  5 657   ,  2 952   ,  2 817   ,  5 769   ,  2 923   ,  2 808   ,  5 731   ,  2 940   ,  2 836   ,  5 776   ,  3 032   ,  2 945   ,  5 977   ,  3 642   ,  3 577   ,  7 219   ,  3 789   ,  3 824   ,  7 613   ,  3 992   ,  4 162   ,  8 154   ,  4 082   ,  4 380   ,  8 462   ,  4 108   ,  4 536   ,  8 644   ,  4 157   ,  4 696   ,  8 853   ,  4 096   ,  4 707   ,  8 803   ,  3 956   ,  4 601   ,  8 557   
,43,  2 334   ,  2 003   ,  4 337   ,  2 538   ,  2 233   ,  4 771   ,  2 658   ,  2 375   ,  5 033   ,  2 728   ,  2 472   ,  5 200   ,  2 826   ,  2 590   ,  5 416   ,  2 871   ,  2 654   ,  5 525   ,  2 841   ,  2 644   ,  5 485   ,  2 859   ,  2 670   ,  5 529   ,  3 497   ,  3 293   ,  6 790   ,  3 569   ,  3 398   ,  6 967   ,  3 683   ,  3 602   ,  7 285   ,  3 896   ,  3 935   ,  7 831   ,  3 984   ,  4 142   ,  8 126   ,  4 009   ,  4 290   ,  8 299   ,  4 058   ,  4 441   ,  8 499   ,  3 998   ,  4 452   ,  8 450   
,44,  2 164   ,  1 836   ,  4 000   ,  2 306   ,  1 991   ,  4 297   ,  2 510   ,  2 221   ,  4 731   ,  2 628   ,  2 363   ,  4 991   ,  2 699   ,  2 460   ,  5 159   ,  2 797   ,  2 578   ,  5 375   ,  2 840   ,  2 641   ,  5 481   ,  2 811   ,  2 632   ,  5 443   ,  3 355   ,  3 156   ,  6 511   ,  3 486   ,  3 303   ,  6 789   ,  3 528   ,  3 379   ,  6 907   ,  3 655   ,  3 596   ,  7 251   ,  3 868   ,  3 929   ,  7 797   ,  3 954   ,  4 135   ,  8 089   ,  3 981   ,  4 284   ,  8 265   ,  4 030   ,  4 436   ,  8 466   
,45,  2 082   ,  1 770   ,  3 852   ,  2 153   ,  1 837   ,  3 990   ,  2 296   ,  1 993   ,  4 289   ,  2 499   ,  2 224   ,  4 723   ,  2 619   ,  2 368   ,  4 987   ,  2 691   ,  2 466   ,  5 157   ,  2 787   ,  2 582   ,  5 369   ,  2 831   ,  2 646   ,  5 477   ,  3 323   ,  3 131   ,  6 454   ,  3 369   ,  3 186   ,  6 555   ,  3 471   ,  3 306   ,  6 777   ,  3 527   ,  3 396   ,  6 923   ,  3 654   ,  3 614   ,  7 268   ,  3 867   ,  3 949   ,  7 816   ,  3 956   ,  4 157   ,  8 113   ,  3 982   ,  4 307   ,  8 289   
,46,  1 979   ,  1 674   ,  3 653   ,  2 070   ,  1 751   ,  3 821   ,  2 141   ,  1 819   ,  3 960   ,  2 283   ,  1 974   ,  4 257   ,  2 487   ,  2 204   ,  4 691   ,  2 607   ,  2 347   ,  4 954   ,  2 677   ,  2 443   ,  5 120   ,  2 775   ,  2 559   ,  5 334   ,  3 343   ,  3 113   ,  6 456   ,  3 332   ,  3 125   ,  6 457   ,  3 350   ,  3 154   ,  6 504   ,  3 465   ,  3 285   ,  6 750   ,  3 521   ,  3 375   ,  6 896   ,  3 649   ,  3 592   ,  7 241   ,  3 862   ,  3 926   ,  7 788   ,  3 951   ,  4 133   ,  8 084   
,47,  1 914   ,  1 642   ,  3 556   ,  1 947   ,  1 664   ,  3 611   ,  2 037   ,  1 741   ,  3 778   ,  2 108   ,  1 808   ,  3 916   ,  2 249   ,  1 964   ,  4 213   ,  2 452   ,  2 193   ,  4 645   ,  2 569   ,  2 334   ,  4 903   ,  2 639   ,  2 430   ,  5 069   ,  3 243   ,  3 022   ,  6 265   ,  3 318   ,  3 120   ,  6 438   ,  3 281   ,  3 107   ,  6 388   ,  3 310   ,  3 147   ,  6 457   ,  3 425   ,  3 278   ,  6 703   ,  3 481   ,  3 368   ,  6 849   ,  3 607   ,  3 585   ,  7 192   ,  3 819   ,  3 919   ,  7 738   
,48,  1 926   ,  1 702   ,  3 628   ,  1 930   ,  1 675   ,  3 605   ,  1 965   ,  1 698   ,  3 663   ,  2 056   ,  1 778   ,  3 834   ,  2 129   ,  1 848   ,  3 977   ,  2 272   ,  2 007   ,  4 279   ,  2 477   ,  2 240   ,  4 717   ,  2 597   ,  2 385   ,  4 982   ,  3 160   ,  2 946   ,  6 106   ,  3 299   ,  3 110   ,  6 409   ,  3 348   ,  3 184   ,  6 532   ,  3 323   ,  3 182   ,  6 505   ,  3 352   ,  3 224   ,  6 576   ,  3 469   ,  3 359   ,  6 828   ,  3 526   ,  3 451   ,  6 977   ,  3 655   ,  3 675   ,  7 330   
,49,  1 848   ,  1 671   ,  3 519   ,  1 881   ,  1 676   ,  3 557   ,  1 886   ,  1 650   ,  3 536   ,  1 920   ,  1 673   ,  3 593   ,  2 010   ,  1 752   ,  3 762   ,  2 082   ,  1 821   ,  3 903   ,  2 222   ,  1 978   ,  4 200   ,  2 423   ,  2 207   ,  4 630   ,  3 009   ,  2 788   ,  5 797   ,  3 113   ,  2 926   ,  6 039   ,  3 224   ,  3 063   ,  6 287   ,  3 284   ,  3 147   ,  6 431   ,  3 259   ,  3 147   ,  6 406   ,  3 288   ,  3 188   ,  6 476   ,  3 403   ,  3 321   ,  6 724   ,  3 460   ,  3 413   ,  6 873   
,50,  1 813   ,  1 584   ,  3 397   ,  1 845   ,  1 619   ,  3 464   ,  1 878   ,  1 625   ,  3 503   ,  1 884   ,  1 599   ,  3 483   ,  1 918   ,  1 622   ,  3 540   ,  2 008   ,  1 700   ,  3 708   ,  2 080   ,  1 766   ,  3 846   ,  2 221   ,  1 918   ,  4 139   ,  2 868   ,  2 540   ,  5 408   ,  3 029   ,  2 726   ,  5 755   ,  3 109   ,  2 836   ,  5 945   ,  3 232   ,  2 980   ,  6 212   ,  3 292   ,  3 063   ,  6 355   ,  3 267   ,  3 062   ,  6 329   ,  3 298   ,  3 103   ,  6 401   ,  3 413   ,  3 234   ,  6 647   
,51,  1 784   ,  1 530   ,  3 314   ,  1 795   ,  1 552   ,  3 347   ,  1 827   ,  1 587   ,  3 414   ,  1 861   ,  1 592   ,  3 453   ,  1 867   ,  1 568   ,  3 435   ,  1 901   ,  1 591   ,  3 492   ,  1 991   ,  1 666   ,  3 657   ,  2 062   ,  1 731   ,  3 793   ,  2 607   ,  2 231   ,  4 838   ,  2 864   ,  2 510   ,  5 374   ,  3 001   ,  2 671   ,  5 672   ,  3 092   ,  2 790   ,  5 882   ,  3 214   ,  2 932   ,  6 146   ,  3 275   ,  3 014   ,  6 289   ,  3 250   ,  3 013   ,  6 263   ,  3 280   ,  3 054   ,  6 334   
,52,  1 713   ,  1 428   ,  3 141   ,  1 744   ,  1 468   ,  3 212   ,  1 756   ,  1 489   ,  3 245   ,  1 787   ,  1 523   ,  3 310   ,  1 821   ,  1 529   ,  3 350   ,  1 827   ,  1 506   ,  3 333   ,  1 860   ,  1 527   ,  3 387   ,  1 949   ,  1 599   ,  3 548   ,  2 389   ,  1 973   ,  4 362   ,  2 570   ,  2 159   ,  4 729   ,  2 801   ,  2 409   ,  5 210   ,  2 946   ,  2 572   ,  5 518   ,  3 035   ,  2 687   ,  5 722   ,  3 156   ,  2 824   ,  5 980   ,  3 216   ,  2 903   ,  6 119   ,  3 192   ,  2 902   ,  6 094   
,53,  1 582   ,  1 218   ,  2 800   ,  1 726   ,  1 357   ,  3 083   ,  1 758   ,  1 395   ,  3 153   ,  1 770   ,  1 416   ,  3 186   ,  1 803   ,  1 449   ,  3 252   ,  1 837   ,  1 454   ,  3 291   ,  1 843   ,  1 432   ,  3 275   ,  1 877   ,  1 452   ,  3 329   ,  2 328   ,  1 809   ,  4 137   ,  2 430   ,  1 893   ,  4 323   ,  2 593   ,  2 054   ,  4 647   ,  2 837   ,  2 300   ,  5 137   ,  2 984   ,  2 457   ,  5 441   ,  3 075   ,  2 567   ,  5 642   ,  3 198   ,  2 698   ,  5 896   ,  3 260   ,  2 773   ,  6 033   
,54,  1 456   ,  1 082   ,  2 538   ,  1 553   ,  1 182   ,  2 735   ,  1 696   ,  1 318   ,  3 014   ,  1 727   ,  1 355   ,  3 082   ,  1 740   ,  1 376   ,  3 116   ,  1 772   ,  1 407   ,  3 179   ,  1 805   ,  1 413   ,  3 218   ,  1 812   ,  1 391   ,  3 203   ,  2 185   ,  1 677   ,  3 862   ,  2 305   ,  1 770   ,  4 075   ,  2 386   ,  1 837   ,  4 223   ,  2 556   ,  2 001   ,  4 557   ,  2 798   ,  2 241   ,  5 039   ,  2 943   ,  2 394   ,  5 337   ,  3 033   ,  2 502   ,  5 535   ,  3 155   ,  2 629   ,  5 784   
,55,  1 418   ,  1 069   ,  2 487   ,  1 427   ,  1 081   ,  2 508   ,  1 524   ,  1 182   ,  2 706   ,  1 664   ,  1 318   ,  2 982   ,  1 696   ,  1 356   ,  3 052   ,  1 709   ,  1 377   ,  3 086   ,  1 739   ,  1 408   ,  3 147   ,  1 772   ,  1 414   ,  3 186   ,  2 105   ,  1 654   ,  3 759   ,  2 160   ,  1 691   ,  3 851   ,  2 261   ,  1 770   ,  4 031   ,  2 349   ,  1 844   ,  4 193   ,  2 517   ,  2 009   ,  4 526   ,  2 755   ,  2 250   ,  5 005   ,  2 899   ,  2 404   ,  5 303   ,  2 988   ,  2 511   ,  5 499   
,56,  1 325   ,  1 010   ,  2 335   ,  1 372   ,  1 043   ,  2 415   ,  1 381   ,  1 055   ,  2 436   ,  1 475   ,  1 154   ,  2 629   ,  1 612   ,  1 288   ,  2 900   ,  1 643   ,  1 325   ,  2 968   ,  1 655   ,  1 344   ,  2 999   ,  1 686   ,  1 376   ,  3 062   ,  2 033   ,  1 641   ,  3 674   ,  2 056   ,  1 628   ,  3 684   ,  2 092   ,  1 650   ,  3 742   ,  2 198   ,  1 733   ,  3 931   ,  2 283   ,  1 806   ,  4 089   ,  2 447   ,  1 968   ,  4 415   ,  2 680   ,  2 205   ,  4 885   ,  2 820   ,  2 356   ,  5 176   
,57,  1 277   ,  969   ,  2 246   ,  1 294   ,  975   ,  2 269   ,  1 341   ,  1 008   ,  2 349   ,  1 350   ,  1 020   ,  2 370   ,  1 442   ,  1 116   ,  2 558   ,  1 577   ,  1 245   ,  2 822   ,  1 607   ,  1 281   ,  2 888   ,  1 619   ,  1 300   ,  2 919   ,  1 952   ,  1 581   ,  3 533   ,  2 004   ,  1 599   ,  3 603   ,  2 008   ,  1 573   ,  3 581   ,  2 051   ,  1 601   ,  3 652   ,  2 155   ,  1 682   ,  3 837   ,  2 240   ,  1 754   ,  3 994   ,  2 401   ,  1 911   ,  4 312   ,  2 630   ,  2 141   ,  4 771   
,58,  1 292   ,  1 001   ,  2 293   ,  1 239   ,  935   ,  2 174   ,  1 255   ,  941   ,  2 196   ,  1 300   ,  974   ,  2 274   ,  1 310   ,  985   ,  2 295   ,  1 400   ,  1 079   ,  2 479   ,  1 530   ,  1 203   ,  2 733   ,  1 560   ,  1 238   ,  2 798   ,  1 860   ,  1 493   ,  3 353   ,  1 908   ,  1 540   ,  3 448   ,  1 942   ,  1 544   ,  3 486   ,  1 954   ,  1 526   ,  3 480   ,  1 996   ,  1 552   ,  3 548   ,  2 098   ,  1 631   ,  3 729   ,  2 181   ,  1 701   ,  3 882   ,  2 338   ,  1 854   ,  4 192   
,59,  1 280   ,  1 001   ,  2 281   ,  1 269   ,  975   ,  2 244   ,  1 216   ,  911   ,  2 127   ,  1 233   ,  917   ,  2 150   ,  1 278   ,  949   ,  2 227   ,  1 288   ,  961   ,  2 249   ,  1 376   ,  1 051   ,  2 427   ,  1 504   ,  1 173   ,  2 677   ,  1 815   ,  1 435   ,  3 250   ,  1 841   ,  1 468   ,  3 309   ,  1 874   ,  1 501   ,  3 375   ,  1 915   ,  1 511   ,  3 426   ,  1 927   ,  1 493   ,  3 420   ,  1 969   ,  1 519   ,  3 488   ,  2 069   ,  1 597   ,  3 666   ,  2 152   ,  1 665   ,  3 817   
,60,  1 184   ,  917   ,  2 101   ,  1 232   ,  960   ,  2 192   ,  1 222   ,  936   ,  2 158   ,  1 171   ,  874   ,  2 045   ,  1 187   ,  881   ,  2 068   ,  1 231   ,  911   ,  2 142   ,  1 240   ,  923   ,  2 163   ,  1 325   ,  1 009   ,  2 334   ,  1 716   ,  1 340   ,  3 056   ,  1 762   ,  1 389   ,  3 151   ,  1 773   ,  1 409   ,  3 182   ,  1 811   ,  1 446   ,  3 257   ,  1 851   ,  1 456   ,  3 307   ,  1 863   ,  1 439   ,  3 302   ,  1 903   ,  1 465   ,  3 368   ,  2 001   ,  1 540   ,  3 541   
,61,  1 156   ,  874   ,  2 030   ,  1 158   ,  886   ,  2 044   ,  1 205   ,  928   ,  2 133   ,  1 196   ,  904   ,  2 100   ,  1 147   ,  845   ,  1 992   ,  1 163   ,  852   ,  2 015   ,  1 205   ,  881   ,  2 086   ,  1 215   ,  892   ,  2 107   ,  1 537   ,  1 161   ,  2 698   ,  1 693   ,  1 306   ,  2 999   ,  1 725   ,  1 343   ,  3 068   ,  1 743   ,  1 368   ,  3 111   ,  1 780   ,  1 404   ,  3 184   ,  1 820   ,  1 414   ,  3 234   ,  1 832   ,  1 397   ,  3 229   ,  1 871   ,  1 423   ,  3 294   
,62,  1 107   ,  817   ,  1 924   ,  1 135   ,  856   ,  1 991   ,  1 137   ,  869   ,  2 006   ,  1 184   ,  910   ,  2 094   ,  1 174   ,  888   ,  2 062   ,  1 126   ,  830   ,  1 956   ,  1 142   ,  836   ,  1 978   ,  1 184   ,  865   ,  2 049   ,  1 412   ,  1 042   ,  2 454   ,  1 521   ,  1 149   ,  2 670   ,  1 663   ,  1 281   ,  2 944   ,  1 699   ,  1 323   ,  3 022   ,  1 717   ,  1 347   ,  3 064   ,  1 754   ,  1 383   ,  3 137   ,  1 794   ,  1 393   ,  3 187   ,  1 806   ,  1 377   ,  3 183   
,63,  960   ,  666   ,  1 626   ,  1 066   ,  774   ,  1 840   ,  1 093   ,  812   ,  1 905   ,  1 094   ,  823   ,  1 917   ,  1 141   ,  863   ,  2 004   ,  1 132   ,  842   ,  1 974   ,  1 085   ,  786   ,  1 871   ,  1 101   ,  792   ,  1 893   ,  1 353   ,  976   ,  2 329   ,  1 373   ,  996   ,  2 369   ,  1 467   ,  1 089   ,  2 556   ,  1 609   ,  1 220   ,  2 829   ,  1 645   ,  1 260   ,  2 905   ,  1 662   ,  1 284   ,  2 946   ,  1 699   ,  1 318   ,  3 017   ,  1 737   ,  1 328   ,  3 065   
,64,  857   ,  582   ,  1 439   ,  925   ,  659   ,  1 584   ,  1 028   ,  766   ,  1 794   ,  1 055   ,  803   ,  1 858   ,  1 057   ,  815   ,  1 872   ,  1 102   ,  855   ,  1 957   ,  1 093   ,  833   ,  1 926   ,  1 048   ,  779   ,  1 827   ,  1 260   ,  934   ,  2 194   ,  1 316   ,  974   ,  2 290   ,  1 325   ,  986   ,  2 311   ,  1 420   ,  1 082   ,  2 502   ,  1 560   ,  1 212   ,  2 772   ,  1 595   ,  1 252   ,  2 847   ,  1 611   ,  1 276   ,  2 887   ,  1 648   ,  1 310   ,  2 958   
,65,  845   ,  569   ,  1 414   ,  853   ,  585   ,  1 438   ,  921   ,  663   ,  1 584   ,  1 024   ,  771   ,  1 795   ,  1 051   ,  809   ,  1 860   ,  1 053   ,  822   ,  1 875   ,  1 097   ,  861   ,  1 958   ,  1 089   ,  839   ,  1 928   ,  1 237   ,  934   ,  2 171   ,  1 264   ,  949   ,  2 213   ,  1 310   ,  981   ,  2 291   ,  1 323   ,  996   ,  2 319   ,  1 420   ,  1 095   ,  2 515   ,  1 559   ,  1 226   ,  2 785   ,  1 595   ,  1 267   ,  2 862   ,  1 612   ,  1 291   ,  2 903   
,66,  775   ,  525   ,  1 300   ,  807   ,  552   ,  1 359   ,  815   ,  567   ,  1 382   ,  881   ,  643   ,  1 524   ,  980   ,  748   ,  1 728   ,  1 005   ,  785   ,  1 790   ,  1 007   ,  797   ,  1 804   ,  1 051   ,  835   ,  1 886   ,  1 235   ,  970   ,  2 205   ,  1 192   ,  914   ,  2 106   ,  1 209   ,  920   ,  2 129   ,  1 257   ,  955   ,  2 212   ,  1 271   ,  971   ,  2 242   ,  1 363   ,  1 066   ,  2 429   ,  1 498   ,  1 195   ,  2 693   ,  1 533   ,  1 235   ,  2 768   
,67,  713   ,  488   ,  1 201   ,  727   ,  497   ,  1 224   ,  757   ,  523   ,  1 280   ,  766   ,  538   ,  1 304   ,  828   ,  610   ,  1 438   ,  921   ,  710   ,  1 631   ,  945   ,  745   ,  1 690   ,  947   ,  757   ,  1 704   ,  1 169   ,  945   ,  2 114   ,  1 170   ,  928   ,  2 098   ,  1 121   ,  868   ,  1 989   ,  1 141   ,  878   ,  2 019   ,  1 187   ,  911   ,  2 098   ,  1 199   ,  927   ,  2 126   ,  1 287   ,  1 018   ,  2 305   ,  1 414   ,  1 141   ,  2 555   
,68,  719   ,  497   ,  1 216   ,  683   ,  456   ,  1 139   ,  697   ,  465   ,  1 162   ,  726   ,  490   ,  1 216   ,  734   ,  504   ,  1 238   ,  795   ,  572   ,  1 367   ,  883   ,  665   ,  1 548   ,  907   ,  699   ,  1 606   ,  1 077   ,  844   ,  1 921   ,  1 131   ,  893   ,  2 024   ,  1 122   ,  870   ,  1 992   ,  1 079   ,  816   ,  1 895   ,  1 098   ,  826   ,  1 924   ,  1 143   ,  858   ,  2 001   ,  1 156   ,  873   ,  2 029   ,  1 241   ,  959   ,  2 200   
,69,  687   ,  490   ,  1 177   ,  668   ,  463   ,  1 131   ,  635   ,  425   ,  1 060   ,  649   ,  433   ,  1 082   ,  677   ,  456   ,  1 133   ,  684   ,  470   ,  1 154   ,  740   ,  533   ,  1 273   ,  823   ,  620   ,  1 443   ,  1 001   ,  775   ,  1 776   ,  1 012   ,  794   ,  1 806   ,  1 054   ,  832   ,  1 886   ,  1 050   ,  814   ,  1 864   ,  1 010   ,  764   ,  1 774   ,  1 028   ,  773   ,  1 801   ,  1 070   ,  804   ,  1 874   ,  1 083   ,  818   ,  1 901   
,70,  614   ,  445   ,  1 059   ,  618   ,  447   ,  1 065   ,  602   ,  422   ,  1 024   ,  573   ,  387   ,  960   ,  585   ,  396   ,  981   ,  610   ,  417   ,  1 027   ,  617   ,  429   ,  1 046   ,  668   ,  487   ,  1 155   ,  881   ,  675   ,  1 556   ,  911   ,  714   ,  1 625   ,  913   ,  726   ,  1 639   ,  955   ,  764   ,  1 719   ,  951   ,  748   ,  1 699   ,  915   ,  702   ,  1 617   ,  932   ,  710   ,  1 642   ,  970   ,  739   ,  1 709   
,71,  570   ,  426   ,  996   ,  567   ,  426   ,  993   ,  571   ,  429   ,  1 000   ,  556   ,  406   ,  962   ,  530   ,  372   ,  902   ,  541   ,  380   ,  921   ,  564   ,  400   ,  964   ,  571   ,  412   ,  983   ,  733   ,  557   ,  1 290   ,  822   ,  654   ,  1 476   ,  843   ,  687   ,  1 530   ,  849   ,  700   ,  1 549   ,  888   ,  737   ,  1 625   ,  885   ,  723   ,  1 608   ,  852   ,  679   ,  1 531   ,  868   ,  687   ,  1 555   
,72,  532   ,  405   ,  937   ,  539   ,  413   ,  952   ,  536   ,  413   ,  949   ,  541   ,  416   ,  957   ,  527   ,  393   ,  920   ,  502   ,  361   ,  863   ,  513   ,  369   ,  882   ,  535   ,  389   ,  924   ,  641   ,  476   ,  1 117   ,  700   ,  545   ,  1 245   ,  779   ,  635   ,  1 414   ,  803   ,  669   ,  1 472   ,  808   ,  683   ,  1 491   ,  846   ,  719   ,  1 565   ,  843   ,  704   ,  1 547   ,  812   ,  662   ,  1 474   
,73,  442   ,  319   ,  761   ,  492   ,  374   ,  866   ,  499   ,  381   ,  880   ,  497   ,  382   ,  879   ,  501   ,  385   ,  886   ,  488   ,  364   ,  852   ,  464   ,  334   ,  798   ,  475   ,  342   ,  817   ,  588   ,  429   ,  1 017   ,  600   ,  445   ,  1 045   ,  649   ,  505   ,  1 154   ,  725   ,  591   ,  1 316   ,  748   ,  623   ,  1 371   ,  753   ,  636   ,  1 389   ,  789   ,  670   ,  1 459   ,  786   ,  656   ,  1 442   
,74,  389   ,  266   ,  655   ,  431   ,  311   ,  742   ,  480   ,  364   ,  844   ,  486   ,  372   ,  858   ,  485   ,  372   ,  857   ,  490   ,  375   ,  865   ,  477   ,  355   ,  832   ,  454   ,  326   ,  780   ,  550   ,  397   ,  947   ,  579   ,  422   ,  1 001   ,  585   ,  435   ,  1 020   ,  636   ,  495   ,  1 131   ,  712   ,  579   ,  1 291   ,  734   ,  611   ,  1 345   ,  739   ,  624   ,  1 363   ,  774   ,  658   ,  1 432   
,75,  377   ,  255   ,  632   ,  385   ,  259   ,  644   ,  427   ,  304   ,  731   ,  476   ,  356   ,  832   ,  482   ,  364   ,  846   ,  481   ,  365   ,  846   ,  486   ,  368   ,  854   ,  474   ,  348   ,  822   ,  534   ,  381   ,  915   ,  551   ,  393   ,  944   ,  575   ,  414   ,  989   ,  583   ,  428   ,  1 011   ,  635   ,  488   ,  1 123   ,  710   ,  571   ,  1 281   ,  733   ,  602   ,  1 335   ,  738   ,  616   ,  1 354   
,76,  344   ,  237   ,  581   ,  353   ,  241   ,  594   ,  362   ,  246   ,  608   ,  402   ,  288   ,  690   ,  447   ,  338   ,  785   ,  454   ,  346   ,  800   ,  453   ,  346   ,  799   ,  457   ,  349   ,  806   ,  528   ,  394   ,  922   ,  506   ,  365   ,  871   ,  518   ,  373   ,  891   ,  543   ,  395   ,  938   ,  551   ,  408   ,  959   ,  600   ,  466   ,  1 066   ,  672   ,  546   ,  1 218   ,  693   ,  576   ,  1 269   
,77,  307   ,  205   ,  512   ,  306   ,  203   ,  509   ,  314   ,  207   ,  521   ,  322   ,  210   ,  532   ,  357   ,  247   ,  604   ,  399   ,  290   ,  689   ,  405   ,  297   ,  702   ,  403   ,  297   ,  700   ,  482   ,  357   ,  839   ,  475   ,  341   ,  816   ,  452   ,  313   ,  765   ,  464   ,  322   ,  786   ,  486   ,  341   ,  827   ,  494   ,  353   ,  847   ,  538   ,  403   ,  941   ,  603   ,  472   ,  1 075   
,78,  290   ,  196   ,  486   ,  278   ,  179   ,  457   ,  277   ,  177   ,  454   ,  285   ,  180   ,  465   ,  293   ,  183   ,  476   ,  325   ,  216   ,  541   ,  363   ,  253   ,  616   ,  368   ,  259   ,  627   ,  435   ,  310   ,  745   ,  443   ,  315   ,  758   ,  432   ,  298   ,  730   ,  413   ,  275   ,  688   ,  424   ,  283   ,  707   ,  445   ,  300   ,  745   ,  452   ,  310   ,  762   ,  493   ,  354   ,  847   
,79,  258   ,  178   ,  436   ,  250   ,  165   ,  415   ,  241   ,  151   ,  392   ,  240   ,  149   ,  389   ,  247   ,  152   ,  399   ,  254   ,  155   ,  409   ,  282   ,  182   ,  464   ,  315   ,  214   ,  529   ,  379   ,  261   ,  640   ,  381   ,  264   ,  645   ,  385   ,  266   ,  651   ,  377   ,  253   ,  630   ,  360   ,  234   ,  594   ,  371   ,  240   ,  611   ,  389   ,  255   ,  644   ,  396   ,  264   ,  660   
,80+,  1 551   ,  1 132   ,  2 683   ,  1 503   ,  1 098   ,  2 601   ,  1 451   ,  1 055   ,  2 506   ,  1 405   ,  1 010   ,  2 415   ,  1 369   ,  970   ,  2 339   ,  1 341   ,  945   ,  2 286   ,  1 325   ,  919   ,  2 244   ,  1 334   ,  922   ,  2 256   ,  1 622   ,  1 131   ,  2 753   ,  1 675   ,  1 174   ,  2 849   ,  1 707   ,  1 204   ,  2 911   ,  1 746   ,  1 239   ,  2 985   ,  1 776   ,  1 253   ,  3 029   ,  1 783   ,  1 251   ,  3 034   ,  1 802   ,  1 263   ,  3 065   ,  1 832   ,  1 276   ,  3 108   
,Total,  323 646   ,  311 802   ,  635 448   ,  332 041   ,  319 506   ,  651 547   ,  340 508   ,  327 286   ,  667 794   ,  349 035   ,  335 110   ,  684 145   ,  357 615   ,  342 993   ,  700 608   ,  366 241   ,  350 918   ,  717 159   ,  374 613   ,  358 586   ,  733 199   ,  383 041   ,  366 292   ,  749 333   ,  462 810   ,  442 642   ,  905 452   ,  475 917   ,  454 803   ,  930 720   ,  484 940   ,  463 031   ,  947 971   ,  495 794   ,  472 982   ,  968 776   ,  506 782   ,  483 061   ,  989 843   ,  517 904   ,  493 254   ,  1 011 158   ,  529 154   ,  503 559   ,  1 032 713   ,  540 511   ,  513 961   ,  1 054 472   