SIRBA,,,,,,,,,,,,,,,,,,,,,,,,,,,,,,,,,,,,,,,,,,,,,,,,,
,,2020,,,2021,,,2022,,,2023,,,2024,,,2025,,,2026,,,2027,,,2028,,,2029,,,2030,,,2031,,,2032,,,2033,,,2034,,,2035,,
, Ages,Ensemble,,,Ensemble,,,Ensemble,,,Ensemble,,,Ensemble,,,Ensemble,,,Ensemble,,,Ensemble,,,Ensemble,,,Ensemble,,,Ensemble,,,Ensemble,,,Ensemble,,,Ensemble,,,Ensemble,,,Ensemble,,
,,Homme ,Femme,Ensemble,Homme ,Femme,Ensemble,Homme ,Femme,Ensemble,Homme ,Femme,Ensemble,Homme ,Femme,Ensemble,Homme ,Femme,Ensemble,Homme ,Femme,Ensemble,Homme ,Femme,Ensemble,Homme ,Femme,Ensemble,Homme ,Femme,Ensemble,Homme ,Femme,Ensemble,Homme ,Femme,Ensemble,Homme ,Femme,Ensemble,Homme ,Femme,Ensemble,Homme ,Femme,Ensemble,Homme ,Femme,Ensemble
,0,  18 084   ,  17 428   ,  35 512   ,  18 224   ,  17 558   ,  35 782   ,  18 417   ,  17 757   ,  36 174   ,  18 585   ,  17 932   ,  36 517   ,  18 733   ,  18 085   ,  36 818   ,  18 874   ,  18 230   ,  37 104   ,  19 001   ,  18 358   ,  37 359   ,  19 125   ,  18 486   ,  37 611   ,  19 745   ,  19 101   ,  38 846   ,  19 871   ,  19 229   ,  39 100   ,  20 017   ,  19 377   ,  39 394   ,  20 352   ,  19 709   ,  40 061   ,  20 702   ,  20 052   ,  40 754   ,  21 055   ,  20 398   ,  41 453   ,  21 403   ,  20 738   ,  42 141   ,  21 735   ,  21 059   ,  42 794   
,1,  17 655   ,  17 082   ,  34 737   ,  17 635   ,  17 026   ,  34 661   ,  17 784   ,  17 167   ,  34 951   ,  17 988   ,  17 370   ,  35 358   ,  18 165   ,  17 549   ,  35 714   ,  18 323   ,  17 707   ,  36 030   ,  18 458   ,  17 840   ,  36 298   ,  18 597   ,  17 977   ,  36 574   ,  19 225   ,  18 597   ,  37 822   ,  19 376   ,  18 746   ,  38 122   ,  19 542   ,  18 911   ,  38 453   ,  19 672   ,  19 042   ,  38 714   ,  20 013   ,  19 377   ,  39 390   ,  20 366   ,  19 724   ,  40 090   ,  20 724   ,  20 074   ,  40 798   ,  21 077   ,  20 417   ,  41 494   
,2,  17 056   ,  16 601   ,  33 657   ,  17 432   ,  16 891   ,  34 323   ,  17 418   ,  16 843   ,  34 261   ,  17 573   ,  16 987   ,  34 560   ,  17 780   ,  17 193   ,  34 973   ,  17 960   ,  17 372   ,  35 332   ,  18 107   ,  17 517   ,  35 624   ,  18 247   ,  17 656   ,  35 903   ,  18 875   ,  18 274   ,  37 149   ,  19 037   ,  18 435   ,  37 472   ,  19 221   ,  18 616   ,  37 837   ,  19 367   ,  18 761   ,  38 128   ,  19 502   ,  18 895   ,  38 397   ,  19 844   ,  19 233   ,  39 077   ,  20 199   ,  19 581   ,  39 780   ,  20 558   ,  19 931   ,  40 489   
,3,  16 322   ,  15 986   ,  32 308   ,  16 802   ,  16 363   ,  33 165   ,  17 175   ,  16 653   ,  33 828   ,  17 166   ,  16 608   ,  33 774   ,  17 321   ,  16 751   ,  34 072   ,  17 527   ,  16 952   ,  34 479   ,  17 693   ,  17 116   ,  34 809   ,  17 843   ,  17 262   ,  35 105   ,  18 462   ,  17 875   ,  36 337   ,  18 627   ,  18 036   ,  36 663   ,  18 820   ,  18 225   ,  37 045   ,  18 980   ,  18 384   ,  37 364   ,  19 128   ,  18 530   ,  37 658   ,  19 263   ,  18 664   ,  37 927   ,  19 603   ,  18 997   ,  38 600   ,  19 957   ,  19 341   ,  39 298   
,4,  15 620   ,  15 376   ,  30 996   ,  16 118   ,  15 775   ,  31 893   ,  16 596   ,  16 150   ,  32 746   ,  16 967   ,  16 439   ,  33 406   ,  16 961   ,  16 394   ,  33 355   ,  17 117   ,  16 536   ,  33 653   ,  17 308   ,  16 722   ,  34 030   ,  17 476   ,  16 886   ,  34 362   ,  18 098   ,  17 499   ,  35 597   ,  18 262   ,  17 660   ,  35 922   ,  18 457   ,  17 851   ,  36 308   ,  18 627   ,  18 017   ,  36 644   ,  18 789   ,  18 176   ,  36 965   ,  18 936   ,  18 319   ,  37 255   ,  19 071   ,  18 453   ,  37 524   ,  19 411   ,  18 783   ,  38 194   
,5,  14 809   ,  14 646   ,  29 455   ,  15 444   ,  15 210   ,  30 654   ,  15 939   ,  15 609   ,  31 548   ,  16 413   ,  15 981   ,  32 394   ,  16 784   ,  16 267   ,  33 051   ,  16 779   ,  16 223   ,  33 002   ,  16 921   ,  16 348   ,  33 269   ,  17 114   ,  16 535   ,  33 649   ,  17 749   ,  17 161   ,  34 910   ,  17 919   ,  17 328   ,  35 247   ,  18 114   ,  17 516   ,  35 630   ,  18 285   ,  17 684   ,  35 969   ,  18 455   ,  17 850   ,  36 305   ,  18 617   ,  18 007   ,  36 624   ,  18 765   ,  18 150   ,  36 915   ,  18 900   ,  18 280   ,  37 180   
,6,  14 108   ,  13 975   ,  28 083   ,  14 709   ,  14 551   ,  29 260   ,  15 341   ,  15 115   ,  30 456   ,  15 836   ,  15 512   ,  31 348   ,  16 310   ,  15 882   ,  32 192   ,  16 680   ,  16 166   ,  32 846   ,  16 662   ,  16 106   ,  32 768   ,  16 807   ,  16 232   ,  33 039   ,  17 460   ,  16 874   ,  34 334   ,  17 650   ,  17 061   ,  34 711   ,  17 849   ,  17 254   ,  35 103   ,  18 020   ,  17 421   ,  35 441   ,  18 193   ,  17 589   ,  35 782   ,  18 363   ,  17 754   ,  36 117   ,  18 526   ,  17 909   ,  36 435   ,  18 673   ,  18 050   ,  36 723   
,7,  13 604   ,  13 454   ,  27 058   ,  14 019   ,  13 899   ,  27 918   ,  14 619   ,  14 474   ,  29 093   ,  15 250   ,  15 036   ,  30 286   ,  15 742   ,  15 432   ,  31 174   ,  16 214   ,  15 798   ,  32 012   ,  16 569   ,  16 065   ,  32 634   ,  16 555   ,  16 010   ,  32 565   ,  17 152   ,  16 583   ,  33 735   ,  17 367   ,  16 792   ,  34 159   ,  17 585   ,  17 004   ,  34 589   ,  17 763   ,  17 177   ,  34 940   ,  17 934   ,  17 343   ,  35 277   ,  18 107   ,  17 509   ,  35 616   ,  18 277   ,  17 672   ,  35 949   ,  18 439   ,  17 826   ,  36 265   
,8,  13 137   ,  12 945   ,  26 082   ,  13 454   ,  13 329   ,  26 783   ,  13 865   ,  13 772   ,  27 637   ,  14 459   ,  14 343   ,  28 802   ,  15 085   ,  14 898   ,  29 983   ,  15 573   ,  15 289   ,  30 862   ,  16 027   ,  15 637   ,  31 664   ,  16 381   ,  15 904   ,  32 285   ,  16 814   ,  16 291   ,  33 105   ,  16 977   ,  16 437   ,  33 414   ,  17 218   ,  16 670   ,  33 888   ,  17 414   ,  16 860   ,  34 274   ,  17 590   ,  17 032   ,  34 622   ,  17 760   ,  17 195   ,  34 955   ,  17 931   ,  17 359   ,  35 290   ,  18 101   ,  17 519   ,  35 620   
,9,  12 635   ,  12 407   ,  25 042   ,  13 087   ,  12 937   ,  26 024   ,  13 406   ,  13 323   ,  26 729   ,  13 817   ,  13 765   ,  27 582   ,  14 410   ,  14 337   ,  28 747   ,  15 034   ,  14 890   ,  29 924   ,  15 508   ,  15 265   ,  30 773   ,  15 963   ,  15 615   ,  31 578   ,  16 761   ,  16 324   ,  33 085   ,  16 761   ,  16 283   ,  33 044   ,  16 953   ,  16 455   ,  33 408   ,  17 172   ,  16 668   ,  33 840   ,  17 368   ,  16 858   ,  34 226   ,  17 545   ,  17 028   ,  34 573   ,  17 715   ,  17 191   ,  34 906   ,  17 885   ,  17 352   ,  35 237   
,10,  12 057   ,  11 289   ,  23 346   ,  12 620   ,  11 885   ,  24 505   ,  13 073   ,  12 392   ,  25 465   ,  13 391   ,  12 763   ,  26 154   ,  13 802   ,  13 187   ,  26 989   ,  14 397   ,  13 732   ,  28 129   ,  15 006   ,  14 249   ,  29 255   ,  15 483   ,  14 610   ,  30 093   ,  16 377   ,  15 364   ,  31 741   ,  16 756   ,  15 641   ,  32 397   ,  16 786   ,  15 628   ,  32 414   ,  16 955   ,  15 774   ,  32 729   ,  17 174   ,  15 978   ,  33 152   ,  17 369   ,  16 158   ,  33 527   ,  17 546   ,  16 321   ,  33 867   ,  17 716   ,  16 474   ,  34 190   
,11,  11 490   ,  10 535   ,  22 025   ,  11 898   ,  10 946   ,  22 844   ,  12 455   ,  11 523   ,  23 978   ,  12 902   ,  12 016   ,  24 918   ,  13 217   ,  12 375   ,  25 592   ,  13 624   ,  12 783   ,  26 407   ,  14 197   ,  13 298   ,  27 495   ,  14 800   ,  13 801   ,  28 601   ,  15 698   ,  14 550   ,  30 248   ,  16 176   ,  14 898   ,  31 074   ,  16 575   ,  15 193   ,  31 768   ,  16 583   ,  15 161   ,  31 744   ,  16 751   ,  15 301   ,  32 052   ,  16 968   ,  15 498   ,  32 466   ,  17 161   ,  15 672   ,  32 833   ,  17 335   ,  15 826   ,  33 161   
,12,  10 774   ,  9 800   ,  20 574   ,  11 224   ,  10 201   ,  21 425   ,  11 624   ,  10 599   ,  22 223   ,  12 168   ,  11 159   ,  23 327   ,  12 605   ,  11 635   ,  24 240   ,  12 914   ,  11 981   ,  24 895   ,  13 299   ,  12 364   ,  25 663   ,  13 862   ,  12 863   ,  26 725   ,  14 858   ,  13 728   ,  28 586   ,  15 345   ,  14 089   ,  29 434   ,  15 835   ,  14 449   ,  30 284   ,  16 207   ,  14 716   ,  30 923   ,  16 214   ,  14 684   ,  30 898   ,  16 378   ,  14 819   ,  31 197   ,  16 590   ,  15 008   ,  31 598   ,  16 779   ,  15 174   ,  31 953   
,13,  9 943   ,  8 912   ,  18 855   ,  10 523   ,  9 392   ,  19 915   ,  10 963   ,  9 777   ,  20 740   ,  11 355   ,  10 159   ,  21 514   ,  11 888   ,  10 695   ,  22 583   ,  12 315   ,  11 149   ,  23 464   ,  12 604   ,  11 470   ,  24 074   ,  12 983   ,  11 838   ,  24 821   ,  13 918   ,  12 665   ,  26 583   ,  14 525   ,  13 156   ,  27 681   ,  15 025   ,  13 524   ,  28 549   ,  15 486   ,  13 852   ,  29 338   ,  15 848   ,  14 108   ,  29 956   ,  15 857   ,  14 075   ,  29 932   ,  16 018   ,  14 203   ,  30 221   ,  16 225   ,  14 382   ,  30 607   
,14,  9 547   ,  8 543   ,  18 090   ,  10 029   ,  8 888   ,  18 917   ,  10 615   ,  9 368   ,  19 983   ,  11 060   ,  9 750   ,  20 810   ,  11 456   ,  10 130   ,  21 586   ,  11 994   ,  10 661   ,  22 655   ,  12 415   ,  11 104   ,  23 519   ,  12 708   ,  11 423   ,  24 131   ,  13 464   ,  12 128   ,  25 592   ,  14 047   ,  12 629   ,  26 676   ,  14 682   ,  13 139   ,  27 821   ,  15 167   ,  13 489   ,  28 656   ,  15 635   ,  13 816   ,  29 451   ,  16 000   ,  14 069   ,  30 069   ,  16 010   ,  14 036   ,  30 046   ,  16 171   ,  14 159   ,  30 330   
,15,  8 725   ,  8 126   ,  16 851   ,  9 240   ,  8 423   ,  17 663   ,  9 708   ,  8 765   ,  18 473   ,  10 278   ,  9 236   ,  19 514   ,  10 710   ,  9 612   ,  20 322   ,  11 093   ,  9 985   ,  21 078   ,  11 605   ,  10 499   ,  22 104   ,  12 015   ,  10 935   ,  22 950   ,  12 655   ,  11 581   ,  24 236   ,  13 049   ,  11 961   ,  25 010   ,  13 637   ,  12 477   ,  26 114   ,  14 236   ,  12 964   ,  27 200   ,  14 707   ,  13 308   ,  28 015   ,  15 159   ,  13 629   ,  28 788   ,  15 517   ,  13 876   ,  29 393   ,  15 524   ,  13 840   ,  29 364   
,16,  8 023   ,  8 021   ,  16 044   ,  8 643   ,  8 364   ,  17 007   ,  9 154   ,  8 671   ,  17 825   ,  9 619   ,  9 020   ,  18 639   ,  10 184   ,  9 505   ,  19 689   ,  10 613   ,  9 891   ,  20 504   ,  10 983   ,  10 263   ,  21 246   ,  11 492   ,  10 792   ,  22 284   ,  12 243   ,  11 570   ,  23 813   ,  12 545   ,  11 912   ,  24 457   ,  12 957   ,  12 326   ,  25 283   ,  13 523   ,  12 839   ,  26 362   ,  14 120   ,  13 340   ,  27 460   ,  14 587   ,  13 693   ,  28 280   ,  15 036   ,  14 020   ,  29 056   ,  15 391   ,  14 270   ,  29 661   
,17,  7 532   ,  7 975   ,  15 507   ,  7 950   ,  8 086   ,  16 036   ,  8 565   ,  8 432   ,  16 997   ,  9 073   ,  8 741   ,  17 814   ,  9 535   ,  9 093   ,  18 628   ,  10 095   ,  9 580   ,  19 675   ,  10 512   ,  9 959   ,  20 471   ,  10 881   ,  10 335   ,  21 216   ,  11 715   ,  11 188   ,  22 903   ,  12 139   ,  11 663   ,  23 802   ,  12 460   ,  12 028   ,  24 488   ,  12 852   ,  12 428   ,  25 280   ,  13 416   ,  12 946   ,  26 362   ,  14 007   ,  13 449   ,  27 456   ,  14 473   ,  13 802   ,  28 275   ,  14 918   ,  14 128   ,  29 046   
,18,  7 279   ,  8 495   ,  15 774   ,  7 535   ,  8 364   ,  15 899   ,  7 952   ,  8 482   ,  16 434   ,  8 569   ,  8 844   ,  17 413   ,  9 079   ,  9 168   ,  18 247   ,  9 542   ,  9 536   ,  19 078   ,  10 095   ,  10 037   ,  20 132   ,  10 512   ,  10 435   ,  20 947   ,  11 191   ,  11 150   ,  22 341   ,  11 721   ,  11 734   ,  23 455   ,  12 168   ,  12 253   ,  24 421   ,  12 473   ,  12 621   ,  25 094   ,  12 866   ,  13 040   ,  25 906   ,  13 430   ,  13 581   ,  27 011   ,  14 024   ,  14 106   ,  28 130   ,  14 489   ,  14 473   ,  28 962   
,19,  6 809   ,  8 419   ,  15 228   ,  7 104   ,  8 447   ,  15 551   ,  7 354   ,  8 317   ,  15 671   ,  7 762   ,  8 434   ,  16 196   ,  8 367   ,  8 794   ,  17 161   ,  8 865   ,  9 115   ,  17 980   ,  9 309   ,  9 472   ,  18 781   ,  9 853   ,  9 970   ,  19 823   ,  10 554   ,  10 673   ,  21 227   ,  10 934   ,  11 086   ,  22 020   ,  11 472   ,  11 687   ,  23 159   ,  11 895   ,  12 188   ,  24 083   ,  12 195   ,  12 554   ,  24 749   ,  12 580   ,  12 969   ,  25 549   ,  13 133   ,  13 506   ,  26 639   ,  13 712   ,  14 025   ,  27 737   
,20,  6 326   ,  8 132   ,  14 458   ,  6 664   ,  8 422   ,  15 086   ,  6 954   ,  8 452   ,  15 406   ,  7 200   ,  8 321   ,  15 521   ,  7 602   ,  8 438   ,  16 040   ,  8 195   ,  8 797   ,  16 992   ,  8 678   ,  9 110   ,  17 788   ,  9 116   ,  9 467   ,  18 583   ,  9 926   ,  10 262   ,  20 188   ,  10 348   ,  10 678   ,  21 026   ,  10 741   ,  11 110   ,  21 851   ,  11 255   ,  11 698   ,  22 953   ,  11 672   ,  12 199   ,  23 871   ,  11 966   ,  12 563   ,  24 529   ,  12 345   ,  12 978   ,  25 323   ,  12 889   ,  13 513   ,  26 402   
,21,  5 853   ,  7 497   ,  13 350   ,  6 120   ,  7 808   ,  13 928   ,  6 450   ,  8 088   ,  14 538   ,  6 731   ,  8 115   ,  14 846   ,  6 971   ,  7 989   ,  14 960   ,  7 360   ,  8 100   ,  15 460   ,  7 931   ,  8 437   ,  16 368   ,  8 402   ,  8 739   ,  17 141   ,  9 082   ,  9 352   ,  18 434   ,  9 623   ,  9 854   ,  19 477   ,  10 051   ,  10 271   ,  20 322   ,  10 420   ,  10 674   ,  21 094   ,  10 921   ,  11 238   ,  22 159   ,  11 327   ,  11 718   ,  23 045   ,  11 613   ,  12 067   ,  23 680   ,  11 982   ,  12 463   ,  24 445   
,22,  5 397   ,  6 901   ,  12 298   ,  5 697   ,  7 365   ,  13 062   ,  5 958   ,  7 671   ,  13 629   ,  6 281   ,  7 947   ,  14 228   ,  6 557   ,  7 973   ,  14 530   ,  6 791   ,  7 848   ,  14 639   ,  7 167   ,  7 950   ,  15 117   ,  7 727   ,  8 282   ,  16 009   ,  8 423   ,  8 832   ,  17 255   ,  8 860   ,  9 186   ,  18 046   ,  9 406   ,  9 696   ,  19 102   ,  9 812   ,  10 094   ,  19 906   ,  10 176   ,  10 490   ,  20 666   ,  10 667   ,  11 044   ,  21 711   ,  11 064   ,  11 515   ,  22 579   ,  11 345   ,  11 856   ,  23 201   
,23,  4 899   ,  6 224   ,  11 123   ,  5 194   ,  6 681   ,  11 875   ,  5 483   ,  7 132   ,  12 615   ,  5 736   ,  7 427   ,  13 163   ,  6 050   ,  7 693   ,  13 743   ,  6 316   ,  7 718   ,  14 034   ,  6 539   ,  7 591   ,  14 130   ,  6 904   ,  7 689   ,  14 593   ,  7 666   ,  8 255   ,  15 921   ,  8 130   ,  8 556   ,  16 686   ,  8 569   ,  8 916   ,  17 485   ,  9 088   ,  9 401   ,  18 489   ,  9 484   ,  9 786   ,  19 270   ,  9 835   ,  10 169   ,  20 004   ,  10 313   ,  10 706   ,  21 019   ,  10 696   ,  11 160   ,  21 856   
,24,  4 703   ,  6 080   ,  10 783   ,  4 885   ,  6 348   ,  11 233   ,  5 181   ,  6 816   ,  11 997   ,  5 472   ,  7 276   ,  12 748   ,  5 728   ,  7 578   ,  13 306   ,  6 043   ,  7 849   ,  13 892   ,  6 306   ,  7 867   ,  14 173   ,  6 529   ,  7 737   ,  14 266   ,  7 099   ,  8 078   ,  15 177   ,  7 665   ,  8 422   ,  16 087   ,  8 148   ,  8 746   ,  16 894   ,  8 578   ,  9 102   ,  17 680   ,  9 100   ,  9 596   ,  18 696   ,  9 497   ,  9 990   ,  19 487   ,  9 852   ,  10 380   ,  20 232   ,  10 332   ,  10 926   ,  21 258   
,25,  4 586   ,  5 939   ,  10 525   ,  4 669   ,  6 089   ,  10 758   ,  4 849   ,  6 360   ,  11 209   ,  5 146   ,  6 828   ,  11 974   ,  5 438   ,  7 291   ,  12 729   ,  5 693   ,  7 593   ,  13 286   ,  6 003   ,  7 857   ,  13 860   ,  6 269   ,  7 877   ,  14 146   ,  6 682   ,  7 982   ,  14 664   ,  7 066   ,  8 093   ,  15 159   ,  7 647   ,  8 454   ,  16 101   ,  8 120   ,  8 768   ,  16 888   ,  8 551   ,  9 126   ,  17 677   ,  9 073   ,  9 621   ,  18 694   ,  9 471   ,  10 015   ,  19 486   ,  9 826   ,  10 404   ,  20 230   
,26,  4 528   ,  5 954   ,  10 482   ,  4 588   ,  6 075   ,  10 663   ,  4 673   ,  6 229   ,  10 902   ,  4 856   ,  6 506   ,  11 362   ,  5 156   ,  6 986   ,  12 142   ,  5 450   ,  7 458   ,  12 908   ,  5 704   ,  7 761   ,  13 465   ,  6 018   ,  8 033   ,  14 051   ,  6 468   ,  8 298   ,  14 766   ,  6 706   ,  8 168   ,  14 874   ,  7 107   ,  8 297   ,  15 404   ,  7 685   ,  8 657   ,  16 342   ,  8 163   ,  8 979   ,  17 142   ,  8 598   ,  9 345   ,  17 943   ,  9 127   ,  9 851   ,  18 978   ,  9 528   ,  10 253   ,  19 781   
,27,  4 418   ,  5 825   ,  10 243   ,  4 430   ,  5 870   ,  10 300   ,  4 490   ,  5 990   ,  10 480   ,  4 575   ,  6 142   ,  10 717   ,  4 755   ,  6 415   ,  11 170   ,  5 052   ,  6 888   ,  11 940   ,  5 339   ,  7 349   ,  12 688   ,  5 589   ,  7 649   ,  13 238   ,  6 071   ,  8 159   ,  14 230   ,  6 347   ,  8 187   ,  14 534   ,  6 595   ,  8 073   ,  14 668   ,  6 982   ,  8 190   ,  15 172   ,  7 553   ,  8 547   ,  16 100   ,  8 026   ,  8 866   ,  16 892   ,  8 455   ,  9 226   ,  17 681   ,  8 978   ,  9 726   ,  18 704   
,28,  4 505   ,  5 889   ,  10 394   ,  4 374   ,  5 774   ,  10 148   ,  4 387   ,  5 819   ,  10 206   ,  4 447   ,  5 938   ,  10 385   ,  4 531   ,  6 091   ,  10 622   ,  4 713   ,  6 363   ,  11 076   ,  5 004   ,  6 826   ,  11 830   ,  5 293   ,  7 284   ,  12 577   ,  5 704   ,  7 812   ,  13 516   ,  6 026   ,  8 094   ,  14 120   ,  6 314   ,  8 136   ,  14 450   ,  6 553   ,  8 016   ,  14 569   ,  6 940   ,  8 132   ,  15 072   ,  7 511   ,  8 486   ,  15 997   ,  7 983   ,  8 802   ,  16 785   ,  8 414   ,  9 160   ,  17 574   
,29,  4 420   ,  5 664   ,  10 084   ,  4 371   ,  5 695   ,  10 066   ,  4 244   ,  5 585   ,  9 829   ,  4 257   ,  5 629   ,  9 886   ,  4 317   ,  5 745   ,  10 062   ,  4 400   ,  5 892   ,  10 292   ,  4 574   ,  6 149   ,  10 723   ,  4 860   ,  6 599   ,  11 459   ,  5 292   ,  7 259   ,  12 551   ,  5 549   ,  7 563   ,  13 112   ,  5 876   ,  7 851   ,  13 727   ,  6 150   ,  7 883   ,  14 033   ,  6 386   ,  7 764   ,  14 150   ,  6 765   ,  7 878   ,  14 643   ,  7 324   ,  8 220   ,  15 544   ,  7 787   ,  8 526   ,  16 313   
,30,  4 244   ,  5 361   ,  9 605   ,  4 305   ,  5 564   ,  9 869   ,  4 259   ,  5 596   ,  9 855   ,  4 134   ,  5 488   ,  9 622   ,  4 147   ,  5 532   ,  9 679   ,  4 206   ,  5 645   ,  9 851   ,  4 284   ,  5 784   ,  10 068   ,  4 457   ,  6 038   ,  10 495   ,  4 878   ,  6 683   ,  11 561   ,  5 167   ,  7 138   ,  12 305   ,  5 430   ,  7 451   ,  12 881   ,  5 744   ,  7 726   ,  13 470   ,  6 015   ,  7 757   ,  13 772   ,  6 246   ,  7 640   ,  13 886   ,  6 619   ,  7 752   ,  14 371   ,  7 168   ,  8 088   ,  15 256   
,31,  4 005   ,  4 868   ,  8 873   ,  4 041   ,  5 057   ,  9 098   ,  4 099   ,  5 251   ,  9 350   ,  4 056   ,  5 281   ,  9 337   ,  3 937   ,  5 179   ,  9 116   ,  3 950   ,  5 219   ,  9 169   ,  4 005   ,  5 321   ,  9 326   ,  4 081   ,  5 455   ,  9 536   ,  4 373   ,  5 872   ,  10 245   ,  4 654   ,  6 310   ,  10 964   ,  4 941   ,  6 752   ,  11 693   ,  5 187   ,  7 040   ,  12 227   ,  5 490   ,  7 301   ,  12 791   ,  5 750   ,  7 329   ,  13 079   ,  5 972   ,  7 219   ,  13 191   ,  6 330   ,  7 323   ,  13 653   
,32,  3 858   ,  4 550   ,  8 408   ,  3 953   ,  4 801   ,  8 754   ,  3 988   ,  4 989   ,  8 977   ,  4 049   ,  5 181   ,  9 230   ,  4 005   ,  5 210   ,  9 215   ,  3 888   ,  5 110   ,  8 998   ,  3 899   ,  5 145   ,  9 044   ,  3 954   ,  5 247   ,  9 201   ,  4 153   ,  5 549   ,  9 702   ,  4 325   ,  5 798   ,  10 123   ,  4 613   ,  6 241   ,  10 854   ,  4 893   ,  6 671   ,  11 564   ,  5 139   ,  6 956   ,  12 095   ,  5 441   ,  7 212   ,  12 653   ,  5 699   ,  7 241   ,  12 940   ,  5 920   ,  7 130   ,  13 050   
,33,  3 458   ,  3 931   ,  7 389   ,  3 659   ,  4 305   ,  7 964   ,  3 751   ,  4 544   ,  8 295   ,  3 786   ,  4 722   ,  8 508   ,  3 843   ,  4 903   ,  8 746   ,  3 802   ,  4 931   ,  8 733   ,  3 688   ,  4 831   ,  8 519   ,  3 699   ,  4 865   ,  8 564   ,  3 869   ,  5 125   ,  8 994   ,  3 947   ,  5 257   ,  9 204   ,  4 120   ,  5 504   ,  9 624   ,  4 391   ,  5 918   ,  10 309   ,  4 657   ,  6 326   ,  10 983   ,  4 892   ,  6 596   ,  11 488   ,  5 182   ,  6 840   ,  12 022   ,  5 429   ,  6 866   ,  12 295   
,34,  3 369   ,  3 777   ,  7 146   ,  3 494   ,  4 032   ,  7 526   ,  3 701   ,  4 417   ,  8 118   ,  3 793   ,  4 664   ,  8 457   ,  3 830   ,  4 846   ,  8 676   ,  3 888   ,  5 032   ,  8 920   ,  3 845   ,  5 058   ,  8 903   ,  3 729   ,  4 955   ,  8 684   ,  3 858   ,  5 154   ,  9 012   ,  3 917   ,  5 261   ,  9 178   ,  4 004   ,  5 408   ,  9 412   ,  4 175   ,  5 655   ,  9 830   ,  4 451   ,  6 081   ,  10 532   ,  4 724   ,  6 500   ,  11 224   ,  4 964   ,  6 777   ,  11 741   ,  5 258   ,  7 027   ,  12 285   
,35,  3 284   ,  3 627   ,  6 911   ,  3 345   ,  3 737   ,  7 082   ,  3 470   ,  3 988   ,  7 458   ,  3 676   ,  4 372   ,  8 048   ,  3 770   ,  4 615   ,  8 385   ,  3 808   ,  4 796   ,  8 604   ,  3 864   ,  4 976   ,  8 840   ,  3 821   ,  5 001   ,  8 822   ,  3 822   ,  5 060   ,  8 882   ,  3 838   ,  5 101   ,  8 939   ,  3 903   ,  5 217   ,  9 120   ,  3 986   ,  5 357   ,  9 343   ,  4 158   ,  5 602   ,  9 760   ,  4 435   ,  6 024   ,  10 459   ,  4 708   ,  6 440   ,  11 148   ,  4 947   ,  6 714   ,  11 661   
,36,  3 224   ,  3 575   ,  6 799   ,  3 339   ,  3 735   ,  7 074   ,  3 403   ,  3 848   ,  7 251   ,  3 532   ,  4 110   ,  7 642   ,  3 744   ,  4 503   ,  8 247   ,  3 840   ,  4 755   ,  8 595   ,  3 876   ,  4 937   ,  8 813   ,  3 935   ,  5 124   ,  9 059   ,  4 013   ,  5 315   ,  9 328   ,  3 894   ,  5 214   ,  9 108   ,  3 918   ,  5 267   ,  9 185   ,  3 980   ,  5 381   ,  9 361   ,  4 064   ,  5 524   ,  9 588   ,  4 241   ,  5 777   ,  10 018   ,  4 526   ,  6 213   ,  10 739   ,  4 805   ,  6 641   ,  11 446   
,37,  3 188   ,  3 534   ,  6 722   ,  3 223   ,  3 592   ,  6 815   ,  3 342   ,  3 753   ,  7 095   ,  3 404   ,  3 868   ,  7 272   ,  3 536   ,  4 131   ,  7 667   ,  3 750   ,  4 528   ,  8 278   ,  3 844   ,  4 777   ,  8 621   ,  3 881   ,  4 960   ,  8 841   ,  4 062   ,  5 314   ,  9 376   ,  4 021   ,  5 345   ,  9 366   ,  3 910   ,  5 253   ,  9 163   ,  3 928   ,  5 301   ,  9 229   ,  3 992   ,  5 414   ,  9 406   ,  4 078   ,  5 560   ,  9 638   ,  4 257   ,  5 815   ,  10 072   ,  4 543   ,  6 252   ,  10 795   
,38,  3 231   ,  3 592   ,  6 823   ,  3 216   ,  3 601   ,  6 817   ,  3 254   ,  3 661   ,  6 915   ,  3 373   ,  3 827   ,  7 200   ,  3 438   ,  3 944   ,  7 382   ,  3 571   ,  4 212   ,  7 783   ,  3 787   ,  4 613   ,  8 400   ,  3 885   ,  4 867   ,  8 752   ,  4 041   ,  5 213   ,  9 254   ,  4 106   ,  5 416   ,  9 522   ,  4 072   ,  5 459   ,  9 531   ,  3 955   ,  5 358   ,  9 313   ,  3 975   ,  5 408   ,  9 383   ,  4 040   ,  5 525   ,  9 565   ,  4 127   ,  5 673   ,  9 800   ,  4 309   ,  5 932   ,  10 241   
,39,  3 081   ,  3 419   ,  6 500   ,  3 146   ,  3 524   ,  6 670   ,  3 132   ,  3 535   ,  6 667   ,  3 169   ,  3 593   ,  6 762   ,  3 288   ,  3 758   ,  7 046   ,  3 352   ,  3 872   ,  7 224   ,  3 481   ,  4 132   ,  7 613   ,  3 693   ,  4 525   ,  8 218   ,  3 903   ,  4 924   ,  8 827   ,  3 943   ,  5 119   ,  9 062   ,  4 016   ,  5 331   ,  9 347   ,  3 978   ,  5 366   ,  9 344   ,  3 864   ,  5 269   ,  9 133   ,  3 884   ,  5 316   ,  9 200   ,  3 948   ,  5 431   ,  9 379   ,  4 034   ,  5 576   ,  9 610   
,40,  2 922   ,  3 205   ,  6 127   ,  3 041   ,  3 379   ,  6 420   ,  3 106   ,  3 484   ,  6 590   ,  3 093   ,  3 495   ,  6 588   ,  3 130   ,  3 553   ,  6 683   ,  3 248   ,  3 714   ,  6 962   ,  3 310   ,  3 824   ,  7 134   ,  3 438   ,  4 081   ,  7 519   ,  3 760   ,  4 611   ,  8 371   ,  3 859   ,  4 871   ,  8 730   ,  3 909   ,  5 073   ,  8 982   ,  3 978   ,  5 276   ,  9 254   ,  3 940   ,  5 312   ,  9 252   ,  3 826   ,  5 214   ,  9 040   ,  3 846   ,  5 261   ,  9 107   ,  3 910   ,  5 374   ,  9 284   
,41,  2 763   ,  3 005   ,  5 768   ,  2 851   ,  3 148   ,  5 999   ,  2 969   ,  3 320   ,  6 289   ,  3 034   ,  3 423   ,  6 457   ,  3 021   ,  3 436   ,  6 457   ,  3 058   ,  3 493   ,  6 551   ,  3 172   ,  3 647   ,  6 819   ,  3 234   ,  3 756   ,  6 990   ,  3 462   ,  4 133   ,  7 595   ,  3 678   ,  4 534   ,  8 212   ,  3 784   ,  4 800   ,  8 584   ,  3 828   ,  4 993   ,  8 821   ,  3 896   ,  5 192   ,  9 088   ,  3 860   ,  5 227   ,  9 087   ,  3 749   ,  5 131   ,  8 880   ,  3 768   ,  5 177   ,  8 945   
,42,  2 572   ,  2 749   ,  5 321   ,  2 710   ,  2 945   ,  5 655   ,  2 796   ,  3 087   ,  5 883   ,  2 914   ,  3 255   ,  6 169   ,  2 978   ,  3 356   ,  6 334   ,  2 967   ,  3 367   ,  6 334   ,  3 001   ,  3 420   ,  6 421   ,  3 114   ,  3 572   ,  6 686   ,  3 273   ,  3 796   ,  7 069   ,  3 405   ,  4 055   ,  7 460   ,  3 624   ,  4 455   ,  8 079   ,  3 725   ,  4 710   ,  8 435   ,  3 769   ,  4 901   ,  8 670   ,  3 835   ,  5 097   ,  8 932   ,  3 800   ,  5 131   ,  8 931   ,  3 690   ,  5 036   ,  8 726   
,43,  2 229   ,  2 277   ,  4 506   ,  2 439   ,  2 557   ,  4 996   ,  2 569   ,  2 740   ,  5 309   ,  2 653   ,  2 872   ,  5 525   ,  2 766   ,  3 028   ,  5 794   ,  2 826   ,  3 123   ,  5 949   ,  2 814   ,  3 129   ,  5 943   ,  2 848   ,  3 178   ,  6 026   ,  3 048   ,  3 428   ,  6 476   ,  3 111   ,  3 535   ,  6 646   ,  3 244   ,  3 784   ,  7 028   ,  3 449   ,  4 153   ,  7 602   ,  3 547   ,  4 390   ,  7 937   ,  3 589   ,  4 568   ,  8 157   ,  3 653   ,  4 750   ,  8 403   ,  3 620   ,  4 782   ,  8 402   
,44,  2 084   ,  2 099   ,  4 183   ,  2 235   ,  2 294   ,  4 529   ,  2 448   ,  2 576   ,  5 024   ,  2 580   ,  2 761   ,  5 341   ,  2 665   ,  2 895   ,  5 560   ,  2 778   ,  3 051   ,  5 829   ,  2 839   ,  3 143   ,  5 982   ,  2 825   ,  3 151   ,  5 976   ,  2 951   ,  3 304   ,  6 255   ,  3 066   ,  3 455   ,  6 521   ,  3 135   ,  3 571   ,  6 706   ,  3 266   ,  3 817   ,  7 083   ,  3 474   ,  4 190   ,  7 664   ,  3 571   ,  4 430   ,  8 001   ,  3 615   ,  4 609   ,  8 224   ,  3 680   ,  4 792   ,  8 472   
,45,  1 950   ,  1 979   ,  3 929   ,  2 029   ,  2 070   ,  4 099   ,  2 176   ,  2 262   ,  4 438   ,  2 385   ,  2 541   ,  4 926   ,  2 514   ,  2 723   ,  5 237   ,  2 598   ,  2 854   ,  5 452   ,  2 708   ,  3 006   ,  5 714   ,  2 767   ,  3 098   ,  5 865   ,  2 842   ,  3 206   ,  6 048   ,  2 880   ,  3 260   ,  6 140   ,  2 999   ,  3 415   ,  6 414   ,  3 063   ,  3 525   ,  6 588   ,  3 191   ,  3 769   ,  6 960   ,  3 396   ,  4 138   ,  7 534   ,  3 492   ,  4 374   ,  7 866   ,  3 536   ,  4 550   ,  8 086   
,46,  1 861   ,  1 889   ,  3 750   ,  1 958   ,  1 991   ,  3 949   ,  2 038   ,  2 082   ,  4 120   ,  2 186   ,  2 275   ,  4 461   ,  2 397   ,  2 556   ,  4 953   ,  2 528   ,  2 740   ,  5 268   ,  2 612   ,  2 869   ,  5 481   ,  2 723   ,  3 023   ,  5 746   ,  2 871   ,  3 215   ,  6 086   ,  2 861   ,  3 227   ,  6 088   ,  2 905   ,  3 288   ,  6 193   ,  3 021   ,  3 440   ,  6 461   ,  3 087   ,  3 550   ,  6 637   ,  3 217   ,  3 796   ,  7 013   ,  3 424   ,  4 167   ,  7 591   ,  3 521   ,  4 405   ,  7 926   
,47,  1 816   ,  1 876   ,  3 692   ,  1 858   ,  1 915   ,  3 773   ,  1 955   ,  2 019   ,  3 974   ,  2 037   ,  2 111   ,  4 148   ,  2 186   ,  2 308   ,  4 494   ,  2 398   ,  2 593   ,  4 991   ,  2 528   ,  2 776   ,  5 304   ,  2 613   ,  2 908   ,  5 521   ,  2 808   ,  3 162   ,  5 970   ,  2 874   ,  3 263   ,  6 137   ,  2 870   ,  3 280   ,  6 150   ,  2 910   ,  3 337   ,  6 247   ,  3 028   ,  3 494   ,  6 522   ,  3 095   ,  3 605   ,  6 700   ,  3 226   ,  3 854   ,  7 080   ,  3 433   ,  4 230   ,  7 663   
,48,  1 899   ,  1 916   ,  3 815   ,  1 916   ,  1 899   ,  3 815   ,  1 962   ,  1 939   ,  3 901   ,  2 066   ,  2 044   ,  4 110   ,  2 152   ,  2 138   ,  4 290   ,  2 312   ,  2 338   ,  4 650   ,  2 535   ,  2 624   ,  5 159   ,  2 673   ,  2 810   ,  5 483   ,  2 846   ,  3 035   ,  5 881   ,  2 971   ,  3 203   ,  6 174   ,  3 045   ,  3 310   ,  6 355   ,  3 039   ,  3 324   ,  6 363   ,  3 084   ,  3 384   ,  6 468   ,  3 208   ,  3 541   ,  6 749   ,  3 279   ,  3 654   ,  6 933   ,  3 418   ,  3 908   ,  7 326   
,49,  1 831   ,  1 845   ,  3 676   ,  1 875   ,  1 863   ,  3 738   ,  1 892   ,  1 847   ,  3 739   ,  1 937   ,  1 887   ,  3 824   ,  2 041   ,  1 989   ,  4 030   ,  2 127   ,  2 081   ,  4 208   ,  2 284   ,  2 272   ,  4 556   ,  2 505   ,  2 550   ,  5 055   ,  2 721   ,  2 818   ,  5 539   ,  2 816   ,  2 955   ,  5 771   ,  2 946   ,  3 124   ,  6 070   ,  3 017   ,  3 225   ,  6 242   ,  3 010   ,  3 239   ,  6 249   ,  3 054   ,  3 296   ,  6 350   ,  3 178   ,  3 449   ,  6 627   ,  3 249   ,  3 559   ,  6 808   
,50,  1 788   ,  1 771   ,  3 559   ,  1 831   ,  1 823   ,  3 654   ,  1 874   ,  1 841   ,  3 715   ,  1 892   ,  1 825   ,  3 717   ,  1 939   ,  1 863   ,  3 802   ,  2 043   ,  1 966   ,  4 009   ,  2 128   ,  2 054   ,  4 182   ,  2 286   ,  2 243   ,  4 529   ,  2 582   ,  2 599   ,  5 181   ,  2 727   ,  2 787   ,  5 514   ,  2 828   ,  2 928   ,  5 756   ,  2 956   ,  3 091   ,  6 047   ,  3 027   ,  3 191   ,  6 218   ,  3 022   ,  3 205   ,  6 227   ,  3 067   ,  3 262   ,  6 329   ,  3 191   ,  3 413   ,  6 604   
,51,  1 748   ,  1 703   ,  3 451   ,  1 771   ,  1 739   ,  3 510   ,  1 813   ,  1 792   ,  3 605   ,  1 858   ,  1 810   ,  3 668   ,  1 876   ,  1 794   ,  3 670   ,  1 922   ,  1 833   ,  3 755   ,  2 024   ,  1 930   ,  3 954   ,  2 109   ,  2 016   ,  4 125   ,  2 332   ,  2 274   ,  4 606   ,  2 564   ,  2 557   ,  5 121   ,  2 714   ,  2 746   ,  5 460   ,  2 811   ,  2 882   ,  5 693   ,  2 938   ,  3 042   ,  5 980   ,  3 009   ,  3 142   ,  6 151   ,  3 004   ,  3 154   ,  6 158   ,  3 048   ,  3 210   ,  6 258   
,52,  1 688   ,  1 614   ,  3 302   ,  1 730   ,  1 671   ,  3 401   ,  1 752   ,  1 707   ,  3 459   ,  1 794   ,  1 758   ,  3 552   ,  1 839   ,  1 776   ,  3 615   ,  1 857   ,  1 760   ,  3 617   ,  1 901   ,  1 796   ,  3 697   ,  2 004   ,  1 892   ,  3 896   ,  2 151   ,  2 041   ,  4 192   ,  2 313   ,  2 233   ,  4 546   ,  2 547   ,  2 514   ,  5 061   ,  2 693   ,  2 698   ,  5 391   ,  2 789   ,  2 831   ,  5 620   ,  2 916   ,  2 989   ,  5 905   ,  2 989   ,  3 085   ,  6 074   ,  2 983   ,  3 098   ,  6 081   
,53,  1 329   ,  1 226   ,  2 555   ,  1 458   ,  1 377   ,  2 835   ,  1 494   ,  1 427   ,  2 921   ,  1 515   ,  1 458   ,  2 973   ,  1 551   ,  1 501   ,  3 052   ,  1 591   ,  1 515   ,  3 106   ,  1 605   ,  1 501   ,  3 106   ,  1 645   ,  1 531   ,  3 176   ,  1 785   ,  1 668   ,  3 453   ,  1 862   ,  1 744   ,  3 606   ,  2 009   ,  1 911   ,  3 920   ,  2 209   ,  2 150   ,  4 359   ,  2 337   ,  2 308   ,  4 645   ,  2 421   ,  2 421   ,  4 842   ,  2 531   ,  2 556   ,  5 087   ,  2 595   ,  2 638   ,  5 233   
,54,  1 270   ,  1 132   ,  2 402   ,  1 363   ,  1 247   ,  2 610   ,  1 498   ,  1 399   ,  2 897   ,  1 536   ,  1 450   ,  2 986   ,  1 556   ,  1 481   ,  3 037   ,  1 594   ,  1 525   ,  3 119   ,  1 634   ,  1 539   ,  3 173   ,  1 649   ,  1 524   ,  3 173   ,  1 741   ,  1 607   ,  3 348   ,  1 836   ,  1 696   ,  3 532   ,  1 921   ,  1 778   ,  3 699   ,  2 069   ,  1 945   ,  4 014   ,  2 276   ,  2 188   ,  4 464   ,  2 407   ,  2 348   ,  4 755   ,  2 495   ,  2 464   ,  4 959   ,  2 610   ,  2 600   ,  5 210   
,55,  1 230   ,  1 077   ,  2 307   ,  1 245   ,  1 098   ,  2 343   ,  1 338   ,  1 208   ,  2 546   ,  1 470   ,  1 356   ,  2 826   ,  1 508   ,  1 405   ,  2 913   ,  1 528   ,  1 436   ,  2 964   ,  1 565   ,  1 478   ,  3 043   ,  1 604   ,  1 491   ,  3 095   ,  1 668   ,  1 526   ,  3 194   ,  1 710   ,  1 559   ,  3 269   ,  1 810   ,  1 648   ,  3 458   ,  1 889   ,  1 725   ,  3 614   ,  2 035   ,  1 888   ,  3 923   ,  2 241   ,  2 123   ,  4 364   ,  2 371   ,  2 278   ,  4 649   ,  2 458   ,  2 390   ,  4 848   
,56,  1 137   ,  1 016   ,  2 153   ,  1 184   ,  1 057   ,  2 241   ,  1 200   ,  1 078   ,  2 278   ,  1 290   ,  1 187   ,  2 477   ,  1 418   ,  1 333   ,  2 751   ,  1 453   ,  1 381   ,  2 834   ,  1 472   ,  1 409   ,  2 881   ,  1 509   ,  1 449   ,  2 958   ,  1 593   ,  1 511   ,  3 104   ,  1 610   ,  1 499   ,  3 109   ,  1 655   ,  1 534   ,  3 189   ,  1 749   ,  1 620   ,  3 369   ,  1 827   ,  1 696   ,  3 523   ,  1 968   ,  1 856   ,  3 824   ,  2 167   ,  2 088   ,  4 255   ,  2 294   ,  2 240   ,  4 534   
,57,  1 123   ,  995   ,  2 118   ,  1 144   ,  1 009   ,  2 153   ,  1 191   ,  1 050   ,  2 241   ,  1 208   ,  1 069   ,  2 277   ,  1 298   ,  1 178   ,  2 476   ,  1 428   ,  1 324   ,  2 752   ,  1 464   ,  1 370   ,  2 834   ,  1 483   ,  1 398   ,  2 881   ,  1 566   ,  1 487   ,  3 053   ,  1 607   ,  1 502   ,  3 109   ,  1 628   ,  1 493   ,  3 121   ,  1 671   ,  1 525   ,  3 196   ,  1 765   ,  1 611   ,  3 376   ,  1 845   ,  1 686   ,  3 531   ,  1 989   ,  1 846   ,  3 835   ,  2 189   ,  2 076   ,  4 265   
,58,  1 268   ,  1 169   ,  2 437   ,  1 224   ,  1 100   ,  2 324   ,  1 248   ,  1 115   ,  2 363   ,  1 301   ,  1 162   ,  2 463   ,  1 319   ,  1 183   ,  2 502   ,  1 418   ,  1 303   ,  2 721   ,  1 558   ,  1 462   ,  3 020   ,  1 598   ,  1 513   ,  3 111   ,  1 667   ,  1 596   ,  3 263   ,  1 711   ,  1 645   ,  3 356   ,  1 759   ,  1 665   ,  3 424   ,  1 779   ,  1 653   ,  3 432   ,  1 827   ,  1 689   ,  3 516   ,  1 931   ,  1 784   ,  3 715   ,  2 018   ,  1 868   ,  3 886   ,  2 176   ,  2 044   ,  4 220   
,59,  1 199   ,  1 144   ,  2 343   ,  1 195   ,  1 123   ,  2 318   ,  1 153   ,  1 056   ,  2 209   ,  1 175   ,  1 071   ,  2 246   ,  1 226   ,  1 116   ,  2 342   ,  1 243   ,  1 137   ,  2 380   ,  1 336   ,  1 251   ,  2 587   ,  1 470   ,  1 404   ,  2 874   ,  1 551   ,  1 502   ,  3 053   ,  1 573   ,  1 535   ,  3 108   ,  1 618   ,  1 585   ,  3 203   ,  1 663   ,  1 603   ,  3 266   ,  1 682   ,  1 591   ,  3 273   ,  1 728   ,  1 627   ,  3 355   ,  1 825   ,  1 717   ,  3 542   ,  1 908   ,  1 797   ,  3 705   
,60,  1 118   ,  1 075   ,  2 193   ,  1 171   ,  1 135   ,  2 306   ,  1 169   ,  1 113   ,  2 282   ,  1 128   ,  1 047   ,  2 175   ,  1 151   ,  1 061   ,  2 212   ,  1 200   ,  1 106   ,  2 306   ,  1 216   ,  1 127   ,  2 343   ,  1 308   ,  1 239   ,  2 547   ,  1 481   ,  1 438   ,  2 919   ,  1 521   ,  1 490   ,  3 011   ,  1 546   ,  1 527   ,  3 073   ,  1 588   ,  1 574   ,  3 162   ,  1 631   ,  1 592   ,  3 223   ,  1 651   ,  1 580   ,  3 231   ,  1 696   ,  1 615   ,  3 311   ,  1 794   ,  1 706   ,  3 500   
,61,  1 103   ,  1 045   ,  2 148   ,  1 112   ,  1 068   ,  2 180   ,  1 164   ,  1 127   ,  2 291   ,  1 162   ,  1 105   ,  2 267   ,  1 122   ,  1 040   ,  2 162   ,  1 145   ,  1 054   ,  2 199   ,  1 194   ,  1 097   ,  2 291   ,  1 210   ,  1 117   ,  2 327   ,  1 339   ,  1 271   ,  2 610   ,  1 476   ,  1 430   ,  2 906   ,  1 519   ,  1 485   ,  3 004   ,  1 543   ,  1 519   ,  3 062   ,  1 584   ,  1 566   ,  3 150   ,  1 628   ,  1 585   ,  3 213   ,  1 648   ,  1 572   ,  3 220   ,  1 693   ,  1 608   ,  3 301   
,62,  1 023   ,  981   ,  2 004   ,  1 054   ,  1 036   ,  2 090   ,  1 062   ,  1 058   ,  2 120   ,  1 115   ,  1 116   ,  2 231   ,  1 112   ,  1 096   ,  2 208   ,  1 074   ,  1 031   ,  2 105   ,  1 094   ,  1 044   ,  2 138   ,  1 142   ,  1 087   ,  2 229   ,  1 192   ,  1 144   ,  2 336   ,  1 283   ,  1 261   ,  2 544   ,  1 417   ,  1 420   ,  2 837   ,  1 456   ,  1 473   ,  2 929   ,  1 479   ,  1 507   ,  2 986   ,  1 520   ,  1 554   ,  3 074   ,  1 563   ,  1 573   ,  3 136   ,  1 581   ,  1 561   ,  3 142   
,63,  794   ,  716   ,  1 510   ,  888   ,  837   ,  1 725   ,  915   ,  884   ,  1 799   ,  922   ,  904   ,  1 826   ,  967   ,  953   ,  1 920   ,  966   ,  935   ,  1 901   ,  931   ,  879   ,  1 810   ,  951   ,  891   ,  1 842   ,  1 022   ,  960   ,  1 982   ,  1 036   ,  980   ,  2 016   ,  1 119   ,  1 082   ,  2 201   ,  1 234   ,  1 217   ,  2 451   ,  1 269   ,  1 263   ,  2 532   ,  1 289   ,  1 291   ,  2 580   ,  1 326   ,  1 332   ,  2 658   ,  1 363   ,  1 347   ,  2 710   
,64,  711   ,  615   ,  1 326   ,  774   ,  703   ,  1 477   ,  864   ,  823   ,  1 687   ,  892   ,  868   ,  1 760   ,  900   ,  887   ,  1 787   ,  943   ,  937   ,  1 880   ,  942   ,  918   ,  1 860   ,  908   ,  864   ,  1 772   ,  954   ,  905   ,  1 859   ,  998   ,  944   ,  1 942   ,  1 014   ,  964   ,  1 978   ,  1 094   ,  1 064   ,  2 158   ,  1 207   ,  1 197   ,  2 404   ,  1 241   ,  1 242   ,  2 483   ,  1 262   ,  1 270   ,  2 532   ,  1 297   ,  1 310   ,  2 607   
,65,  677   ,  579   ,  1 256   ,  687   ,  599   ,  1 286   ,  748   ,  684   ,  1 432   ,  836   ,  800   ,  1 636   ,  864   ,  846   ,  1 710   ,  870   ,  864   ,  1 734   ,  913   ,  911   ,  1 824   ,  911   ,  894   ,  1 805   ,  905   ,  870   ,  1 775   ,  925   ,  883   ,  1 808   ,  969   ,  921   ,  1 890   ,  984   ,  940   ,  1 924   ,  1 061   ,  1 038   ,  2 099   ,  1 171   ,  1 167   ,  2 338   ,  1 205   ,  1 212   ,  2 417   ,  1 225   ,  1 239   ,  2 464   
,66,  620   ,  539   ,  1 159   ,  650   ,  572   ,  1 222   ,  660   ,  593   ,  1 253   ,  717   ,  676   ,  1 393   ,  803   ,  792   ,  1 595   ,  829   ,  836   ,  1 665   ,  836   ,  854   ,  1 690   ,  877   ,  900   ,  1 777   ,  902   ,  913   ,  1 815   ,  871   ,  860   ,  1 731   ,  892   ,  875   ,  1 767   ,  933   ,  913   ,  1 846   ,  948   ,  932   ,  1 880   ,  1 023   ,  1 028   ,  2 051   ,  1 129   ,  1 157   ,  2 286   ,  1 162   ,  1 201   ,  2 363   
,67,  601   ,  519   ,  1 120   ,  617   ,  534   ,  1 151   ,  647   ,  566   ,  1 213   ,  658   ,  586   ,  1 244   ,  717   ,  668   ,  1 385   ,  802   ,  783   ,  1 585   ,  827   ,  826   ,  1 653   ,  835   ,  844   ,  1 679   ,  902   ,  921   ,  1 823   ,  902   ,  905   ,  1 807   ,  873   ,  854   ,  1 727   ,  893   ,  868   ,  1 761   ,  934   ,  906   ,  1 840   ,  949   ,  924   ,  1 873   ,  1 024   ,  1 021   ,  2 045   ,  1 132   ,  1 148   ,  2 280   
,68,  656   ,  603   ,  1 259   ,  629   ,  557   ,  1 186   ,  645   ,  573   ,  1 218   ,  676   ,  607   ,  1 283   ,  688   ,  628   ,  1 316   ,  750   ,  718   ,  1 468   ,  839   ,  840   ,  1 679   ,  866   ,  887   ,  1 753   ,  899   ,  938   ,  1 837   ,  945   ,  991   ,  1 936   ,  946   ,  974   ,  1 920   ,  915   ,  919   ,  1 834   ,  937   ,  935   ,  1 872   ,  979   ,  974   ,  1 953   ,  997   ,  996   ,  1 993   ,  1 076   ,  1 098   ,  2 174   
,69,  651   ,  626   ,  1 277   ,  638   ,  595   ,  1 233   ,  610   ,  550   ,  1 160   ,  627   ,  564   ,  1 191   ,  658   ,  599   ,  1 257   ,  668   ,  620   ,  1 288   ,  729   ,  708   ,  1 437   ,  815   ,  828   ,  1 643   ,  868   ,  905   ,  1 773   ,  876   ,  927   ,  1 803   ,  922   ,  980   ,  1 902   ,  923   ,  964   ,  1 887   ,  893   ,  910   ,  1 803   ,  915   ,  924   ,  1 839   ,  957   ,  965   ,  1 922   ,  973   ,  985   ,  1 958   
,70,  607   ,  603   ,  1 210   ,  615   ,  611   ,  1 226   ,  602   ,  581   ,  1 183   ,  576   ,  537   ,  1 113   ,  592   ,  552   ,  1 144   ,  623   ,  586   ,  1 209   ,  631   ,  606   ,  1 237   ,  688   ,  692   ,  1 380   ,  794   ,  840   ,  1 634   ,  822   ,  886   ,  1 708   ,  832   ,  910   ,  1 742   ,  876   ,  962   ,  1 838   ,  877   ,  947   ,  1 824   ,  848   ,  893   ,  1 741   ,  868   ,  908   ,  1 776   ,  908   ,  947   ,  1 855   
,71,  585   ,  582   ,  1 167   ,  585   ,  586   ,  1 171   ,  593   ,  594   ,  1 187   ,  582   ,  566   ,  1 148   ,  557   ,  523   ,  1 080   ,  572   ,  538   ,  1 110   ,  600   ,  569   ,  1 169   ,  611   ,  589   ,  1 200   ,  687   ,  697   ,  1 384   ,  770   ,  817   ,  1 587   ,  799   ,  867   ,  1 666   ,  807   ,  888   ,  1 695   ,  849   ,  939   ,  1 788   ,  850   ,  924   ,  1 774   ,  823   ,  871   ,  1 694   ,  844   ,  887   ,  1 731   
,72,  547   ,  548   ,  1 095   ,  558   ,  563   ,  1 121   ,  558   ,  568   ,  1 126   ,  567   ,  576   ,  1 143   ,  556   ,  548   ,  1 104   ,  532   ,  507   ,  1 039   ,  547   ,  520   ,  1 067   ,  575   ,  551   ,  1 126   ,  603   ,  592   ,  1 195   ,  658   ,  677   ,  1 335   ,  739   ,  795   ,  1 534   ,  766   ,  841   ,  1 607   ,  775   ,  863   ,  1 638   ,  816   ,  912   ,  1 728   ,  817   ,  899   ,  1 716   ,  791   ,  848   ,  1 639   
,73,  407   ,  382   ,  789   ,  455   ,  450   ,  905   ,  464   ,  462   ,  926   ,  466   ,  466   ,  932   ,  471   ,  472   ,  943   ,  463   ,  449   ,  912   ,  443   ,  415   ,  858   ,  456   ,  427   ,  883   ,  494   ,  469   ,  963   ,  503   ,  487   ,  990   ,  550   ,  557   ,  1 107   ,  619   ,  655   ,  1 274   ,  641   ,  693   ,  1 334   ,  649   ,  711   ,  1 360   ,  684   ,  753   ,  1 437   ,  685   ,  741   ,  1 426   
,74,  354   ,  317   ,  671   ,  396   ,  373   ,  769   ,  443   ,  441   ,  884   ,  452   ,  453   ,  905   ,  453   ,  458   ,  911   ,  460   ,  463   ,  923   ,  451   ,  440   ,  891   ,  432   ,  408   ,  840   ,  458   ,  434   ,  892   ,  482   ,  461   ,  943   ,  493   ,  480   ,  973   ,  538   ,  549   ,  1 087   ,  605   ,  644   ,  1 249   ,  627   ,  683   ,  1 310   ,  635   ,  700   ,  1 335   ,  669   ,  742   ,  1 411   
,75,  332   ,  293   ,  625   ,  342   ,  299   ,  641   ,  381   ,  354   ,  735   ,  427   ,  418   ,  845   ,  436   ,  430   ,  866   ,  437   ,  434   ,  871   ,  444   ,  440   ,  884   ,  435   ,  417   ,  852   ,  429   ,  401   ,  830   ,  443   ,  412   ,  855   ,  468   ,  439   ,  907   ,  477   ,  456   ,  933   ,  521   ,  523   ,  1 044   ,  586   ,  614   ,  1 200   ,  608   ,  650   ,  1 258   ,  616   ,  667   ,  1 283   
,76,  302   ,  268   ,  570   ,  312   ,  275   ,  587   ,  323   ,  281   ,  604   ,  359   ,  333   ,  692   ,  403   ,  393   ,  796   ,  412   ,  404   ,  816   ,  413   ,  407   ,  820   ,  419   ,  413   ,  832   ,  423   ,  408   ,  831   ,  407   ,  378   ,  785   ,  420   ,  389   ,  809   ,  442   ,  415   ,  857   ,  451   ,  431   ,  882   ,  494   ,  494   ,  988   ,  557   ,  581   ,  1 138   ,  578   ,  616   ,  1 194   
,77,  284   ,  261   ,  545   ,  284   ,  259   ,  543   ,  295   ,  266   ,  561   ,  303   ,  272   ,  575   ,  338   ,  323   ,  661   ,  381   ,  381   ,  762   ,  388   ,  392   ,  780   ,  390   ,  395   ,  785   ,  408   ,  414   ,  822   ,  401   ,  396   ,  797   ,  386   ,  367   ,  753   ,  398   ,  378   ,  776   ,  420   ,  403   ,  823   ,  429   ,  419   ,  848   ,  470   ,  481   ,  951   ,  530   ,  566   ,  1 096   
,78,  293   ,  303   ,  596   ,  284   ,  280   ,  564   ,  284   ,  277   ,  561   ,  293   ,  286   ,  579   ,  304   ,  291   ,  595   ,  340   ,  346   ,  686   ,  380   ,  408   ,  788   ,  389   ,  419   ,  808   ,  402   ,  439   ,  841   ,  409   ,  447   ,  856   ,  404   ,  427   ,  831   ,  388   ,  396   ,  784   ,  401   ,  408   ,  809   ,  423   ,  434   ,  857   ,  432   ,  452   ,  884   ,  473   ,  518   ,  991   
,79,  267   ,  299   ,  566   ,  262   ,  278   ,  540   ,  254   ,  257   ,  511   ,  254   ,  255   ,  509   ,  263   ,  262   ,  525   ,  271   ,  270   ,  541   ,  304   ,  318   ,  622   ,  341   ,  376   ,  717   ,  359   ,  401   ,  760   ,  361   ,  405   ,  766   ,  369   ,  413   ,  782   ,  363   ,  395   ,  758   ,  349   ,  366   ,  715   ,  361   ,  378   ,  739   ,  381   ,  402   ,  783   ,  389   ,  419   ,  808   
,80+,  2 179   ,  2 519   ,  4 698   ,  2 118   ,  2 454   ,  4 572   ,  2 064   ,  2 379   ,  4 443   ,  2 010   ,  2 297   ,  4 307   ,  1 964   ,  2 225   ,  4 189   ,  1 940   ,  2 171   ,  4 111   ,  1 928   ,  2 132   ,  4 060   ,  1 953   ,  2 149   ,  4 102   ,  2 081   ,  2 312   ,  4 393   ,  2 147   ,  2 393   ,  4 540   ,  2 210   ,  2 479   ,  4 689   ,  2 273   ,  2 555   ,  4 828   ,  2 320   ,  2 599   ,  4 919   ,  2 346   ,  2 611   ,  4 957   ,  2 382   ,  2 636   ,  5 018   ,  2 436   ,  2 685   ,  5 121   
,Total,  379 604   ,  393 714   ,  773 318   ,  391 891   ,  405 979   ,  797 870   ,  404 308   ,  418 373   ,  822 681   ,  416 850   ,  430 872   ,  847 722   ,  429 476   ,  443 461   ,  872 937   ,  442 196   ,  456 149   ,  898 345   ,  454 637   ,  468 511   ,  923 148   ,  467 148   ,  480 933   ,  948 081   ,  493 219   ,  507 865   ,  1 001 084   ,  506 486   ,  521 081   ,  1 027 567   ,  520 591   ,  535 123   ,  1 055 714   ,  534 184   ,  548 644   ,  1 082 828   ,  548 032   ,  562 390   ,  1 110 422   ,  562 121   ,  576 365   ,  1 138 486   ,  576 453   ,  590 579   ,  1 167 032   ,  591 008   ,  605 003   ,  1 196 011   