"indicateur","décès","Unit","Date","Value"
"Evolution des cas et des décès des maladies épidémiques","Cas de méningite","Nombre","2014","3633"
"Evolution des cas et des décès des maladies épidémiques","Cas de méningite","Nombre","2015","1590"
"Evolution des cas et des décès des maladies épidémiques","Cas de méningite","Nombre","2016","2761"
"Evolution des cas et des décès des maladies épidémiques","Cas de méningite","Nombre","2017","2707"
"Evolution des cas et des décès des maladies épidémiques","Cas de méningite","Nombre","2018","2514"
"Evolution des cas et des décès des maladies épidémiques","Cas de méningite","Nombre","2019","1865"
"Evolution des cas et des décès des maladies épidémiques","Cas de méningite","Nombre","2020","1845"
"Evolution des cas et des décès des maladies épidémiques","Cas de méningite","Nombre","2021","1920"
"Evolution des cas et des décès des maladies épidémiques","Cas de méningite","Nombre","2022","2071"
"Evolution des cas et des décès des maladies épidémiques","Cas de méningite","Nombre","2023","1971"
"Evolution des cas et des décès des maladies épidémiques","Cas de méningite","Nombre","2024","1984"
"Evolution des cas et des décès des maladies épidémiques","Décès de méningite","Nombre","2014","397"
"Evolution des cas et des décès des maladies épidémiques","Décès de méningite","Nombre","2015","299"
"Evolution des cas et des décès des maladies épidémiques","Décès de méningite","Nombre","2016","290"
"Evolution des cas et des décès des maladies épidémiques","Décès de méningite","Nombre","2017","209"
"Evolution des cas et des décès des maladies épidémiques","Décès de méningite","Nombre","2018","171"
"Evolution des cas et des décès des maladies épidémiques","Décès de méningite","Nombre","2019","130"
"Evolution des cas et des décès des maladies épidémiques","Décès de méningite","Nombre","2020","126"
"Evolution des cas et des décès des maladies épidémiques","Décès de méningite","Nombre","2021","104"
"Evolution des cas et des décès des maladies épidémiques","Décès de méningite","Nombre","2022","81"
"Evolution des cas et des décès des maladies épidémiques","Décès de méningite","Nombre","2023","75"
"Evolution des cas et des décès des maladies épidémiques","Décès de méningite","Nombre","2024","64"
"Evolution des cas et des décès des maladies épidémiques","Cas de choléra","Nombre","2014","0"
"Evolution des cas et des décès des maladies épidémiques","Cas de choléra","Nombre","2015","0"
"Evolution des cas et des décès des maladies épidémiques","Cas de choléra","Nombre","2016","0"
"Evolution des cas et des décès des maladies épidémiques","Cas de choléra","Nombre","2017","0"
"Evolution des cas et des décès des maladies épidémiques","Cas de choléra","Nombre","2018","0"
"Evolution des cas et des décès des maladies épidémiques","Cas de choléra","Nombre","2019","0"
"Evolution des cas et des décès des maladies épidémiques","Cas de choléra","Nombre","2020","0"
"Evolution des cas et des décès des maladies épidémiques","Cas de choléra","Nombre","2021","2"
"Evolution des cas et des décès des maladies épidémiques","Cas de choléra","Nombre","2022","4"
"Evolution des cas et des décès des maladies épidémiques","Cas de choléra","Nombre","2023","0"
"Evolution des cas et des décès des maladies épidémiques","Cas de choléra","Nombre","2024","0"
"Evolution des cas et des décès des maladies épidémiques","Décès de choléra","Nombre","2014","0"
"Evolution des cas et des décès des maladies épidémiques","Décès de choléra","Nombre","2015","0"
"Evolution des cas et des décès des maladies épidémiques","Décès de choléra","Nombre","2016","0"
"Evolution des cas et des décès des maladies épidémiques","Décès de choléra","Nombre","2017","0"
"Evolution des cas et des décès des maladies épidémiques","Décès de choléra","Nombre","2018","0"
"Evolution des cas et des décès des maladies épidémiques","Décès de choléra","Nombre","2019","0"
"Evolution des cas et des décès des maladies épidémiques","Décès de choléra","Nombre","2020","0"
"Evolution des cas et des décès des maladies épidémiques","Décès de choléra","Nombre","2021","0"
"Evolution des cas et des décès des maladies épidémiques","Décès de choléra","Nombre","2022","0"
"Evolution des cas et des décès des maladies épidémiques","Décès de choléra","Nombre","2023","0"
"Evolution des cas et des décès des maladies épidémiques","Décès de choléra","Nombre","2024","0"
"Evolution des cas et des décès des maladies épidémiques","Nouveaux cas de tuberculose","Nombre","2014","5150"
"Evolution des cas et des décès des maladies épidémiques","Nouveaux cas de tuberculose","Nombre","2015","5594"
"Evolution des cas et des décès des maladies épidémiques","Nouveaux cas de tuberculose","Nombre","2016","3551"
"Evolution des cas et des décès des maladies épidémiques","Nouveaux cas de tuberculose","Nombre","2017","5665"
"Evolution des cas et des décès des maladies épidémiques","Nouveaux cas de tuberculose","Nombre","2018","5971"
"Evolution des cas et des décès des maladies épidémiques","Nouveaux cas de tuberculose","Nombre","2020","5934"
"Evolution des cas et des décès des maladies épidémiques","Nouveaux cas de tuberculose","Nombre","2022","6936"
"Evolution des cas et des décès des maladies épidémiques","Nouveaux cas de tuberculose","Nombre","2023","7472"
"Evolution des cas et des décès des maladies épidémiques","Décès de tuberculose","Nombre","2014","318"
"Evolution des cas et des décès des maladies épidémiques","Décès de tuberculose","Nombre","2015","330"
"Evolution des cas et des décès des maladies épidémiques","Décès de tuberculose","Nombre","2016","396"
"Evolution des cas et des décès des maladies épidémiques","Décès de tuberculose","Nombre","2017","566"
"Evolution des cas et des décès des maladies épidémiques","Décès de tuberculose","Nombre","2018","586"
"Evolution des cas et des décès des maladies épidémiques","Décès de tuberculose","Nombre","2022","524"
"Evolution des cas et des décès des maladies épidémiques","Décès de tuberculose","Nombre","2023","492"
"Evolution des cas et des décès des maladies épidémiques","Cas de dengue","Nombre","2017","15074"
"Evolution des cas et des décès des maladies épidémiques","Cas de dengue","Nombre","2018","4356"
"Evolution des cas et des décès des maladies épidémiques","Cas de dengue","Nombre","2019","8568"
"Evolution des cas et des décès des maladies épidémiques","Cas de dengue","Nombre","2020","4824"
"Evolution des cas et des décès des maladies épidémiques","Cas de dengue","Nombre","2021","8343"
"Evolution des cas et des décès des maladies épidémiques","Cas de dengue","Nombre","2022","13660"
"Evolution des cas et des décès des maladies épidémiques","Cas de dengue","Nombre","2023","160751"
"Evolution des cas et des décès des maladies épidémiques","Cas de dengue","Nombre","2024","83869"
"Evolution des cas et des décès des maladies épidémiques","Décès de dengue","Nombre","2017","36"
"Evolution des cas et des décès des maladies épidémiques","Décès de dengue","Nombre","2018","26"
"Evolution des cas et des décès des maladies épidémiques","Décès de dengue","Nombre","2019","12"
"Evolution des cas et des décès des maladies épidémiques","Décès de dengue","Nombre","2020","4"
"Evolution des cas et des décès des maladies épidémiques","Décès de dengue","Nombre","2021","20"
"Evolution des cas et des décès des maladies épidémiques","Décès de dengue","Nombre","2022","17"
"Evolution des cas et des décès des maladies épidémiques","Décès de dengue","Nombre","2023","724"
"Evolution des cas et des décès des maladies épidémiques","Décès de dengue","Nombre","2024","99"
"Evolution des cas et des décès des maladies épidémiques","Cas de diarrhée sanguinolente","Nombre","2014","891"
"Evolution des cas et des décès des maladies épidémiques","Cas de diarrhée sanguinolente","Nombre","2015","648"
"Evolution des cas et des décès des maladies épidémiques","Cas de diarrhée sanguinolente","Nombre","2016","198"
"Evolution des cas et des décès des maladies épidémiques","Cas de diarrhée sanguinolente","Nombre","2017","263"
"Evolution des cas et des décès des maladies épidémiques","Cas de diarrhée sanguinolente","Nombre","2018","914"
"Evolution des cas et des décès des maladies épidémiques","Cas de diarrhée sanguinolente","Nombre","2019","118"
"Evolution des cas et des décès des maladies épidémiques","Cas de diarrhée sanguinolente","Nombre","2020","134"
"Evolution des cas et des décès des maladies épidémiques","Cas de diarrhée sanguinolente","Nombre","2021","267"
"Evolution des cas et des décès des maladies épidémiques","Cas de diarrhée sanguinolente","Nombre","2022","270"
"Evolution des cas et des décès des maladies épidémiques","Cas de diarrhée sanguinolente","Nombre","2023","280"
"Evolution des cas et des décès des maladies épidémiques","Cas de diarrhée sanguinolente","Nombre","2024","393"
"Evolution des cas et des décès des maladies épidémiques","Décès de diarrhée sanguinolente","Nombre","2014","0"
"Evolution des cas et des décès des maladies épidémiques","Décès de diarrhée sanguinolente","Nombre","2015","3"
"Evolution des cas et des décès des maladies épidémiques","Décès de diarrhée sanguinolente","Nombre","2016","0"
"Evolution des cas et des décès des maladies épidémiques","Décès de diarrhée sanguinolente","Nombre","2017","0"
"Evolution des cas et des décès des maladies épidémiques","Décès de diarrhée sanguinolente","Nombre","2018","40"
"Evolution des cas et des décès des maladies épidémiques","Décès de diarrhée sanguinolente","Nombre","2019","1"
"Evolution des cas et des décès des maladies épidémiques","Décès de diarrhée sanguinolente","Nombre","2020","1"
"Evolution des cas et des décès des maladies épidémiques","Décès de diarrhée sanguinolente","Nombre","2021","0"
"Evolution des cas et des décès des maladies épidémiques","Décès de diarrhée sanguinolente","Nombre","2022","0"
"Evolution des cas et des décès des maladies épidémiques","Décès de diarrhée sanguinolente","Nombre","2023","1"
"Evolution des cas et des décès des maladies épidémiques","Décès de diarrhée sanguinolente","Nombre","2024","1"
"Evolution des cas et des décès des maladies épidémiques","Cas d'ictère fébrile","Nombre","2014","1040"
"Evolution des cas et des décès des maladies épidémiques","Cas d'ictère fébrile","Nombre","2015","726"
"Evolution des cas et des décès des maladies épidémiques","Cas d'ictère fébrile","Nombre","2016","912"
"Evolution des cas et des décès des maladies épidémiques","Cas d'ictère fébrile","Nombre","2017","1222"
"Evolution des cas et des décès des maladies épidémiques","Cas d'ictère fébrile","Nombre","2018","1096"
"Evolution des cas et des décès des maladies épidémiques","Cas d'ictère fébrile","Nombre","2019","318"
"Evolution des cas et des décès des maladies épidémiques","Cas d'ictère fébrile","Nombre","2020","1224"
"Evolution des cas et des décès des maladies épidémiques","Cas d'ictère fébrile","Nombre","2021","1006"
"Evolution des cas et des décès des maladies épidémiques","Cas d'ictère fébrile","Nombre","2022","897"
"Evolution des cas et des décès des maladies épidémiques","Cas d'ictère fébrile","Nombre","2023","851"
"Evolution des cas et des décès des maladies épidémiques","Cas d'ictère fébrile","Nombre","2024","1602"
"Evolution des cas et des décès des maladies épidémiques","Décès d'ictère fébrile","Nombre","2014","33"
"Evolution des cas et des décès des maladies épidémiques","Décès d'ictère fébrile","Nombre","2015","26"
"Evolution des cas et des décès des maladies épidémiques","Décès d'ictère fébrile","Nombre","2016","14"
"Evolution des cas et des décès des maladies épidémiques","Décès d'ictère fébrile","Nombre","2017","23"
"Evolution des cas et des décès des maladies épidémiques","Décès d'ictère fébrile","Nombre","2018","24"
"Evolution des cas et des décès des maladies épidémiques","Décès d'ictère fébrile","Nombre","2019","8"
"Evolution des cas et des décès des maladies épidémiques","Décès d'ictère fébrile","Nombre","2020","20"
"Evolution des cas et des décès des maladies épidémiques","Décès d'ictère fébrile","Nombre","2021","16"
"Evolution des cas et des décès des maladies épidémiques","Décès d'ictère fébrile","Nombre","2022","4"
"Evolution des cas et des décès des maladies épidémiques","Décès d'ictère fébrile","Nombre","2023","12"
"Evolution des cas et des décès des maladies épidémiques","Décès d'ictère fébrile","Nombre","2024","8"
"Evolution des cas et des décès des maladies épidémiques","PFA","Nombre","2014","321"
"Evolution des cas et des décès des maladies épidémiques","PFA","Nombre","2015","267"
"Evolution des cas et des décès des maladies épidémiques","PFA","Nombre","2016","274"
"Evolution des cas et des décès des maladies épidémiques","PFA","Nombre","2017","309"
"Evolution des cas et des décès des maladies épidémiques","PFA","Nombre","2018","344"
"Evolution des cas et des décès des maladies épidémiques","PFA","Nombre","2019","261"
"Evolution des cas et des décès des maladies épidémiques","PFA","Nombre","2020","1177"
"Evolution des cas et des décès des maladies épidémiques","PFA","Nombre","2021","1290"
"Evolution des cas et des décès des maladies épidémiques","PFA","Nombre","2022","1279"
"Evolution des cas et des décès des maladies épidémiques","PFA","Nombre","2023","1136"
"Evolution des cas et des décès des maladies épidémiques","PFA","Nombre","2024","1314"
"Evolution des cas et des décès des maladies épidémiques","PFA","Nombre","2014","2"
"Evolution des cas et des décès des maladies épidémiques","PFA","Nombre","2015","0"
"Evolution des cas et des décès des maladies épidémiques","PFA","Nombre","2016","2"
"Evolution des cas et des décès des maladies épidémiques","PFA","Nombre","2017","1"
"Evolution des cas et des décès des maladies épidémiques","PFA","Nombre","2018","1"
"Evolution des cas et des décès des maladies épidémiques","PFA","Nombre","2019","0"
"Evolution des cas et des décès des maladies épidémiques","PFA","Nombre","2020","90"
"Evolution des cas et des décès des maladies épidémiques","PFA","Nombre","2021","1"
"Evolution des cas et des décès des maladies épidémiques","PFA","Nombre","2022","0"
"Evolution des cas et des décès des maladies épidémiques","PFA","Nombre","2023","0"
"Evolution des cas et des décès des maladies épidémiques","PFA","Nombre","2024","2"
"Evolution des cas et des décès des maladies épidémiques","Cas de rougeole","Nombre","2014","2384"
"Evolution des cas et des décès des maladies épidémiques","Cas de rougeole","Nombre","2015","251"
"Evolution des cas et des décès des maladies épidémiques","Cas de rougeole","Nombre","2016","417"
"Evolution des cas et des décès des maladies épidémiques","Cas de rougeole","Nombre","2017","169"
"Evolution des cas et des décès des maladies épidémiques","Cas de rougeole","Nombre","2018","4488"
"Evolution des cas et des décès des maladies épidémiques","Cas de rougeole","Nombre","2019","1148"
"Evolution des cas et des décès des maladies épidémiques","Cas de rougeole","Nombre","2020","2556"
"Evolution des cas et des décès des maladies épidémiques","Cas de rougeole","Nombre","2021","3393"
"Evolution des cas et des décès des maladies épidémiques","Cas de rougeole","Nombre","2022","3735"
"Evolution des cas et des décès des maladies épidémiques","Cas de rougeole","Nombre","2023","2428"
"Evolution des cas et des décès des maladies épidémiques","Cas de rougeole","Nombre","2024","10776"
"Evolution des cas et des décès des maladies épidémiques","Décès de rougeole","Nombre","2014","8"
"Evolution des cas et des décès des maladies épidémiques","Décès de rougeole","Nombre","2015","1"
"Evolution des cas et des décès des maladies épidémiques","Décès de rougeole","Nombre","2016","2"
"Evolution des cas et des décès des maladies épidémiques","Décès de rougeole","Nombre","2017","0"
"Evolution des cas et des décès des maladies épidémiques","Décès de rougeole","Nombre","2018","12"
"Evolution des cas et des décès des maladies épidémiques","Décès de rougeole","Nombre","2019","3"
"Evolution des cas et des décès des maladies épidémiques","Décès de rougeole","Nombre","2020","1"
"Evolution des cas et des décès des maladies épidémiques","Décès de rougeole","Nombre","2021","8"
"Evolution des cas et des décès des maladies épidémiques","Décès de rougeole","Nombre","2022","10"
"Evolution des cas et des décès des maladies épidémiques","Décès de rougeole","Nombre","2023","4"
"Evolution des cas et des décès des maladies épidémiques","Décès de rougeole","Nombre","2024","46"
"Evolution des cas et des décès des maladies épidémiques","Cas de TNN","Nombre","2014","3"
"Evolution des cas et des décès des maladies épidémiques","Cas de TNN","Nombre","2015","0"
"Evolution des cas et des décès des maladies épidémiques","Cas de TNN","Nombre","2016","1"
"Evolution des cas et des décès des maladies épidémiques","Cas de TNN","Nombre","2017","3"
"Evolution des cas et des décès des maladies épidémiques","Cas de TNN","Nombre","2018","3"
"Evolution des cas et des décès des maladies épidémiques","Cas de TNN","Nombre","2019","0"
"Evolution des cas et des décès des maladies épidémiques","Cas de TNN","Nombre","2020","5"
"Evolution des cas et des décès des maladies épidémiques","Cas de TNN","Nombre","2021","5"
"Evolution des cas et des décès des maladies épidémiques","Cas de TNN","Nombre","2022","11"
"Evolution des cas et des décès des maladies épidémiques","Cas de TNN","Nombre","2023","6"
"Evolution des cas et des décès des maladies épidémiques","Cas de TNN","Nombre","2024","7"
"Evolution des cas et des décès des maladies épidémiques","Décès de TNN","Nombre","2014","2"
"Evolution des cas et des décès des maladies épidémiques","Décès de TNN","Nombre","2015","0"
"Evolution des cas et des décès des maladies épidémiques","Décès de TNN","Nombre","2016","1"
"Evolution des cas et des décès des maladies épidémiques","Décès de TNN","Nombre","2017","3"
"Evolution des cas et des décès des maladies épidémiques","Décès de TNN","Nombre","2018","0"
"Evolution des cas et des décès des maladies épidémiques","Décès de TNN","Nombre","2019","0"
"Evolution des cas et des décès des maladies épidémiques","Décès de TNN","Nombre","2020","4"
"Evolution des cas et des décès des maladies épidémiques","Décès de TNN","Nombre","2021","3"
"Evolution des cas et des décès des maladies épidémiques","Décès de TNN","Nombre","2022","7"
"Evolution des cas et des décès des maladies épidémiques","Décès de TNN","Nombre","2023","2"
"Evolution des cas et des décès des maladies épidémiques","Décès de TNN","Nombre","2024","3"
